Initialized native services in: /home/cookie/.gradle/native
Initialized jansi services in: /home/cookie/.gradle/native
Received JVM installation metadata from '/usr/lib/jvm/java-21-openjdk-amd64': {JAVA_HOME=/usr/lib/jvm/java-21-openjdk-amd64, JAVA_VERSION=21.0.10, JAVA_VENDOR=Ubuntu, RUNTIME_NAME=OpenJDK Runtime Environment, RUNTIME_VERSION=21.0.10+7-Ubuntu-124.04, VM_NAME=OpenJDK 64-Bit Server VM, VM_VERSION=21.0.10+7-Ubuntu-124.04, VM_VENDOR=Ubuntu, OS_ARCH=amd64}
Found daemon DaemonInfo{pid=34194, address=[9fa99fc2-b888-448b-9128-96d854e51d9c port:35281, addresses:[/127.0.0.1]], state=Idle, lastBusy=1772661219890, context=DefaultDaemonContext[uid=e091f71a-a652-475f-a52f-64926a26f316,javaHome=/mnt/devhd/dev/android-studio/jbr,javaVersion=21,daemonRegistryDir=/home/cookie/.gradle/daemon,pid=34194,idleTimeout=10800000,priority=NORMAL,applyInstrumentationAgent=true,nativeServicesMode=ENABLED,daemonOpts=--add-opens=java.base/java.util=ALL-UNNAMED,--add-opens=java.base/java.lang=ALL-UNNAMED,--add-opens=java.base/java.lang.invoke=ALL-UNNAMED,--add-opens=java.prefs/java.util.prefs=ALL-UNNAMED,--add-exports=jdk.compiler/com.sun.tools.javac.api=ALL-UNNAMED,--add-exports=jdk.compiler/com.sun.tools.javac.util=ALL-UNNAMED,--add-opens=java.base/java.nio.charset=ALL-UNNAMED,--add-opens=java.base/java.net=ALL-UNNAMED,--add-opens=java.base/java.util.concurrent.atomic=ALL-UNNAMED,-Xmx1536M,-Dfile.encoding=UTF-8,-Duser.country=BR,-Duser.language=pt,-Duser.variant]} however its context does not match the desired criteria.
JVM is incompatible.
Wanted: DaemonRequestContext{jvmCriteria=/usr/lib/jvm/java-21-openjdk-amd64 (no JDK specified, using current Java home), daemonOpts=[--add-opens=java.base/java.util=ALL-UNNAMED, --add-opens=java.base/java.lang=ALL-UNNAMED, --add-opens=java.base/java.lang.invoke=ALL-UNNAMED, --add-opens=java.prefs/java.util.prefs=ALL-UNNAMED, --add-exports=jdk.compiler/com.sun.tools.javac.api=ALL-UNNAMED, --add-exports=jdk.compiler/com.sun.tools.javac.util=ALL-UNNAMED, --add-opens=java.base/java.nio.charset=ALL-UNNAMED, --add-opens=java.base/java.net=ALL-UNNAMED, --add-opens=java.base/java.util.concurrent.atomic=ALL-UNNAMED, -Xmx1536M, -Dfile.encoding=UTF-8, -Duser.country=BR, -Duser.language=pt, -Duser.variant], applyInstrumentationAgent=true, nativeServicesMode=ENABLED, priority=NORMAL}
Actual: DefaultDaemonContext[uid=e091f71a-a652-475f-a52f-64926a26f316,javaHome=/mnt/devhd/dev/android-studio/jbr,javaVersion=21,daemonRegistryDir=/home/cookie/.gradle/daemon,pid=34194,idleTimeout=10800000,priority=NORMAL,applyInstrumentationAgent=true,nativeServicesMode=ENABLED,daemonOpts=--add-opens=java.base/java.util=ALL-UNNAMED,--add-opens=java.base/java.lang=ALL-UNNAMED,--add-opens=java.base/java.lang.invoke=ALL-UNNAMED,--add-opens=java.prefs/java.util.prefs=ALL-UNNAMED,--add-exports=jdk.compiler/com.sun.tools.javac.api=ALL-UNNAMED,--add-exports=jdk.compiler/com.sun.tools.javac.util=ALL-UNNAMED,--add-opens=java.base/java.nio.charset=ALL-UNNAMED,--add-opens=java.base/java.net=ALL-UNNAMED,--add-opens=java.base/java.util.concurrent.atomic=ALL-UNNAMED,-Xmx1536M,-Dfile.encoding=UTF-8,-Duser.country=BR,-Duser.language=pt,-Duser.variant]

  Looking for a different daemon...
The client will now receive all logging from the daemon (pid: 43341). The daemon log file: /home/cookie/.gradle/daemon/8.9/daemon-43341.out.log
Starting 5th build in daemon [uptime: 29 mins 7.767 secs, performance: 95%, GC rate: 0.00/s, heap usage: 0% of 1.5 GiB]
Using 8 worker leases.
Now considering [/home/cookie/Documents/Projetos/max2d-player-main/android, /mnt/devhd/flutter/packages/flutter_tools/gradle] as hierarchies to watch
Watching the file system is configured to be enabled if available
File system watching is active
Starting Build
Now considering [/mnt/devhd/flutter/packages/flutter_tools/gradle, /home/cookie/Documents/Projetos/max2d-player-main/android] as hierarchies to watch

> Configure project :gradle
Evaluating project ':gradle' using build file '/mnt/devhd/flutter/packages/flutter_tools/gradle/build.gradle.kts'.
Transforming gradle-kotlin-dsl-plugins-4.4.0.jar (org.gradle.kotlin:gradle-kotlin-dsl-plugins:4.4.0) with InstrumentationAnalysisTransform
Transforming kotlin-stdlib-1.9.23.jar (org.jetbrains.kotlin:kotlin-stdlib:1.9.23) with InstrumentationAnalysisTransform
Transforming annotations-13.0.jar (org.jetbrains:annotations:13.0) with InstrumentationAnalysisTransform
Transforming kotlin-sam-with-receiver-1.9.23-gradle82.jar (org.jetbrains.kotlin:kotlin-sam-with-receiver:1.9.23) with InstrumentationAnalysisTransform
Transforming kotlin-assignment-1.9.23-gradle82.jar (org.jetbrains.kotlin:kotlin-assignment:1.9.23) with InstrumentationAnalysisTransform
Transforming kotlin-gradle-plugin-model-1.9.23.jar (org.jetbrains.kotlin:kotlin-gradle-plugin-model:1.9.23) with InstrumentationAnalysisTransform
Transforming kotlin-gradle-plugin-api-1.9.23.jar (org.jetbrains.kotlin:kotlin-gradle-plugin-api:1.9.23) with InstrumentationAnalysisTransform
Transforming kotlin-gradle-plugin-api-1.9.23-gradle82.jar (org.jetbrains.kotlin:kotlin-gradle-plugin-api:1.9.23) with InstrumentationAnalysisTransform
Transforming kotlin-gradle-plugin-1.9.23-gradle82.jar (org.jetbrains.kotlin:kotlin-gradle-plugin:1.9.23) with InstrumentationAnalysisTransform
Transforming kotlin-gradle-plugin-idea-proto-1.9.23.jar (org.jetbrains.kotlin:kotlin-gradle-plugin-idea-proto:1.9.23) with InstrumentationAnalysisTransform
Transforming kotlin-gradle-plugin-idea-1.9.23.jar (org.jetbrains.kotlin:kotlin-gradle-plugin-idea:1.9.23) with InstrumentationAnalysisTransform
Transforming kotlin-klib-commonizer-api-1.9.23.jar (org.jetbrains.kotlin:kotlin-klib-commonizer-api:1.9.23) with InstrumentationAnalysisTransform
Transforming kotlin-native-utils-1.9.23.jar (org.jetbrains.kotlin:kotlin-native-utils:1.9.23) with InstrumentationAnalysisTransform
Transforming kotlin-util-klib-1.9.23.jar (org.jetbrains.kotlin:kotlin-util-klib:1.9.23) with InstrumentationAnalysisTransform
Transforming kotlin-build-tools-api-1.9.23.jar (org.jetbrains.kotlin:kotlin-build-tools-api:1.9.23) with InstrumentationAnalysisTransform
Transforming kotlin-android-extensions-1.9.23.jar (org.jetbrains.kotlin:kotlin-android-extensions:1.9.23) with InstrumentationAnalysisTransform
Transforming kotlin-compiler-runner-1.9.23.jar (org.jetbrains.kotlin:kotlin-compiler-runner:1.9.23) with InstrumentationAnalysisTransform
Transforming kotlin-compiler-embeddable-1.9.23.jar (org.jetbrains.kotlin:kotlin-compiler-embeddable:1.9.23) with InstrumentationAnalysisTransform
Transforming kotlin-scripting-compiler-embeddable-1.9.23.jar (org.jetbrains.kotlin:kotlin-scripting-compiler-embeddable:1.9.23) with InstrumentationAnalysisTransform
Transforming kotlin-scripting-compiler-impl-embeddable-1.9.23.jar (org.jetbrains.kotlin:kotlin-scripting-compiler-impl-embeddable:1.9.23) with InstrumentationAnalysisTransform
Transforming kotlin-gradle-plugin-annotations-1.9.23.jar (org.jetbrains.kotlin:kotlin-gradle-plugin-annotations:1.9.23) with InstrumentationAnalysisTransform
Transforming kotlin-project-model-1.9.23.jar (org.jetbrains.kotlin:kotlin-project-model:1.9.23) with InstrumentationAnalysisTransform
Transforming kotlin-tooling-core-1.9.23.jar (org.jetbrains.kotlin:kotlin-tooling-core:1.9.23) with InstrumentationAnalysisTransform
Transforming kotlin-util-io-1.9.23.jar (org.jetbrains.kotlin:kotlin-util-io:1.9.23) with InstrumentationAnalysisTransform
Transforming kotlin-daemon-embeddable-1.9.23.jar (org.jetbrains.kotlin:kotlin-daemon-embeddable:1.9.23) with InstrumentationAnalysisTransform
Transforming trove4j-1.0.20200330.jar (org.jetbrains.intellij.deps:trove4j:1.0.20200330) with InstrumentationAnalysisTransform
Transforming kotlin-daemon-client-1.9.23.jar (org.jetbrains.kotlin:kotlin-daemon-client:1.9.23) with InstrumentationAnalysisTransform
Transforming kotlinx-coroutines-core-jvm-1.5.0.jar (org.jetbrains.kotlinx:kotlinx-coroutines-core-jvm:1.5.0) with InstrumentationAnalysisTransform
Transforming kotlin-scripting-jvm-1.9.23.jar (org.jetbrains.kotlin:kotlin-scripting-jvm:1.9.23) with InstrumentationAnalysisTransform
Transforming kotlin-scripting-common-1.9.23.jar (org.jetbrains.kotlin:kotlin-scripting-common:1.9.23) with InstrumentationAnalysisTransform
Transforming gradle-kotlin-dsl-plugins-4.4.0.jar (org.gradle.kotlin:gradle-kotlin-dsl-plugins:4.4.0) with InstrumentationAnalysisTransform
Transforming gradle-kotlin-dsl-plugins-4.4.0.jar (org.gradle.kotlin:gradle-kotlin-dsl-plugins:4.4.0) with MergeInstrumentationAnalysisTransform
Transforming kotlin-stdlib-1.9.23.jar (org.jetbrains.kotlin:kotlin-stdlib:1.9.23) with InstrumentationAnalysisTransform
Transforming kotlin-stdlib-1.9.23.jar (org.jetbrains.kotlin:kotlin-stdlib:1.9.23) with MergeInstrumentationAnalysisTransform
Transforming annotations-13.0.jar (org.jetbrains:annotations:13.0) with InstrumentationAnalysisTransform
Transforming gradle-kotlin-dsl-plugins-4.4.0.jar (org.gradle.kotlin:gradle-kotlin-dsl-plugins:4.4.0) with ExternalDependencyInstrumentingArtifactTransform
Transforming annotations-13.0.jar (org.jetbrains:annotations:13.0) with MergeInstrumentationAnalysisTransform
Transforming kotlin-stdlib-1.9.23.jar (org.jetbrains.kotlin:kotlin-stdlib:1.9.23) with ExternalDependencyInstrumentingArtifactTransform
Transforming kotlin-sam-with-receiver-1.9.23-gradle82.jar (org.jetbrains.kotlin:kotlin-sam-with-receiver:1.9.23) with InstrumentationAnalysisTransform
Transforming kotlin-sam-with-receiver-1.9.23-gradle82.jar (org.jetbrains.kotlin:kotlin-sam-with-receiver:1.9.23) with MergeInstrumentationAnalysisTransform
Transforming annotations-13.0.jar (org.jetbrains:annotations:13.0) with ExternalDependencyInstrumentingArtifactTransform
Transforming kotlin-assignment-1.9.23-gradle82.jar (org.jetbrains.kotlin:kotlin-assignment:1.9.23) with InstrumentationAnalysisTransform
Transforming kotlin-assignment-1.9.23-gradle82.jar (org.jetbrains.kotlin:kotlin-assignment:1.9.23) with MergeInstrumentationAnalysisTransform
Transforming kotlin-sam-with-receiver-1.9.23-gradle82.jar (org.jetbrains.kotlin:kotlin-sam-with-receiver:1.9.23) with ExternalDependencyInstrumentingArtifactTransform
Transforming kotlin-gradle-plugin-model-1.9.23.jar (org.jetbrains.kotlin:kotlin-gradle-plugin-model:1.9.23) with InstrumentationAnalysisTransform
Transforming kotlin-gradle-plugin-model-1.9.23.jar (org.jetbrains.kotlin:kotlin-gradle-plugin-model:1.9.23) with MergeInstrumentationAnalysisTransform
Transforming kotlin-assignment-1.9.23-gradle82.jar (org.jetbrains.kotlin:kotlin-assignment:1.9.23) with ExternalDependencyInstrumentingArtifactTransform
Transforming kotlin-gradle-plugin-api-1.9.23.jar (org.jetbrains.kotlin:kotlin-gradle-plugin-api:1.9.23) with InstrumentationAnalysisTransform
Transforming kotlin-gradle-plugin-model-1.9.23.jar (org.jetbrains.kotlin:kotlin-gradle-plugin-model:1.9.23) with ExternalDependencyInstrumentingArtifactTransform
Transforming kotlin-gradle-plugin-api-1.9.23.jar (org.jetbrains.kotlin:kotlin-gradle-plugin-api:1.9.23) with MergeInstrumentationAnalysisTransform
Transforming kotlin-gradle-plugin-api-1.9.23-gradle82.jar (org.jetbrains.kotlin:kotlin-gradle-plugin-api:1.9.23) with InstrumentationAnalysisTransform
Transforming kotlin-gradle-plugin-api-1.9.23-gradle82.jar (org.jetbrains.kotlin:kotlin-gradle-plugin-api:1.9.23) with MergeInstrumentationAnalysisTransform
Transforming kotlin-gradle-plugin-api-1.9.23.jar (org.jetbrains.kotlin:kotlin-gradle-plugin-api:1.9.23) with ExternalDependencyInstrumentingArtifactTransform
Transforming kotlin-gradle-plugin-1.9.23-gradle82.jar (org.jetbrains.kotlin:kotlin-gradle-plugin:1.9.23) with InstrumentationAnalysisTransform
Transforming kotlin-gradle-plugin-1.9.23-gradle82.jar (org.jetbrains.kotlin:kotlin-gradle-plugin:1.9.23) with MergeInstrumentationAnalysisTransform
Transforming kotlin-gradle-plugin-idea-proto-1.9.23.jar (org.jetbrains.kotlin:kotlin-gradle-plugin-idea-proto:1.9.23) with InstrumentationAnalysisTransform
Transforming kotlin-gradle-plugin-api-1.9.23-gradle82.jar (org.jetbrains.kotlin:kotlin-gradle-plugin-api:1.9.23) with ExternalDependencyInstrumentingArtifactTransform
Transforming kotlin-gradle-plugin-idea-proto-1.9.23.jar (org.jetbrains.kotlin:kotlin-gradle-plugin-idea-proto:1.9.23) with MergeInstrumentationAnalysisTransform
Transforming kotlin-gradle-plugin-idea-1.9.23.jar (org.jetbrains.kotlin:kotlin-gradle-plugin-idea:1.9.23) with InstrumentationAnalysisTransform
Transforming kotlin-gradle-plugin-idea-1.9.23.jar (org.jetbrains.kotlin:kotlin-gradle-plugin-idea:1.9.23) with MergeInstrumentationAnalysisTransform
Transforming kotlin-klib-commonizer-api-1.9.23.jar (org.jetbrains.kotlin:kotlin-klib-commonizer-api:1.9.23) with InstrumentationAnalysisTransform
Transforming kotlin-klib-commonizer-api-1.9.23.jar (org.jetbrains.kotlin:kotlin-klib-commonizer-api:1.9.23) with MergeInstrumentationAnalysisTransform
Transforming kotlin-native-utils-1.9.23.jar (org.jetbrains.kotlin:kotlin-native-utils:1.9.23) with InstrumentationAnalysisTransform
Transforming kotlin-native-utils-1.9.23.jar (org.jetbrains.kotlin:kotlin-native-utils:1.9.23) with MergeInstrumentationAnalysisTransform
Transforming kotlin-util-klib-1.9.23.jar (org.jetbrains.kotlin:kotlin-util-klib:1.9.23) with InstrumentationAnalysisTransform
Transforming kotlin-util-klib-1.9.23.jar (org.jetbrains.kotlin:kotlin-util-klib:1.9.23) with MergeInstrumentationAnalysisTransform
Transforming kotlin-build-tools-api-1.9.23.jar (org.jetbrains.kotlin:kotlin-build-tools-api:1.9.23) with InstrumentationAnalysisTransform
Transforming kotlin-build-tools-api-1.9.23.jar (org.jetbrains.kotlin:kotlin-build-tools-api:1.9.23) with MergeInstrumentationAnalysisTransform
Transforming kotlin-android-extensions-1.9.23.jar (org.jetbrains.kotlin:kotlin-android-extensions:1.9.23) with InstrumentationAnalysisTransform
Transforming kotlin-android-extensions-1.9.23.jar (org.jetbrains.kotlin:kotlin-android-extensions:1.9.23) with MergeInstrumentationAnalysisTransform
Transforming kotlin-compiler-runner-1.9.23.jar (org.jetbrains.kotlin:kotlin-compiler-runner:1.9.23) with InstrumentationAnalysisTransform
Transforming kotlin-compiler-runner-1.9.23.jar (org.jetbrains.kotlin:kotlin-compiler-runner:1.9.23) with MergeInstrumentationAnalysisTransform
Transforming kotlin-compiler-embeddable-1.9.23.jar (org.jetbrains.kotlin:kotlin-compiler-embeddable:1.9.23) with InstrumentationAnalysisTransform
Transforming kotlin-compiler-embeddable-1.9.23.jar (org.jetbrains.kotlin:kotlin-compiler-embeddable:1.9.23) with MergeInstrumentationAnalysisTransform
Transforming kotlin-scripting-compiler-embeddable-1.9.23.jar (org.jetbrains.kotlin:kotlin-scripting-compiler-embeddable:1.9.23) with InstrumentationAnalysisTransform
Transforming kotlin-scripting-compiler-embeddable-1.9.23.jar (org.jetbrains.kotlin:kotlin-scripting-compiler-embeddable:1.9.23) with MergeInstrumentationAnalysisTransform
Transforming kotlin-scripting-compiler-impl-embeddable-1.9.23.jar (org.jetbrains.kotlin:kotlin-scripting-compiler-impl-embeddable:1.9.23) with InstrumentationAnalysisTransform
Transforming kotlin-scripting-compiler-impl-embeddable-1.9.23.jar (org.jetbrains.kotlin:kotlin-scripting-compiler-impl-embeddable:1.9.23) with MergeInstrumentationAnalysisTransform
Transforming kotlin-gradle-plugin-annotations-1.9.23.jar (org.jetbrains.kotlin:kotlin-gradle-plugin-annotations:1.9.23) with InstrumentationAnalysisTransform
Transforming kotlin-gradle-plugin-annotations-1.9.23.jar (org.jetbrains.kotlin:kotlin-gradle-plugin-annotations:1.9.23) with MergeInstrumentationAnalysisTransform
Transforming kotlin-project-model-1.9.23.jar (org.jetbrains.kotlin:kotlin-project-model:1.9.23) with InstrumentationAnalysisTransform
Transforming kotlin-project-model-1.9.23.jar (org.jetbrains.kotlin:kotlin-project-model:1.9.23) with MergeInstrumentationAnalysisTransform
Transforming kotlin-tooling-core-1.9.23.jar (org.jetbrains.kotlin:kotlin-tooling-core:1.9.23) with InstrumentationAnalysisTransform
Transforming kotlin-tooling-core-1.9.23.jar (org.jetbrains.kotlin:kotlin-tooling-core:1.9.23) with MergeInstrumentationAnalysisTransform
Transforming kotlin-util-io-1.9.23.jar (org.jetbrains.kotlin:kotlin-util-io:1.9.23) with InstrumentationAnalysisTransform
Transforming kotlin-util-io-1.9.23.jar (org.jetbrains.kotlin:kotlin-util-io:1.9.23) with MergeInstrumentationAnalysisTransform
Transforming kotlin-daemon-embeddable-1.9.23.jar (org.jetbrains.kotlin:kotlin-daemon-embeddable:1.9.23) with InstrumentationAnalysisTransform
Transforming kotlin-daemon-embeddable-1.9.23.jar (org.jetbrains.kotlin:kotlin-daemon-embeddable:1.9.23) with MergeInstrumentationAnalysisTransform
Transforming trove4j-1.0.20200330.jar (org.jetbrains.intellij.deps:trove4j:1.0.20200330) with InstrumentationAnalysisTransform
Transforming trove4j-1.0.20200330.jar (org.jetbrains.intellij.deps:trove4j:1.0.20200330) with MergeInstrumentationAnalysisTransform
Transforming kotlin-daemon-client-1.9.23.jar (org.jetbrains.kotlin:kotlin-daemon-client:1.9.23) with InstrumentationAnalysisTransform
Transforming kotlin-daemon-client-1.9.23.jar (org.jetbrains.kotlin:kotlin-daemon-client:1.9.23) with MergeInstrumentationAnalysisTransform
Transforming kotlinx-coroutines-core-jvm-1.5.0.jar (org.jetbrains.kotlinx:kotlinx-coroutines-core-jvm:1.5.0) with InstrumentationAnalysisTransform
Transforming kotlinx-coroutines-core-jvm-1.5.0.jar (org.jetbrains.kotlinx:kotlinx-coroutines-core-jvm:1.5.0) with MergeInstrumentationAnalysisTransform
Transforming kotlin-scripting-jvm-1.9.23.jar (org.jetbrains.kotlin:kotlin-scripting-jvm:1.9.23) with InstrumentationAnalysisTransform
Transforming kotlin-scripting-jvm-1.9.23.jar (org.jetbrains.kotlin:kotlin-scripting-jvm:1.9.23) with MergeInstrumentationAnalysisTransform
Transforming kotlin-scripting-common-1.9.23.jar (org.jetbrains.kotlin:kotlin-scripting-common:1.9.23) with InstrumentationAnalysisTransform
Transforming kotlin-gradle-plugin-1.9.23-gradle82.jar (org.jetbrains.kotlin:kotlin-gradle-plugin:1.9.23) with ExternalDependencyInstrumentingArtifactTransform
Transforming kotlin-build-tools-api-1.9.23.jar (org.jetbrains.kotlin:kotlin-build-tools-api:1.9.23) with ExternalDependencyInstrumentingArtifactTransform
Transforming kotlin-util-klib-1.9.23.jar (org.jetbrains.kotlin:kotlin-util-klib:1.9.23) with ExternalDependencyInstrumentingArtifactTransform
Transforming kotlin-android-extensions-1.9.23.jar (org.jetbrains.kotlin:kotlin-android-extensions:1.9.23) with ExternalDependencyInstrumentingArtifactTransform
Transforming kotlin-compiler-embeddable-1.9.23.jar (org.jetbrains.kotlin:kotlin-compiler-embeddable:1.9.23) with ExternalDependencyInstrumentingArtifactTransform
Transforming kotlin-scripting-compiler-embeddable-1.9.23.jar (org.jetbrains.kotlin:kotlin-scripting-compiler-embeddable:1.9.23) with ExternalDependencyInstrumentingArtifactTransform
Transforming kotlin-scripting-compiler-impl-embeddable-1.9.23.jar (org.jetbrains.kotlin:kotlin-scripting-compiler-impl-embeddable:1.9.23) with ExternalDependencyInstrumentingArtifactTransform
Transforming kotlin-gradle-plugin-annotations-1.9.23.jar (org.jetbrains.kotlin:kotlin-gradle-plugin-annotations:1.9.23) with ExternalDependencyInstrumentingArtifactTransform
Transforming kotlin-project-model-1.9.23.jar (org.jetbrains.kotlin:kotlin-project-model:1.9.23) with ExternalDependencyInstrumentingArtifactTransform
Transforming kotlin-tooling-core-1.9.23.jar (org.jetbrains.kotlin:kotlin-tooling-core:1.9.23) with ExternalDependencyInstrumentingArtifactTransform
Transforming kotlin-util-io-1.9.23.jar (org.jetbrains.kotlin:kotlin-util-io:1.9.23) with ExternalDependencyInstrumentingArtifactTransform
Transforming kotlin-daemon-embeddable-1.9.23.jar (org.jetbrains.kotlin:kotlin-daemon-embeddable:1.9.23) with ExternalDependencyInstrumentingArtifactTransform
Transforming trove4j-1.0.20200330.jar (org.jetbrains.intellij.deps:trove4j:1.0.20200330) with ExternalDependencyInstrumentingArtifactTransform
Transforming kotlin-daemon-client-1.9.23.jar (org.jetbrains.kotlin:kotlin-daemon-client:1.9.23) with ExternalDependencyInstrumentingArtifactTransform
Transforming kotlinx-coroutines-core-jvm-1.5.0.jar (org.jetbrains.kotlinx:kotlinx-coroutines-core-jvm:1.5.0) with ExternalDependencyInstrumentingArtifactTransform
Transforming kotlin-scripting-jvm-1.9.23.jar (org.jetbrains.kotlin:kotlin-scripting-jvm:1.9.23) with ExternalDependencyInstrumentingArtifactTransform
Transforming kotlin-native-utils-1.9.23.jar (org.jetbrains.kotlin:kotlin-native-utils:1.9.23) with ExternalDependencyInstrumentingArtifactTransform
Transforming kotlin-gradle-plugin-idea-proto-1.9.23.jar (org.jetbrains.kotlin:kotlin-gradle-plugin-idea-proto:1.9.23) with ExternalDependencyInstrumentingArtifactTransform
Transforming kotlin-gradle-plugin-idea-1.9.23.jar (org.jetbrains.kotlin:kotlin-gradle-plugin-idea:1.9.23) with ExternalDependencyInstrumentingArtifactTransform
Transforming kotlin-scripting-common-1.9.23.jar (org.jetbrains.kotlin:kotlin-scripting-common:1.9.23) with MergeInstrumentationAnalysisTransform
Transforming kotlin-klib-commonizer-api-1.9.23.jar (org.jetbrains.kotlin:kotlin-klib-commonizer-api:1.9.23) with ExternalDependencyInstrumentingArtifactTransform
Transforming kotlin-scripting-common-1.9.23.jar (org.jetbrains.kotlin:kotlin-scripting-common:1.9.23) with ExternalDependencyInstrumentingArtifactTransform
Transforming kotlin-compiler-runner-1.9.23.jar (org.jetbrains.kotlin:kotlin-compiler-runner:1.9.23) with ExternalDependencyInstrumentingArtifactTransform
Using Kotlin Gradle Plugin gradle82 variant
kotlin scripting plugin: created the scripting discovery configuration: kotlinScriptDef
kotlin scripting plugin: created the scripting discovery configuration: testKotlinScriptDef
file or directory '/mnt/devhd/flutter/packages/flutter_tools/gradle/src/main/java', not found
Resolve mutations for :gradle:checkKotlinGradlePluginConfigurationErrors (Thread[#527,Execution worker,5,main]) started.
:gradle:checkKotlinGradlePluginConfigurationErrors (Thread[#527,Execution worker,5,main]) started.

> Task :gradle:checkKotlinGradlePluginConfigurationErrors
Caching disabled for task ':gradle:checkKotlinGradlePluginConfigurationErrors' because:
  Build cache is disabled
Task ':gradle:checkKotlinGradlePluginConfigurationErrors' is not up-to-date because:
  Task has not declared any outputs despite executing actions.
Resolve mutations for :gradle:compileKotlin (Thread[#527,Execution worker,5,main]) started.
:gradle:compileKotlin (Thread[#527,Execution worker,5,main]) started.

> Task :gradle:compileKotlin UP-TO-DATE
Transforming gradle-api-8.9.jar with ClasspathEntrySnapshotTransform
Transforming groovy-3.0.21.jar with ClasspathEntrySnapshotTransform
Transforming groovy-ant-3.0.21.jar with ClasspathEntrySnapshotTransform
Transforming groovy-astbuilder-3.0.21.jar with ClasspathEntrySnapshotTransform
Transforming groovy-console-3.0.21.jar with ClasspathEntrySnapshotTransform
Transforming groovy-datetime-3.0.21.jar with ClasspathEntrySnapshotTransform
Transforming groovy-dateutil-3.0.21.jar with ClasspathEntrySnapshotTransform
Transforming groovy-groovydoc-3.0.21.jar with ClasspathEntrySnapshotTransform
Transforming groovy-json-3.0.21.jar with ClasspathEntrySnapshotTransform
Transforming groovy-nio-3.0.21.jar with ClasspathEntrySnapshotTransform
Transforming groovy-sql-3.0.21.jar with ClasspathEntrySnapshotTransform
Transforming groovy-templates-3.0.21.jar with ClasspathEntrySnapshotTransform
Transforming groovy-test-3.0.21.jar with ClasspathEntrySnapshotTransform
Transforming groovy-xml-3.0.21.jar with ClasspathEntrySnapshotTransform
Transforming javaparser-core-3.17.0.jar with ClasspathEntrySnapshotTransform
Transforming kotlin-reflect-1.9.23.jar with ClasspathEntrySnapshotTransform
Transforming kotlin-stdlib-1.9.23.jar with ClasspathEntrySnapshotTransform
Transforming gradle-installation-beacon-8.9.jar with ClasspathEntrySnapshotTransform
Transforming gradle-kotlin-dsl-extensions-8.9.jar with ClasspathEntrySnapshotTransform
Transforming gradle-kotlin-dsl-8.9.jar with ClasspathEntrySnapshotTransform
Transforming gradle-kotlin-dsl-shared-runtime-8.9.jar with ClasspathEntrySnapshotTransform
Transforming gradle-kotlin-dsl-tooling-models-8.9.jar with ClasspathEntrySnapshotTransform
Transforming annotation-jvm-1.9.1.jar with ClasspathEntrySnapshotTransform
Transforming gradle-8.11.1.jar with ClasspathEntrySnapshotTransform
Transforming kotlin-reflect-1.9.23.jar with ClasspathEntrySnapshotTransform
Transforming kotlinx-serialization-json-jvm-1.4.0.jar with ClasspathEntrySnapshotTransform
Transforming kotlinx-serialization-core-jvm-1.4.0.jar with ClasspathEntrySnapshotTransform
Transforming kotlin-stdlib-jdk8-1.8.0.jar with ClasspathEntrySnapshotTransform
Transforming kotlin-stdlib-jdk7-1.8.0.jar with ClasspathEntrySnapshotTransform
Transforming kotlin-stdlib-1.9.24.jar with ClasspathEntrySnapshotTransform
Transforming kotlin-gradle-plugin-1.8.0-gradle76.jar with ClasspathEntrySnapshotTransform
Transforming builder-8.11.1.jar with ClasspathEntrySnapshotTransform
Transforming builder-model-8.11.1.jar with ClasspathEntrySnapshotTransform
Transforming gradle-api-8.11.1.jar with ClasspathEntrySnapshotTransform
Transforming kotlin-gradle-plugin-model-1.8.0.jar with ClasspathEntrySnapshotTransform
Transforming kotlin-gradle-plugin-api-1.8.0-gradle76.jar with ClasspathEntrySnapshotTransform
Transforming kotlin-gradle-plugin-api-1.8.0.jar with ClasspathEntrySnapshotTransform
Transforming kotlin-tooling-core-1.8.0.jar with ClasspathEntrySnapshotTransform
Transforming annotations-13.0.jar with ClasspathEntrySnapshotTransform
Transforming manifest-merger-31.11.1.jar with ClasspathEntrySnapshotTransform
Transforming zipflinger-8.11.1.jar with ClasspathEntrySnapshotTransform
Transforming apksig-8.11.1.jar with ClasspathEntrySnapshotTransform
Transforming apkzlib-8.11.1.jar with ClasspathEntrySnapshotTransform
Transforming javawriter-2.5.0.jar with ClasspathEntrySnapshotTransform
Transforming asm-9.7.1.jar with ClasspathEntrySnapshotTransform
Transforming kotlin-native-utils-1.8.0.jar with ClasspathEntrySnapshotTransform
Transforming kotlin-project-model-1.8.0.jar with ClasspathEntrySnapshotTransform
Transforming kotlin-util-io-1.8.0.jar with ClasspathEntrySnapshotTransform
Caching disabled for task ':gradle:compileKotlin' because:
  Build cache is disabled
Skipping task ':gradle:compileKotlin' as it is up-to-date.
Resolve mutations for :gradle:compileJava (Thread[#527,Execution worker,5,main]) started.
:gradle:compileJava (Thread[#527,Execution worker,5,main]) started.

> Task :gradle:compileJava NO-SOURCE
Skipping task ':gradle:compileJava' as it has no source files and no previous output files.
Resolve mutations for :gradle:compileGroovy (Thread[#527,Execution worker,5,main]) started.
:gradle:compileGroovy (Thread[#527,Execution worker,5,main]) started.

> Task :gradle:compileGroovy NO-SOURCE
Skipping task ':gradle:compileGroovy' as it has no source files and no previous output files.
Resolve mutations for :gradle:pluginDescriptors (Thread[#527,Execution worker,5,main]) started.
:gradle:pluginDescriptors (Thread[#527,Execution worker,5,main]) started.

> Task :gradle:pluginDescriptors UP-TO-DATE
Caching disabled for task ':gradle:pluginDescriptors' because:
  Build cache is disabled
  Not worth caching
Skipping task ':gradle:pluginDescriptors' as it is up-to-date.
Resolve mutations for :gradle:processResources (Thread[#527,Execution worker,5,main]) started.
:gradle:processResources (Thread[#527,Execution worker,5,main]) started.

> Task :gradle:processResources UP-TO-DATE
Caching disabled for task ':gradle:processResources' because:
  Build cache is disabled
  Not worth caching
Skipping task ':gradle:processResources' as it is up-to-date.
Resolve mutations for :gradle:classes (Thread[#528,Execution worker Thread 2,5,main]) started.
:gradle:classes (Thread[#528,Execution worker Thread 2,5,main]) started.

> Task :gradle:classes UP-TO-DATE
Skipping task ':gradle:classes' as it has no actions.
Resolve mutations for :gradle:jar (Thread[#528,Execution worker Thread 2,5,main]) started.
:gradle:jar (Thread[#528,Execution worker Thread 2,5,main]) started.

> Task :gradle:jar UP-TO-DATE
Caching disabled for task ':gradle:jar' because:
  Build cache is disabled
  Not worth caching
Skipping task ':gradle:jar' as it is up-to-date.
Transforming kotlin-gradle-plugin-model-1.9.0.jar (org.jetbrains.kotlin:kotlin-gradle-plugin-model:1.9.0) with InstrumentationAnalysisTransform
Transforming kotlin-gradle-plugin-api-1.9.0-gradle81.jar (org.jetbrains.kotlin:kotlin-gradle-plugin-api:1.9.0) with InstrumentationAnalysisTransform
Transforming kotlin-gradle-plugin-api-1.9.0.jar (org.jetbrains.kotlin:kotlin-gradle-plugin-api:1.9.0) with InstrumentationAnalysisTransform
Transforming kotlin-gradle-plugin-1.9.0-gradle81.jar (org.jetbrains.kotlin:kotlin-gradle-plugin:1.9.0) with InstrumentationAnalysisTransform
Transforming gradle-8.2.1.jar (com.android.tools.build:gradle:8.2.1) with InstrumentationAnalysisTransform
Transforming kotlinx-serialization-json-jvm-1.4.0.jar (org.jetbrains.kotlinx:kotlinx-serialization-json-jvm:1.4.0) with InstrumentationAnalysisTransform
Transforming gradle-settings-api-8.2.1.jar (com.android.tools.build:gradle-settings-api:8.2.1) with InstrumentationAnalysisTransform
Transforming lint-model-31.2.1.jar (com.android.tools.lint:lint-model:31.2.1) with InstrumentationAnalysisTransform
Transforming builder-8.2.1.jar (com.android.tools.build:builder:8.2.1) with InstrumentationAnalysisTransform
Transforming manifest-merger-31.2.1.jar (com.android.tools.build:manifest-merger:31.2.1) with InstrumentationAnalysisTransform
Transforming sdk-common-31.2.1.jar (com.android.tools:sdk-common:31.2.1) with InstrumentationAnalysisTransform
Transforming sdklib-31.2.1.jar (com.android.tools:sdklib:31.2.1) with InstrumentationAnalysisTransform
Transforming repository-31.2.1.jar (com.android.tools:repository:31.2.1) with InstrumentationAnalysisTransform
Transforming gradle-api-8.2.1.jar (com.android.tools.build:gradle-api:8.2.1) with InstrumentationAnalysisTransform
Transforming builder-test-api-8.2.1.jar (com.android.tools.build:builder-test-api:8.2.1) with InstrumentationAnalysisTransform
Transforming ddmlib-31.2.1.jar (com.android.tools.ddms:ddmlib:31.2.1) with InstrumentationAnalysisTransform
Transforming aaptcompiler-8.2.1.jar (com.android.tools.build:aaptcompiler:8.2.1) with InstrumentationAnalysisTransform
Transforming bundletool-1.15.2.jar (com.android.tools.build:bundletool:1.15.2) with InstrumentationAnalysisTransform
Transforming aapt2-proto-8.2.1-10154469.jar (com.android.tools.build:aapt2-proto:8.2.1-10154469) with InstrumentationAnalysisTransform
Transforming crash-31.2.1.jar (com.android.tools.analytics-library:crash:31.2.1) with InstrumentationAnalysisTransform
Transforming tracker-31.2.1.jar (com.android.tools.analytics-library:tracker:31.2.1) with InstrumentationAnalysisTransform
Transforming shared-31.2.1.jar (com.android.tools.analytics-library:shared:31.2.1) with InstrumentationAnalysisTransform
Transforming lint-typedef-remover-31.2.1.jar (com.android.tools.lint:lint-typedef-remover:31.2.1) with InstrumentationAnalysisTransform
Transforming databinding-compiler-common-8.2.1.jar (androidx.databinding:databinding-compiler-common:8.2.1) with InstrumentationAnalysisTransform
Transforming databinding-common-8.2.1.jar (androidx.databinding:databinding-common:8.2.1) with InstrumentationAnalysisTransform
Transforming baseLibrary-8.2.1.jar (com.android.databinding:baseLibrary:8.2.1) with InstrumentationAnalysisTransform
Transforming layoutlib-api-31.2.1.jar (com.android.tools.layoutlib:layoutlib-api:31.2.1) with InstrumentationAnalysisTransform
Transforming android-device-provider-ddmlib-proto-31.2.1.jar (com.android.tools.utp:android-device-provider-ddmlib-proto:31.2.1) with InstrumentationAnalysisTransform
Transforming android-device-provider-gradle-proto-31.2.1.jar (com.android.tools.utp:android-device-provider-gradle-proto:31.2.1) with InstrumentationAnalysisTransform
Transforming android-test-plugin-host-additional-test-output-proto-31.2.1.jar (com.android.tools.utp:android-test-plugin-host-additional-test-output-proto:31.2.1) with InstrumentationAnalysisTransform
Transforming android-test-plugin-host-coverage-proto-31.2.1.jar (com.android.tools.utp:android-test-plugin-host-coverage-proto:31.2.1) with InstrumentationAnalysisTransform
Transforming android-test-plugin-host-emulator-control-proto-31.2.1.jar (com.android.tools.utp:android-test-plugin-host-emulator-control-proto:31.2.1) with InstrumentationAnalysisTransform
Transforming android-test-plugin-host-logcat-proto-31.2.1.jar (com.android.tools.utp:android-test-plugin-host-logcat-proto:31.2.1) with InstrumentationAnalysisTransform
Transforming android-test-plugin-host-apk-installer-proto-31.2.1.jar (com.android.tools.utp:android-test-plugin-host-apk-installer-proto:31.2.1) with InstrumentationAnalysisTransform
Transforming android-test-plugin-host-retention-proto-31.2.1.jar (com.android.tools.utp:android-test-plugin-host-retention-proto:31.2.1) with InstrumentationAnalysisTransform
Transforming android-test-plugin-result-listener-gradle-proto-31.2.1.jar (com.android.tools.utp:android-test-plugin-result-listener-gradle-proto:31.2.1) with InstrumentationAnalysisTransform
Transforming builder-model-8.2.1.jar (com.android.tools.build:builder-model:8.2.1) with InstrumentationAnalysisTransform
Transforming dvlib-31.2.1.jar (com.android.tools:dvlib:31.2.1) with InstrumentationAnalysisTransform
Transforming common-31.2.1.jar (com.android.tools:common:31.2.1) with InstrumentationAnalysisTransform
Transforming kotlinx-serialization-core-jvm-1.4.0.jar (org.jetbrains.kotlinx:kotlinx-serialization-core-jvm:1.4.0) with InstrumentationAnalysisTransform
Transforming kotlin-stdlib-jdk8-1.9.0.jar (org.jetbrains.kotlin:kotlin-stdlib-jdk8:1.9.0) with InstrumentationAnalysisTransform
Transforming transform-api-2.0.0-deprecated-use-gradle-api.jar (com.android.tools.build:transform-api:2.0.0-deprecated-use-gradle-api) with InstrumentationAnalysisTransform
Transforming httpmime-4.5.6.jar (org.apache.httpcomponents:httpmime:4.5.6) with InstrumentationAnalysisTransform
Transforming commons-io-2.4.jar (commons-io:commons-io:2.4) with InstrumentationAnalysisTransform
Transforming jetifier-processor-1.0.0-beta10.jar (com.android.tools.build.jetifier:jetifier-processor:1.0.0-beta10) with InstrumentationAnalysisTransform
Transforming asm-commons-9.2.jar (org.ow2.asm:asm-commons:9.2) with InstrumentationAnalysisTransform
Transforming asm-util-9.2.jar (org.ow2.asm:asm-util:9.2) with InstrumentationAnalysisTransform
Transforming asm-analysis-9.2.jar (org.ow2.asm:asm-analysis:9.2) with InstrumentationAnalysisTransform
Transforming asm-tree-9.2.jar (org.ow2.asm:asm-tree:9.2) with InstrumentationAnalysisTransform
Transforming asm-9.2.jar (org.ow2.asm:asm:9.2) with InstrumentationAnalysisTransform
Transforming apkzlib-8.2.1.jar (com.android.tools.build:apkzlib:8.2.1) with InstrumentationAnalysisTransform
Transforming bcpkix-jdk15on-1.67.jar (org.bouncycastle:bcpkix-jdk15on:1.67) with InstrumentationAnalysisTransform
Transforming jaxb-runtime-2.3.2.jar (org.glassfish.jaxb:jaxb-runtime:2.3.2) with InstrumentationAnalysisTransform
Transforming jopt-simple-4.9.jar (net.sf.jopt-simple:jopt-simple:4.9) with InstrumentationAnalysisTransform
Transforming jetifier-core-1.0.0-beta10.jar (com.android.tools.build.jetifier:jetifier-core:1.0.0-beta10) with InstrumentationAnalysisTransform
Transforming javapoet-1.10.0.jar (com.squareup:javapoet:1.10.0) with InstrumentationAnalysisTransform
Transforming protobuf-java-util-3.19.3.jar (com.google.protobuf:protobuf-java-util:3.19.3) with InstrumentationAnalysisTransform
Transforming grpc-protobuf-1.45.1.jar (io.grpc:grpc-protobuf:1.45.1) with InstrumentationAnalysisTransform
Transforming tink-1.7.0.jar (com.google.crypto.tink:tink:1.7.0) with InstrumentationAnalysisTransform
Transforming protos-31.2.1.jar (com.android.tools.analytics-library:protos:31.2.1) with InstrumentationAnalysisTransform
Transforming proto-google-common-protos-2.0.1.jar (com.google.api.grpc:proto-google-common-protos:2.0.1) with InstrumentationAnalysisTransform
Transforming protobuf-java-3.19.3.jar (com.google.protobuf:protobuf-java:3.19.3) with InstrumentationAnalysisTransform
Transforming grpc-netty-1.45.1.jar (io.grpc:grpc-netty:1.45.1) with InstrumentationAnalysisTransform
Transforming grpc-core-1.45.1.jar (io.grpc:grpc-core:1.45.1) with InstrumentationAnalysisTransform
Transforming gson-2.10.jar (com.google.code.gson:gson:2.10) with InstrumentationAnalysisTransform
Transforming grpc-stub-1.45.1.jar (io.grpc:grpc-stub:1.45.1) with InstrumentationAnalysisTransform
Transforming core-proto-0.0.8-alpha08.jar (com.google.testing.platform:core-proto:0.0.8-alpha08) with InstrumentationAnalysisTransform
Transforming tensorflow-lite-metadata-0.1.0-rc2.jar (org.tensorflow:tensorflow-lite-metadata:0.1.0-rc2) with InstrumentationAnalysisTransform
Transforming flatbuffers-java-1.12.0.jar (com.google.flatbuffers:flatbuffers-java:1.12.0) with InstrumentationAnalysisTransform
Transforming kotlin-gradle-plugin-idea-proto-1.9.0.jar (org.jetbrains.kotlin:kotlin-gradle-plugin-idea-proto:1.9.0) with InstrumentationAnalysisTransform
Transforming kotlin-gradle-plugin-idea-1.9.0.jar (org.jetbrains.kotlin:kotlin-gradle-plugin-idea:1.9.0) with InstrumentationAnalysisTransform
Transforming kotlin-project-model-1.9.0.jar (org.jetbrains.kotlin:kotlin-project-model:1.9.0) with InstrumentationAnalysisTransform
Transforming kotlin-tooling-core-1.9.0.jar (org.jetbrains.kotlin:kotlin-tooling-core:1.9.0) with InstrumentationAnalysisTransform
Transforming kotlin-klib-commonizer-api-1.9.0.jar (org.jetbrains.kotlin:kotlin-klib-commonizer-api:1.9.0) with InstrumentationAnalysisTransform
Transforming kotlin-native-utils-1.9.0.jar (org.jetbrains.kotlin:kotlin-native-utils:1.9.0) with InstrumentationAnalysisTransform
Transforming kotlin-util-klib-1.9.0.jar (org.jetbrains.kotlin:kotlin-util-klib:1.9.0) with InstrumentationAnalysisTransform
Transforming kotlin-build-tools-api-1.9.0.jar (org.jetbrains.kotlin:kotlin-build-tools-api:1.9.0) with InstrumentationAnalysisTransform
Transforming kotlin-android-extensions-1.9.0.jar (org.jetbrains.kotlin:kotlin-android-extensions:1.9.0) with InstrumentationAnalysisTransform
Transforming kotlin-compiler-runner-1.9.0.jar (org.jetbrains.kotlin:kotlin-compiler-runner:1.9.0) with InstrumentationAnalysisTransform
Transforming kotlin-compiler-embeddable-1.9.0.jar (org.jetbrains.kotlin:kotlin-compiler-embeddable:1.9.0) with InstrumentationAnalysisTransform
Transforming kotlin-scripting-compiler-embeddable-1.9.0.jar (org.jetbrains.kotlin:kotlin-scripting-compiler-embeddable:1.9.0) with InstrumentationAnalysisTransform
Transforming kotlin-scripting-compiler-impl-embeddable-1.9.0.jar (org.jetbrains.kotlin:kotlin-scripting-compiler-impl-embeddable:1.9.0) with InstrumentationAnalysisTransform
Transforming kotlin-reflect-1.9.0.jar (org.jetbrains.kotlin:kotlin-reflect:1.9.0) with InstrumentationAnalysisTransform
Transforming kotlin-stdlib-jdk7-1.9.0.jar (org.jetbrains.kotlin:kotlin-stdlib-jdk7:1.9.0) with InstrumentationAnalysisTransform
Transforming kotlin-stdlib-1.9.0.jar (org.jetbrains.kotlin:kotlin-stdlib:1.9.0) with InstrumentationAnalysisTransform
Transforming kotlin-stdlib-common-1.9.0.jar (org.jetbrains.kotlin:kotlin-stdlib-common:1.9.0) with InstrumentationAnalysisTransform
Transforming jimfs-1.1.jar (com.google.jimfs:jimfs:1.1) with InstrumentationAnalysisTransform
Transforming grpc-protobuf-lite-1.45.1.jar (io.grpc:grpc-protobuf-lite:1.45.1) with InstrumentationAnalysisTransform
Transforming grpc-api-1.45.1.jar (io.grpc:grpc-api:1.45.1) with InstrumentationAnalysisTransform
Transforming guava-31.1-jre.jar (com.google.guava:guava:31.1-jre) with InstrumentationAnalysisTransform
Transforming dagger-2.28.3.jar (com.google.dagger:dagger:2.28.3) with InstrumentationAnalysisTransform
Transforming javax.inject-1.jar (javax.inject:javax.inject:1) with InstrumentationAnalysisTransform
Transforming kxml2-2.3.0.jar (net.sf.kxml:kxml2:2.3.0) with InstrumentationAnalysisTransform
Transforming bcprov-jdk15on-1.67.jar (org.bouncycastle:bcprov-jdk15on:1.67) with InstrumentationAnalysisTransform
Transforming trove4j-1.0.20200330.jar (org.jetbrains.intellij.deps:trove4j:1.0.20200330) with InstrumentationAnalysisTransform
Transforming xercesImpl-2.12.0.jar (xerces:xercesImpl:2.12.0) with InstrumentationAnalysisTransform
Transforming commons-compress-1.21.jar (org.apache.commons:commons-compress:1.21) with InstrumentationAnalysisTransform
Transforming httpclient-4.5.14.jar (org.apache.httpcomponents:httpclient:4.5.14) with InstrumentationAnalysisTransform
Transforming httpcore-4.4.16.jar (org.apache.httpcomponents:httpcore:4.4.16) with InstrumentationAnalysisTransform
Transforming javax.activation-1.2.0.jar (com.sun.activation:javax.activation:1.2.0) with InstrumentationAnalysisTransform
Transforming annotations-13.0.jar (org.jetbrains:annotations:13.0) with InstrumentationAnalysisTransform
Transforming signflinger-8.2.1.jar (com.android:signflinger:8.2.1) with InstrumentationAnalysisTransform
Transforming zipflinger-8.2.1.jar (com.android:zipflinger:8.2.1) with InstrumentationAnalysisTransform
Transforming annotations-31.2.1.jar (com.android.tools:annotations:31.2.1) with InstrumentationAnalysisTransform
Transforming jna-platform-5.6.0.jar (net.java.dev.jna:jna-platform:5.6.0) with InstrumentationAnalysisTransform
Transforming juniversalchardet-1.0.3.jar (com.googlecode.juniversalchardet:juniversalchardet:1.0.3) with InstrumentationAnalysisTransform
Transforming javax.annotation-api-1.3.2.jar (javax.annotation:javax.annotation-api:1.3.2) with InstrumentationAnalysisTransform
Transforming stax-ex-1.8.1.jar (org.jvnet.staxex:stax-ex:1.8.1) with InstrumentationAnalysisTransform
Transforming jakarta.xml.bind-api-2.3.2.jar (jakarta.xml.bind:jakarta.xml.bind-api:2.3.2) with InstrumentationAnalysisTransform
Transforming txw2-2.3.2.jar (org.glassfish.jaxb:txw2:2.3.2) with InstrumentationAnalysisTransform
Transforming istack-commons-runtime-3.0.8.jar (com.sun.istack:istack-commons-runtime:3.0.8) with InstrumentationAnalysisTransform
Transforming FastInfoset-1.2.16.jar (com.sun.xml.fastinfoset:FastInfoset:1.2.16) with InstrumentationAnalysisTransform
Transforming jakarta.activation-api-1.2.1.jar (jakarta.activation:jakarta.activation-api:1.2.1) with InstrumentationAnalysisTransform
Transforming auto-value-annotations-1.6.2.jar (com.google.auto.value:auto-value-annotations:1.6.2) with InstrumentationAnalysisTransform
Transforming error_prone_annotations-2.11.0.jar (com.google.errorprone:error_prone_annotations:2.11.0) with InstrumentationAnalysisTransform
Transforming jose4j-0.7.0.jar (org.bitbucket.b_c:jose4j:0.7.0) with InstrumentationAnalysisTransform
Transforming slf4j-api-1.7.30.jar (org.slf4j:slf4j-api:1.7.30) with InstrumentationAnalysisTransform
Transforming jdom2-2.0.6.jar (org.jdom:jdom2:2.0.6) with InstrumentationAnalysisTransform
Transforming j2objc-annotations-1.3.jar (com.google.j2objc:j2objc-annotations:1.3) with InstrumentationAnalysisTransform
Transforming jsr305-3.0.2.jar (com.google.code.findbugs:jsr305:3.0.2) with InstrumentationAnalysisTransform
Transforming annotations-4.1.1.4.jar (com.google.android:annotations:4.1.1.4) with InstrumentationAnalysisTransform
Transforming animal-sniffer-annotations-1.19.jar (org.codehaus.mojo:animal-sniffer-annotations:1.19) with InstrumentationAnalysisTransform
Transforming perfmark-api-0.23.0.jar (io.perfmark:perfmark-api:0.23.0) with InstrumentationAnalysisTransform
Transforming netty-codec-http2-4.1.72.Final.jar (io.netty:netty-codec-http2:4.1.72.Final) with InstrumentationAnalysisTransform
Transforming netty-handler-proxy-4.1.72.Final.jar (io.netty:netty-handler-proxy:4.1.72.Final) with InstrumentationAnalysisTransform
Transforming checker-qual-3.12.0.jar (org.checkerframework:checker-qual:3.12.0) with InstrumentationAnalysisTransform
Transforming commons-codec-1.11.jar (commons-codec:commons-codec:1.11) with InstrumentationAnalysisTransform
Transforming apksig-8.2.1.jar (com.android.tools.build:apksig:8.2.1) with InstrumentationAnalysisTransform
Transforming javawriter-2.5.0.jar (com.squareup:javawriter:2.5.0) with InstrumentationAnalysisTransform
Transforming kotlin-gradle-plugin-annotations-1.9.0.jar (org.jetbrains.kotlin:kotlin-gradle-plugin-annotations:1.9.0) with InstrumentationAnalysisTransform
Transforming kotlin-util-io-1.9.0.jar (org.jetbrains.kotlin:kotlin-util-io:1.9.0) with InstrumentationAnalysisTransform
Transforming kotlin-daemon-embeddable-1.9.0.jar (org.jetbrains.kotlin:kotlin-daemon-embeddable:1.9.0) with InstrumentationAnalysisTransform
Transforming kotlin-daemon-client-1.9.0.jar (org.jetbrains.kotlin:kotlin-daemon-client:1.9.0) with InstrumentationAnalysisTransform
Transforming kotlinx-coroutines-core-jvm-1.5.0.jar (org.jetbrains.kotlinx:kotlinx-coroutines-core-jvm:1.5.0) with InstrumentationAnalysisTransform
Transforming kotlin-scripting-jvm-1.9.0.jar (org.jetbrains.kotlin:kotlin-scripting-jvm:1.9.0) with InstrumentationAnalysisTransform
Transforming kotlin-scripting-common-1.9.0.jar (org.jetbrains.kotlin:kotlin-scripting-common:1.9.0) with InstrumentationAnalysisTransform
Transforming failureaccess-1.0.1.jar (com.google.guava:failureaccess:1.0.1) with InstrumentationAnalysisTransform
Transforming listenablefuture-9999.0-empty-to-avoid-conflict-with-guava.jar (com.google.guava:listenablefuture:9999.0-empty-to-avoid-conflict-with-guava) with InstrumentationAnalysisTransform
Transforming xml-apis-1.4.01.jar (xml-apis:xml-apis:1.4.01) with InstrumentationAnalysisTransform
Transforming commons-logging-1.2.jar (commons-logging:commons-logging:1.2) with InstrumentationAnalysisTransform
Transforming jna-5.6.0.jar (net.java.dev.jna:jna:5.6.0) with InstrumentationAnalysisTransform
Transforming grpc-context-1.45.1.jar (io.grpc:grpc-context:1.45.1) with InstrumentationAnalysisTransform
Transforming netty-codec-http-4.1.72.Final.jar (io.netty:netty-codec-http:4.1.72.Final) with InstrumentationAnalysisTransform
Transforming netty-handler-4.1.72.Final.jar (io.netty:netty-handler:4.1.72.Final) with InstrumentationAnalysisTransform
Transforming netty-codec-socks-4.1.72.Final.jar (io.netty:netty-codec-socks:4.1.72.Final) with InstrumentationAnalysisTransform
Transforming netty-codec-4.1.72.Final.jar (io.netty:netty-codec:4.1.72.Final) with InstrumentationAnalysisTransform
Transforming netty-transport-4.1.72.Final.jar (io.netty:netty-transport:4.1.72.Final) with InstrumentationAnalysisTransform
Transforming netty-buffer-4.1.72.Final.jar (io.netty:netty-buffer:4.1.72.Final) with InstrumentationAnalysisTransform
Transforming netty-resolver-4.1.72.Final.jar (io.netty:netty-resolver:4.1.72.Final) with InstrumentationAnalysisTransform
Transforming netty-common-4.1.72.Final.jar (io.netty:netty-common:4.1.72.Final) with InstrumentationAnalysisTransform
Transforming netty-tcnative-classes-2.0.46.Final.jar (io.netty:netty-tcnative-classes:2.0.46.Final) with InstrumentationAnalysisTransform
Transforming main (project :gradle) with InstrumentationAnalysisTransform
Transforming main (project :gradle) with InstrumentationAnalysisTransform
Transforming main (project :gradle) with InstrumentationAnalysisTransform
Transforming kotlin-gradle-plugin-model-1.9.0.jar (org.jetbrains.kotlin:kotlin-gradle-plugin-model:1.9.0) with InstrumentationAnalysisTransform
Transforming kotlin-gradle-plugin-model-1.9.0.jar (org.jetbrains.kotlin:kotlin-gradle-plugin-model:1.9.0) with MergeInstrumentationAnalysisTransform
Transforming kotlin-gradle-plugin-api-1.9.0-gradle81.jar (org.jetbrains.kotlin:kotlin-gradle-plugin-api:1.9.0) with InstrumentationAnalysisTransform
Transforming kotlin-gradle-plugin-api-1.9.0-gradle81.jar (org.jetbrains.kotlin:kotlin-gradle-plugin-api:1.9.0) with MergeInstrumentationAnalysisTransform
Transforming kotlin-gradle-plugin-model-1.9.0.jar (org.jetbrains.kotlin:kotlin-gradle-plugin-model:1.9.0) with ExternalDependencyInstrumentingArtifactTransform
Transforming kotlin-gradle-plugin-api-1.9.0.jar (org.jetbrains.kotlin:kotlin-gradle-plugin-api:1.9.0) with InstrumentationAnalysisTransform
Transforming kotlin-gradle-plugin-api-1.9.0.jar (org.jetbrains.kotlin:kotlin-gradle-plugin-api:1.9.0) with MergeInstrumentationAnalysisTransform
Transforming kotlin-gradle-plugin-api-1.9.0-gradle81.jar (org.jetbrains.kotlin:kotlin-gradle-plugin-api:1.9.0) with ExternalDependencyInstrumentingArtifactTransform
Transforming kotlin-gradle-plugin-1.9.0-gradle81.jar (org.jetbrains.kotlin:kotlin-gradle-plugin:1.9.0) with InstrumentationAnalysisTransform
Transforming kotlin-gradle-plugin-1.9.0-gradle81.jar (org.jetbrains.kotlin:kotlin-gradle-plugin:1.9.0) with MergeInstrumentationAnalysisTransform
Transforming kotlin-gradle-plugin-api-1.9.0.jar (org.jetbrains.kotlin:kotlin-gradle-plugin-api:1.9.0) with ExternalDependencyInstrumentingArtifactTransform
Transforming gradle-8.2.1.jar (com.android.tools.build:gradle:8.2.1) with InstrumentationAnalysisTransform
Transforming gradle-8.2.1.jar (com.android.tools.build:gradle:8.2.1) with MergeInstrumentationAnalysisTransform
Transforming kotlin-gradle-plugin-1.9.0-gradle81.jar (org.jetbrains.kotlin:kotlin-gradle-plugin:1.9.0) with ExternalDependencyInstrumentingArtifactTransform
Transforming kotlinx-serialization-json-jvm-1.4.0.jar (org.jetbrains.kotlinx:kotlinx-serialization-json-jvm:1.4.0) with InstrumentationAnalysisTransform
Transforming kotlinx-serialization-json-jvm-1.4.0.jar (org.jetbrains.kotlinx:kotlinx-serialization-json-jvm:1.4.0) with MergeInstrumentationAnalysisTransform
Transforming gradle-8.2.1.jar (com.android.tools.build:gradle:8.2.1) with ExternalDependencyInstrumentingArtifactTransform
Transforming gradle-settings-api-8.2.1.jar (com.android.tools.build:gradle-settings-api:8.2.1) with InstrumentationAnalysisTransform
Transforming gradle-settings-api-8.2.1.jar (com.android.tools.build:gradle-settings-api:8.2.1) with MergeInstrumentationAnalysisTransform
Transforming kotlinx-serialization-json-jvm-1.4.0.jar (org.jetbrains.kotlinx:kotlinx-serialization-json-jvm:1.4.0) with ExternalDependencyInstrumentingArtifactTransform
Transforming lint-model-31.2.1.jar (com.android.tools.lint:lint-model:31.2.1) with InstrumentationAnalysisTransform
Transforming lint-model-31.2.1.jar (com.android.tools.lint:lint-model:31.2.1) with MergeInstrumentationAnalysisTransform
Transforming builder-8.2.1.jar (com.android.tools.build:builder:8.2.1) with InstrumentationAnalysisTransform
Transforming gradle-settings-api-8.2.1.jar (com.android.tools.build:gradle-settings-api:8.2.1) with ExternalDependencyInstrumentingArtifactTransform
Transforming builder-8.2.1.jar (com.android.tools.build:builder:8.2.1) with MergeInstrumentationAnalysisTransform
Transforming manifest-merger-31.2.1.jar (com.android.tools.build:manifest-merger:31.2.1) with InstrumentationAnalysisTransform
Transforming manifest-merger-31.2.1.jar (com.android.tools.build:manifest-merger:31.2.1) with MergeInstrumentationAnalysisTransform
Transforming sdk-common-31.2.1.jar (com.android.tools:sdk-common:31.2.1) with InstrumentationAnalysisTransform
Transforming lint-model-31.2.1.jar (com.android.tools.lint:lint-model:31.2.1) with ExternalDependencyInstrumentingArtifactTransform
Transforming sdk-common-31.2.1.jar (com.android.tools:sdk-common:31.2.1) with MergeInstrumentationAnalysisTransform
Transforming sdklib-31.2.1.jar (com.android.tools:sdklib:31.2.1) with InstrumentationAnalysisTransform
Transforming sdklib-31.2.1.jar (com.android.tools:sdklib:31.2.1) with MergeInstrumentationAnalysisTransform
Transforming repository-31.2.1.jar (com.android.tools:repository:31.2.1) with InstrumentationAnalysisTransform
Transforming builder-8.2.1.jar (com.android.tools.build:builder:8.2.1) with ExternalDependencyInstrumentingArtifactTransform
Transforming repository-31.2.1.jar (com.android.tools:repository:31.2.1) with MergeInstrumentationAnalysisTransform
Transforming gradle-api-8.2.1.jar (com.android.tools.build:gradle-api:8.2.1) with InstrumentationAnalysisTransform
Transforming gradle-api-8.2.1.jar (com.android.tools.build:gradle-api:8.2.1) with MergeInstrumentationAnalysisTransform
Transforming builder-test-api-8.2.1.jar (com.android.tools.build:builder-test-api:8.2.1) with InstrumentationAnalysisTransform
Transforming builder-test-api-8.2.1.jar (com.android.tools.build:builder-test-api:8.2.1) with MergeInstrumentationAnalysisTransform
Transforming ddmlib-31.2.1.jar (com.android.tools.ddms:ddmlib:31.2.1) with InstrumentationAnalysisTransform
Transforming sdk-common-31.2.1.jar (com.android.tools:sdk-common:31.2.1) with ExternalDependencyInstrumentingArtifactTransform
Transforming ddmlib-31.2.1.jar (com.android.tools.ddms:ddmlib:31.2.1) with MergeInstrumentationAnalysisTransform
Transforming aaptcompiler-8.2.1.jar (com.android.tools.build:aaptcompiler:8.2.1) with InstrumentationAnalysisTransform
Transforming aaptcompiler-8.2.1.jar (com.android.tools.build:aaptcompiler:8.2.1) with MergeInstrumentationAnalysisTransform
Transforming bundletool-1.15.2.jar (com.android.tools.build:bundletool:1.15.2) with InstrumentationAnalysisTransform
Transforming sdklib-31.2.1.jar (com.android.tools:sdklib:31.2.1) with ExternalDependencyInstrumentingArtifactTransform
Transforming bundletool-1.15.2.jar (com.android.tools.build:bundletool:1.15.2) with MergeInstrumentationAnalysisTransform
Transforming aapt2-proto-8.2.1-10154469.jar (com.android.tools.build:aapt2-proto:8.2.1-10154469) with InstrumentationAnalysisTransform
Transforming aapt2-proto-8.2.1-10154469.jar (com.android.tools.build:aapt2-proto:8.2.1-10154469) with MergeInstrumentationAnalysisTransform
Transforming repository-31.2.1.jar (com.android.tools:repository:31.2.1) with ExternalDependencyInstrumentingArtifactTransform
Transforming gradle-api-8.2.1.jar (com.android.tools.build:gradle-api:8.2.1) with ExternalDependencyInstrumentingArtifactTransform
Transforming aapt2-proto-8.2.1-10154469.jar (com.android.tools.build:aapt2-proto:8.2.1-10154469) with ExternalDependencyInstrumentingArtifactTransform
Transforming ddmlib-31.2.1.jar (com.android.tools.ddms:ddmlib:31.2.1) with ExternalDependencyInstrumentingArtifactTransform
Transforming bundletool-1.15.2.jar (com.android.tools.build:bundletool:1.15.2) with ExternalDependencyInstrumentingArtifactTransform
Transforming manifest-merger-31.2.1.jar (com.android.tools.build:manifest-merger:31.2.1) with ExternalDependencyInstrumentingArtifactTransform
Transforming aaptcompiler-8.2.1.jar (com.android.tools.build:aaptcompiler:8.2.1) with ExternalDependencyInstrumentingArtifactTransform
Transforming builder-test-api-8.2.1.jar (com.android.tools.build:builder-test-api:8.2.1) with ExternalDependencyInstrumentingArtifactTransform
Transforming crash-31.2.1.jar (com.android.tools.analytics-library:crash:31.2.1) with InstrumentationAnalysisTransform
Transforming crash-31.2.1.jar (com.android.tools.analytics-library:crash:31.2.1) with MergeInstrumentationAnalysisTransform
Transforming tracker-31.2.1.jar (com.android.tools.analytics-library:tracker:31.2.1) with InstrumentationAnalysisTransform
Transforming tracker-31.2.1.jar (com.android.tools.analytics-library:tracker:31.2.1) with MergeInstrumentationAnalysisTransform
Transforming shared-31.2.1.jar (com.android.tools.analytics-library:shared:31.2.1) with InstrumentationAnalysisTransform
Transforming crash-31.2.1.jar (com.android.tools.analytics-library:crash:31.2.1) with ExternalDependencyInstrumentingArtifactTransform
Transforming shared-31.2.1.jar (com.android.tools.analytics-library:shared:31.2.1) with MergeInstrumentationAnalysisTransform
Transforming tracker-31.2.1.jar (com.android.tools.analytics-library:tracker:31.2.1) with ExternalDependencyInstrumentingArtifactTransform
Transforming lint-typedef-remover-31.2.1.jar (com.android.tools.lint:lint-typedef-remover:31.2.1) with InstrumentationAnalysisTransform
Transforming shared-31.2.1.jar (com.android.tools.analytics-library:shared:31.2.1) with ExternalDependencyInstrumentingArtifactTransform
Transforming lint-typedef-remover-31.2.1.jar (com.android.tools.lint:lint-typedef-remover:31.2.1) with MergeInstrumentationAnalysisTransform
Transforming databinding-compiler-common-8.2.1.jar (androidx.databinding:databinding-compiler-common:8.2.1) with InstrumentationAnalysisTransform
Transforming databinding-compiler-common-8.2.1.jar (androidx.databinding:databinding-compiler-common:8.2.1) with MergeInstrumentationAnalysisTransform
Transforming lint-typedef-remover-31.2.1.jar (com.android.tools.lint:lint-typedef-remover:31.2.1) with ExternalDependencyInstrumentingArtifactTransform
Transforming databinding-common-8.2.1.jar (androidx.databinding:databinding-common:8.2.1) with InstrumentationAnalysisTransform
Transforming databinding-common-8.2.1.jar (androidx.databinding:databinding-common:8.2.1) with MergeInstrumentationAnalysisTransform
Transforming databinding-compiler-common-8.2.1.jar (androidx.databinding:databinding-compiler-common:8.2.1) with ExternalDependencyInstrumentingArtifactTransform
Transforming baseLibrary-8.2.1.jar (com.android.databinding:baseLibrary:8.2.1) with InstrumentationAnalysisTransform
Transforming baseLibrary-8.2.1.jar (com.android.databinding:baseLibrary:8.2.1) with MergeInstrumentationAnalysisTransform
Transforming layoutlib-api-31.2.1.jar (com.android.tools.layoutlib:layoutlib-api:31.2.1) with InstrumentationAnalysisTransform
Transforming layoutlib-api-31.2.1.jar (com.android.tools.layoutlib:layoutlib-api:31.2.1) with MergeInstrumentationAnalysisTransform
Transforming databinding-common-8.2.1.jar (androidx.databinding:databinding-common:8.2.1) with ExternalDependencyInstrumentingArtifactTransform
Transforming android-device-provider-ddmlib-proto-31.2.1.jar (com.android.tools.utp:android-device-provider-ddmlib-proto:31.2.1) with InstrumentationAnalysisTransform
Transforming android-device-provider-ddmlib-proto-31.2.1.jar (com.android.tools.utp:android-device-provider-ddmlib-proto:31.2.1) with MergeInstrumentationAnalysisTransform
Transforming android-device-provider-gradle-proto-31.2.1.jar (com.android.tools.utp:android-device-provider-gradle-proto:31.2.1) with InstrumentationAnalysisTransform
Transforming android-device-provider-gradle-proto-31.2.1.jar (com.android.tools.utp:android-device-provider-gradle-proto:31.2.1) with MergeInstrumentationAnalysisTransform
Transforming baseLibrary-8.2.1.jar (com.android.databinding:baseLibrary:8.2.1) with ExternalDependencyInstrumentingArtifactTransform
Transforming android-test-plugin-host-additional-test-output-proto-31.2.1.jar (com.android.tools.utp:android-test-plugin-host-additional-test-output-proto:31.2.1) with InstrumentationAnalysisTransform
Transforming android-test-plugin-host-additional-test-output-proto-31.2.1.jar (com.android.tools.utp:android-test-plugin-host-additional-test-output-proto:31.2.1) with MergeInstrumentationAnalysisTransform
Transforming android-test-plugin-host-coverage-proto-31.2.1.jar (com.android.tools.utp:android-test-plugin-host-coverage-proto:31.2.1) with InstrumentationAnalysisTransform
Transforming layoutlib-api-31.2.1.jar (com.android.tools.layoutlib:layoutlib-api:31.2.1) with ExternalDependencyInstrumentingArtifactTransform
Transforming android-test-plugin-host-coverage-proto-31.2.1.jar (com.android.tools.utp:android-test-plugin-host-coverage-proto:31.2.1) with MergeInstrumentationAnalysisTransform
Transforming android-test-plugin-host-emulator-control-proto-31.2.1.jar (com.android.tools.utp:android-test-plugin-host-emulator-control-proto:31.2.1) with InstrumentationAnalysisTransform
Transforming android-test-plugin-host-emulator-control-proto-31.2.1.jar (com.android.tools.utp:android-test-plugin-host-emulator-control-proto:31.2.1) with MergeInstrumentationAnalysisTransform
Transforming android-test-plugin-host-logcat-proto-31.2.1.jar (com.android.tools.utp:android-test-plugin-host-logcat-proto:31.2.1) with InstrumentationAnalysisTransform
Transforming android-test-plugin-host-logcat-proto-31.2.1.jar (com.android.tools.utp:android-test-plugin-host-logcat-proto:31.2.1) with MergeInstrumentationAnalysisTransform
Transforming android-test-plugin-host-apk-installer-proto-31.2.1.jar (com.android.tools.utp:android-test-plugin-host-apk-installer-proto:31.2.1) with InstrumentationAnalysisTransform
Transforming android-test-plugin-host-additional-test-output-proto-31.2.1.jar (com.android.tools.utp:android-test-plugin-host-additional-test-output-proto:31.2.1) with ExternalDependencyInstrumentingArtifactTransform
Transforming android-device-provider-gradle-proto-31.2.1.jar (com.android.tools.utp:android-device-provider-gradle-proto:31.2.1) with ExternalDependencyInstrumentingArtifactTransform
Transforming android-test-plugin-host-coverage-proto-31.2.1.jar (com.android.tools.utp:android-test-plugin-host-coverage-proto:31.2.1) with ExternalDependencyInstrumentingArtifactTransform
Transforming android-test-plugin-host-emulator-control-proto-31.2.1.jar (com.android.tools.utp:android-test-plugin-host-emulator-control-proto:31.2.1) with ExternalDependencyInstrumentingArtifactTransform
Transforming android-device-provider-ddmlib-proto-31.2.1.jar (com.android.tools.utp:android-device-provider-ddmlib-proto:31.2.1) with ExternalDependencyInstrumentingArtifactTransform
Transforming android-test-plugin-host-logcat-proto-31.2.1.jar (com.android.tools.utp:android-test-plugin-host-logcat-proto:31.2.1) with ExternalDependencyInstrumentingArtifactTransform
Transforming android-test-plugin-host-apk-installer-proto-31.2.1.jar (com.android.tools.utp:android-test-plugin-host-apk-installer-proto:31.2.1) with MergeInstrumentationAnalysisTransform
Transforming android-test-plugin-host-retention-proto-31.2.1.jar (com.android.tools.utp:android-test-plugin-host-retention-proto:31.2.1) with InstrumentationAnalysisTransform
Transforming android-test-plugin-host-apk-installer-proto-31.2.1.jar (com.android.tools.utp:android-test-plugin-host-apk-installer-proto:31.2.1) with ExternalDependencyInstrumentingArtifactTransform
Transforming android-test-plugin-host-retention-proto-31.2.1.jar (com.android.tools.utp:android-test-plugin-host-retention-proto:31.2.1) with MergeInstrumentationAnalysisTransform
Transforming android-test-plugin-result-listener-gradle-proto-31.2.1.jar (com.android.tools.utp:android-test-plugin-result-listener-gradle-proto:31.2.1) with InstrumentationAnalysisTransform
Transforming android-test-plugin-result-listener-gradle-proto-31.2.1.jar (com.android.tools.utp:android-test-plugin-result-listener-gradle-proto:31.2.1) with MergeInstrumentationAnalysisTransform
Transforming android-test-plugin-host-retention-proto-31.2.1.jar (com.android.tools.utp:android-test-plugin-host-retention-proto:31.2.1) with ExternalDependencyInstrumentingArtifactTransform
Transforming builder-model-8.2.1.jar (com.android.tools.build:builder-model:8.2.1) with InstrumentationAnalysisTransform
Transforming builder-model-8.2.1.jar (com.android.tools.build:builder-model:8.2.1) with MergeInstrumentationAnalysisTransform
Transforming dvlib-31.2.1.jar (com.android.tools:dvlib:31.2.1) with InstrumentationAnalysisTransform
Transforming dvlib-31.2.1.jar (com.android.tools:dvlib:31.2.1) with MergeInstrumentationAnalysisTransform
Transforming android-test-plugin-result-listener-gradle-proto-31.2.1.jar (com.android.tools.utp:android-test-plugin-result-listener-gradle-proto:31.2.1) with ExternalDependencyInstrumentingArtifactTransform
Transforming builder-model-8.2.1.jar (com.android.tools.build:builder-model:8.2.1) with ExternalDependencyInstrumentingArtifactTransform
Transforming dvlib-31.2.1.jar (com.android.tools:dvlib:31.2.1) with ExternalDependencyInstrumentingArtifactTransform
Transforming common-31.2.1.jar (com.android.tools:common:31.2.1) with InstrumentationAnalysisTransform
Transforming common-31.2.1.jar (com.android.tools:common:31.2.1) with MergeInstrumentationAnalysisTransform
Transforming kotlinx-serialization-core-jvm-1.4.0.jar (org.jetbrains.kotlinx:kotlinx-serialization-core-jvm:1.4.0) with InstrumentationAnalysisTransform
Transforming kotlinx-serialization-core-jvm-1.4.0.jar (org.jetbrains.kotlinx:kotlinx-serialization-core-jvm:1.4.0) with MergeInstrumentationAnalysisTransform
Transforming kotlin-stdlib-jdk8-1.9.0.jar (org.jetbrains.kotlin:kotlin-stdlib-jdk8:1.9.0) with InstrumentationAnalysisTransform
Transforming kotlin-stdlib-jdk8-1.9.0.jar (org.jetbrains.kotlin:kotlin-stdlib-jdk8:1.9.0) with MergeInstrumentationAnalysisTransform
Transforming transform-api-2.0.0-deprecated-use-gradle-api.jar (com.android.tools.build:transform-api:2.0.0-deprecated-use-gradle-api) with InstrumentationAnalysisTransform
Transforming transform-api-2.0.0-deprecated-use-gradle-api.jar (com.android.tools.build:transform-api:2.0.0-deprecated-use-gradle-api) with MergeInstrumentationAnalysisTransform
Transforming httpmime-4.5.6.jar (org.apache.httpcomponents:httpmime:4.5.6) with InstrumentationAnalysisTransform
Transforming httpmime-4.5.6.jar (org.apache.httpcomponents:httpmime:4.5.6) with MergeInstrumentationAnalysisTransform
Transforming commons-io-2.4.jar (commons-io:commons-io:2.4) with InstrumentationAnalysisTransform
Transforming commons-io-2.4.jar (commons-io:commons-io:2.4) with MergeInstrumentationAnalysisTransform
Transforming jetifier-processor-1.0.0-beta10.jar (com.android.tools.build.jetifier:jetifier-processor:1.0.0-beta10) with InstrumentationAnalysisTransform
Transforming jetifier-processor-1.0.0-beta10.jar (com.android.tools.build.jetifier:jetifier-processor:1.0.0-beta10) with MergeInstrumentationAnalysisTransform
Transforming asm-commons-9.2.jar (org.ow2.asm:asm-commons:9.2) with InstrumentationAnalysisTransform
Transforming asm-commons-9.2.jar (org.ow2.asm:asm-commons:9.2) with MergeInstrumentationAnalysisTransform
Transforming asm-util-9.2.jar (org.ow2.asm:asm-util:9.2) with InstrumentationAnalysisTransform
Transforming asm-util-9.2.jar (org.ow2.asm:asm-util:9.2) with MergeInstrumentationAnalysisTransform
Transforming asm-analysis-9.2.jar (org.ow2.asm:asm-analysis:9.2) with InstrumentationAnalysisTransform
Transforming asm-analysis-9.2.jar (org.ow2.asm:asm-analysis:9.2) with MergeInstrumentationAnalysisTransform
Transforming asm-tree-9.2.jar (org.ow2.asm:asm-tree:9.2) with InstrumentationAnalysisTransform
Transforming asm-tree-9.2.jar (org.ow2.asm:asm-tree:9.2) with MergeInstrumentationAnalysisTransform
Transforming asm-9.2.jar (org.ow2.asm:asm:9.2) with InstrumentationAnalysisTransform
Transforming asm-9.2.jar (org.ow2.asm:asm:9.2) with MergeInstrumentationAnalysisTransform
Transforming apkzlib-8.2.1.jar (com.android.tools.build:apkzlib:8.2.1) with InstrumentationAnalysisTransform
Transforming apkzlib-8.2.1.jar (com.android.tools.build:apkzlib:8.2.1) with MergeInstrumentationAnalysisTransform
Transforming bcpkix-jdk15on-1.67.jar (org.bouncycastle:bcpkix-jdk15on:1.67) with InstrumentationAnalysisTransform
Transforming bcpkix-jdk15on-1.67.jar (org.bouncycastle:bcpkix-jdk15on:1.67) with MergeInstrumentationAnalysisTransform
Transforming jaxb-runtime-2.3.2.jar (org.glassfish.jaxb:jaxb-runtime:2.3.2) with InstrumentationAnalysisTransform
Transforming jaxb-runtime-2.3.2.jar (org.glassfish.jaxb:jaxb-runtime:2.3.2) with MergeInstrumentationAnalysisTransform
Transforming jopt-simple-4.9.jar (net.sf.jopt-simple:jopt-simple:4.9) with InstrumentationAnalysisTransform
Transforming jopt-simple-4.9.jar (net.sf.jopt-simple:jopt-simple:4.9) with MergeInstrumentationAnalysisTransform
Transforming jetifier-core-1.0.0-beta10.jar (com.android.tools.build.jetifier:jetifier-core:1.0.0-beta10) with InstrumentationAnalysisTransform
Transforming jetifier-core-1.0.0-beta10.jar (com.android.tools.build.jetifier:jetifier-core:1.0.0-beta10) with MergeInstrumentationAnalysisTransform
Transforming javapoet-1.10.0.jar (com.squareup:javapoet:1.10.0) with InstrumentationAnalysisTransform
Transforming javapoet-1.10.0.jar (com.squareup:javapoet:1.10.0) with MergeInstrumentationAnalysisTransform
Transforming protobuf-java-util-3.19.3.jar (com.google.protobuf:protobuf-java-util:3.19.3) with InstrumentationAnalysisTransform
Transforming httpmime-4.5.6.jar (org.apache.httpcomponents:httpmime:4.5.6) with ExternalDependencyInstrumentingArtifactTransform
Transforming common-31.2.1.jar (com.android.tools:common:31.2.1) with ExternalDependencyInstrumentingArtifactTransform
Transforming kotlin-stdlib-jdk8-1.9.0.jar (org.jetbrains.kotlin:kotlin-stdlib-jdk8:1.9.0) with ExternalDependencyInstrumentingArtifactTransform
Transforming commons-io-2.4.jar (commons-io:commons-io:2.4) with ExternalDependencyInstrumentingArtifactTransform
Transforming jetifier-processor-1.0.0-beta10.jar (com.android.tools.build.jetifier:jetifier-processor:1.0.0-beta10) with ExternalDependencyInstrumentingArtifactTransform
Transforming asm-commons-9.2.jar (org.ow2.asm:asm-commons:9.2) with ExternalDependencyInstrumentingArtifactTransform
Transforming protobuf-java-util-3.19.3.jar (com.google.protobuf:protobuf-java-util:3.19.3) with MergeInstrumentationAnalysisTransform
Transforming asm-util-9.2.jar (org.ow2.asm:asm-util:9.2) with ExternalDependencyInstrumentingArtifactTransform
Transforming grpc-protobuf-1.45.1.jar (io.grpc:grpc-protobuf:1.45.1) with InstrumentationAnalysisTransform
Transforming asm-tree-9.2.jar (org.ow2.asm:asm-tree:9.2) with ExternalDependencyInstrumentingArtifactTransform
Transforming asm-analysis-9.2.jar (org.ow2.asm:asm-analysis:9.2) with ExternalDependencyInstrumentingArtifactTransform
Transforming asm-9.2.jar (org.ow2.asm:asm:9.2) with ExternalDependencyInstrumentingArtifactTransform
Transforming apkzlib-8.2.1.jar (com.android.tools.build:apkzlib:8.2.1) with ExternalDependencyInstrumentingArtifactTransform
Transforming jaxb-runtime-2.3.2.jar (org.glassfish.jaxb:jaxb-runtime:2.3.2) with ExternalDependencyInstrumentingArtifactTransform
Transforming jetifier-core-1.0.0-beta10.jar (com.android.tools.build.jetifier:jetifier-core:1.0.0-beta10) with ExternalDependencyInstrumentingArtifactTransform
Transforming jopt-simple-4.9.jar (net.sf.jopt-simple:jopt-simple:4.9) with ExternalDependencyInstrumentingArtifactTransform
Transforming protobuf-java-util-3.19.3.jar (com.google.protobuf:protobuf-java-util:3.19.3) with ExternalDependencyInstrumentingArtifactTransform
Transforming kotlinx-serialization-core-jvm-1.4.0.jar (org.jetbrains.kotlinx:kotlinx-serialization-core-jvm:1.4.0) with ExternalDependencyInstrumentingArtifactTransform
Transforming transform-api-2.0.0-deprecated-use-gradle-api.jar (com.android.tools.build:transform-api:2.0.0-deprecated-use-gradle-api) with ExternalDependencyInstrumentingArtifactTransform
Transforming javapoet-1.10.0.jar (com.squareup:javapoet:1.10.0) with ExternalDependencyInstrumentingArtifactTransform
Transforming bcpkix-jdk15on-1.67.jar (org.bouncycastle:bcpkix-jdk15on:1.67) with ExternalDependencyInstrumentingArtifactTransform
Transforming grpc-protobuf-1.45.1.jar (io.grpc:grpc-protobuf:1.45.1) with MergeInstrumentationAnalysisTransform
Transforming tink-1.7.0.jar (com.google.crypto.tink:tink:1.7.0) with InstrumentationAnalysisTransform
Transforming tink-1.7.0.jar (com.google.crypto.tink:tink:1.7.0) with MergeInstrumentationAnalysisTransform
Transforming protos-31.2.1.jar (com.android.tools.analytics-library:protos:31.2.1) with InstrumentationAnalysisTransform
Transforming protos-31.2.1.jar (com.android.tools.analytics-library:protos:31.2.1) with MergeInstrumentationAnalysisTransform
Transforming proto-google-common-protos-2.0.1.jar (com.google.api.grpc:proto-google-common-protos:2.0.1) with InstrumentationAnalysisTransform
Transforming proto-google-common-protos-2.0.1.jar (com.google.api.grpc:proto-google-common-protos:2.0.1) with MergeInstrumentationAnalysisTransform
Transforming protobuf-java-3.19.3.jar (com.google.protobuf:protobuf-java:3.19.3) with InstrumentationAnalysisTransform
Transforming protobuf-java-3.19.3.jar (com.google.protobuf:protobuf-java:3.19.3) with MergeInstrumentationAnalysisTransform
Transforming grpc-netty-1.45.1.jar (io.grpc:grpc-netty:1.45.1) with InstrumentationAnalysisTransform
Transforming grpc-netty-1.45.1.jar (io.grpc:grpc-netty:1.45.1) with MergeInstrumentationAnalysisTransform
Transforming grpc-core-1.45.1.jar (io.grpc:grpc-core:1.45.1) with InstrumentationAnalysisTransform
Transforming grpc-core-1.45.1.jar (io.grpc:grpc-core:1.45.1) with MergeInstrumentationAnalysisTransform
Transforming gson-2.10.jar (com.google.code.gson:gson:2.10) with InstrumentationAnalysisTransform
Transforming gson-2.10.jar (com.google.code.gson:gson:2.10) with MergeInstrumentationAnalysisTransform
Transforming grpc-stub-1.45.1.jar (io.grpc:grpc-stub:1.45.1) with InstrumentationAnalysisTransform
Transforming grpc-stub-1.45.1.jar (io.grpc:grpc-stub:1.45.1) with MergeInstrumentationAnalysisTransform
Transforming core-proto-0.0.8-alpha08.jar (com.google.testing.platform:core-proto:0.0.8-alpha08) with InstrumentationAnalysisTransform
Transforming core-proto-0.0.8-alpha08.jar (com.google.testing.platform:core-proto:0.0.8-alpha08) with MergeInstrumentationAnalysisTransform
Transforming tensorflow-lite-metadata-0.1.0-rc2.jar (org.tensorflow:tensorflow-lite-metadata:0.1.0-rc2) with InstrumentationAnalysisTransform
Transforming tensorflow-lite-metadata-0.1.0-rc2.jar (org.tensorflow:tensorflow-lite-metadata:0.1.0-rc2) with MergeInstrumentationAnalysisTransform
Transforming flatbuffers-java-1.12.0.jar (com.google.flatbuffers:flatbuffers-java:1.12.0) with InstrumentationAnalysisTransform
Transforming flatbuffers-java-1.12.0.jar (com.google.flatbuffers:flatbuffers-java:1.12.0) with MergeInstrumentationAnalysisTransform
Transforming kotlin-gradle-plugin-idea-proto-1.9.0.jar (org.jetbrains.kotlin:kotlin-gradle-plugin-idea-proto:1.9.0) with InstrumentationAnalysisTransform
Transforming kotlin-gradle-plugin-idea-proto-1.9.0.jar (org.jetbrains.kotlin:kotlin-gradle-plugin-idea-proto:1.9.0) with MergeInstrumentationAnalysisTransform
Transforming kotlin-gradle-plugin-idea-1.9.0.jar (org.jetbrains.kotlin:kotlin-gradle-plugin-idea:1.9.0) with InstrumentationAnalysisTransform
Transforming kotlin-gradle-plugin-idea-1.9.0.jar (org.jetbrains.kotlin:kotlin-gradle-plugin-idea:1.9.0) with MergeInstrumentationAnalysisTransform
Transforming kotlin-project-model-1.9.0.jar (org.jetbrains.kotlin:kotlin-project-model:1.9.0) with InstrumentationAnalysisTransform
Transforming kotlin-project-model-1.9.0.jar (org.jetbrains.kotlin:kotlin-project-model:1.9.0) with MergeInstrumentationAnalysisTransform
Transforming kotlin-tooling-core-1.9.0.jar (org.jetbrains.kotlin:kotlin-tooling-core:1.9.0) with InstrumentationAnalysisTransform
Transforming kotlin-tooling-core-1.9.0.jar (org.jetbrains.kotlin:kotlin-tooling-core:1.9.0) with MergeInstrumentationAnalysisTransform
Transforming kotlin-klib-commonizer-api-1.9.0.jar (org.jetbrains.kotlin:kotlin-klib-commonizer-api:1.9.0) with InstrumentationAnalysisTransform
Transforming kotlin-klib-commonizer-api-1.9.0.jar (org.jetbrains.kotlin:kotlin-klib-commonizer-api:1.9.0) with MergeInstrumentationAnalysisTransform
Transforming kotlin-native-utils-1.9.0.jar (org.jetbrains.kotlin:kotlin-native-utils:1.9.0) with InstrumentationAnalysisTransform
Transforming kotlin-native-utils-1.9.0.jar (org.jetbrains.kotlin:kotlin-native-utils:1.9.0) with MergeInstrumentationAnalysisTransform
Transforming kotlin-util-klib-1.9.0.jar (org.jetbrains.kotlin:kotlin-util-klib:1.9.0) with InstrumentationAnalysisTransform
Transforming kotlin-util-klib-1.9.0.jar (org.jetbrains.kotlin:kotlin-util-klib:1.9.0) with MergeInstrumentationAnalysisTransform
Transforming kotlin-build-tools-api-1.9.0.jar (org.jetbrains.kotlin:kotlin-build-tools-api:1.9.0) with InstrumentationAnalysisTransform
Transforming kotlin-build-tools-api-1.9.0.jar (org.jetbrains.kotlin:kotlin-build-tools-api:1.9.0) with MergeInstrumentationAnalysisTransform
Transforming kotlin-android-extensions-1.9.0.jar (org.jetbrains.kotlin:kotlin-android-extensions:1.9.0) with InstrumentationAnalysisTransform
Transforming kotlin-android-extensions-1.9.0.jar (org.jetbrains.kotlin:kotlin-android-extensions:1.9.0) with MergeInstrumentationAnalysisTransform
Transforming kotlin-compiler-runner-1.9.0.jar (org.jetbrains.kotlin:kotlin-compiler-runner:1.9.0) with InstrumentationAnalysisTransform
Transforming kotlin-compiler-runner-1.9.0.jar (org.jetbrains.kotlin:kotlin-compiler-runner:1.9.0) with MergeInstrumentationAnalysisTransform
Transforming kotlin-compiler-embeddable-1.9.0.jar (org.jetbrains.kotlin:kotlin-compiler-embeddable:1.9.0) with InstrumentationAnalysisTransform
Transforming kotlin-compiler-embeddable-1.9.0.jar (org.jetbrains.kotlin:kotlin-compiler-embeddable:1.9.0) with MergeInstrumentationAnalysisTransform
Transforming kotlin-scripting-compiler-embeddable-1.9.0.jar (org.jetbrains.kotlin:kotlin-scripting-compiler-embeddable:1.9.0) with InstrumentationAnalysisTransform
Transforming kotlin-scripting-compiler-embeddable-1.9.0.jar (org.jetbrains.kotlin:kotlin-scripting-compiler-embeddable:1.9.0) with MergeInstrumentationAnalysisTransform
Transforming kotlin-scripting-compiler-impl-embeddable-1.9.0.jar (org.jetbrains.kotlin:kotlin-scripting-compiler-impl-embeddable:1.9.0) with InstrumentationAnalysisTransform
Transforming kotlin-scripting-compiler-impl-embeddable-1.9.0.jar (org.jetbrains.kotlin:kotlin-scripting-compiler-impl-embeddable:1.9.0) with MergeInstrumentationAnalysisTransform
Transforming kotlin-reflect-1.9.0.jar (org.jetbrains.kotlin:kotlin-reflect:1.9.0) with InstrumentationAnalysisTransform
Transforming kotlin-reflect-1.9.0.jar (org.jetbrains.kotlin:kotlin-reflect:1.9.0) with MergeInstrumentationAnalysisTransform
Transforming kotlin-stdlib-jdk7-1.9.0.jar (org.jetbrains.kotlin:kotlin-stdlib-jdk7:1.9.0) with InstrumentationAnalysisTransform
Transforming kotlin-stdlib-jdk7-1.9.0.jar (org.jetbrains.kotlin:kotlin-stdlib-jdk7:1.9.0) with MergeInstrumentationAnalysisTransform
Transforming kotlin-stdlib-1.9.0.jar (org.jetbrains.kotlin:kotlin-stdlib:1.9.0) with InstrumentationAnalysisTransform
Transforming kotlin-stdlib-1.9.0.jar (org.jetbrains.kotlin:kotlin-stdlib:1.9.0) with MergeInstrumentationAnalysisTransform
Transforming kotlin-stdlib-common-1.9.0.jar (org.jetbrains.kotlin:kotlin-stdlib-common:1.9.0) with InstrumentationAnalysisTransform
Transforming tink-1.7.0.jar (com.google.crypto.tink:tink:1.7.0) with ExternalDependencyInstrumentingArtifactTransform
Transforming protos-31.2.1.jar (com.android.tools.analytics-library:protos:31.2.1) with ExternalDependencyInstrumentingArtifactTransform
Transforming grpc-protobuf-1.45.1.jar (io.grpc:grpc-protobuf:1.45.1) with ExternalDependencyInstrumentingArtifactTransform
Transforming proto-google-common-protos-2.0.1.jar (com.google.api.grpc:proto-google-common-protos:2.0.1) with ExternalDependencyInstrumentingArtifactTransform
Transforming protobuf-java-3.19.3.jar (com.google.protobuf:protobuf-java:3.19.3) with ExternalDependencyInstrumentingArtifactTransform
Transforming grpc-netty-1.45.1.jar (io.grpc:grpc-netty:1.45.1) with ExternalDependencyInstrumentingArtifactTransform
Transforming gson-2.10.jar (com.google.code.gson:gson:2.10) with ExternalDependencyInstrumentingArtifactTransform
Transforming grpc-core-1.45.1.jar (io.grpc:grpc-core:1.45.1) with ExternalDependencyInstrumentingArtifactTransform
Transforming grpc-stub-1.45.1.jar (io.grpc:grpc-stub:1.45.1) with ExternalDependencyInstrumentingArtifactTransform
Transforming core-proto-0.0.8-alpha08.jar (com.google.testing.platform:core-proto:0.0.8-alpha08) with ExternalDependencyInstrumentingArtifactTransform
Transforming tensorflow-lite-metadata-0.1.0-rc2.jar (org.tensorflow:tensorflow-lite-metadata:0.1.0-rc2) with ExternalDependencyInstrumentingArtifactTransform
Transforming flatbuffers-java-1.12.0.jar (com.google.flatbuffers:flatbuffers-java:1.12.0) with ExternalDependencyInstrumentingArtifactTransform
Transforming kotlin-gradle-plugin-idea-proto-1.9.0.jar (org.jetbrains.kotlin:kotlin-gradle-plugin-idea-proto:1.9.0) with ExternalDependencyInstrumentingArtifactTransform
Transforming kotlin-gradle-plugin-idea-1.9.0.jar (org.jetbrains.kotlin:kotlin-gradle-plugin-idea:1.9.0) with ExternalDependencyInstrumentingArtifactTransform
Transforming kotlin-project-model-1.9.0.jar (org.jetbrains.kotlin:kotlin-project-model:1.9.0) with ExternalDependencyInstrumentingArtifactTransform
Transforming kotlin-tooling-core-1.9.0.jar (org.jetbrains.kotlin:kotlin-tooling-core:1.9.0) with ExternalDependencyInstrumentingArtifactTransform
Transforming kotlin-klib-commonizer-api-1.9.0.jar (org.jetbrains.kotlin:kotlin-klib-commonizer-api:1.9.0) with ExternalDependencyInstrumentingArtifactTransform
Transforming kotlin-native-utils-1.9.0.jar (org.jetbrains.kotlin:kotlin-native-utils:1.9.0) with ExternalDependencyInstrumentingArtifactTransform
Transforming kotlin-stdlib-common-1.9.0.jar (org.jetbrains.kotlin:kotlin-stdlib-common:1.9.0) with MergeInstrumentationAnalysisTransform
Transforming kotlin-compiler-embeddable-1.9.0.jar (org.jetbrains.kotlin:kotlin-compiler-embeddable:1.9.0) with ExternalDependencyInstrumentingArtifactTransform
Transforming kotlin-compiler-runner-1.9.0.jar (org.jetbrains.kotlin:kotlin-compiler-runner:1.9.0) with ExternalDependencyInstrumentingArtifactTransform
Transforming kotlin-scripting-compiler-embeddable-1.9.0.jar (org.jetbrains.kotlin:kotlin-scripting-compiler-embeddable:1.9.0) with ExternalDependencyInstrumentingArtifactTransform
Transforming kotlin-scripting-compiler-impl-embeddable-1.9.0.jar (org.jetbrains.kotlin:kotlin-scripting-compiler-impl-embeddable:1.9.0) with ExternalDependencyInstrumentingArtifactTransform
Transforming kotlin-reflect-1.9.0.jar (org.jetbrains.kotlin:kotlin-reflect:1.9.0) with ExternalDependencyInstrumentingArtifactTransform
Transforming kotlin-stdlib-jdk7-1.9.0.jar (org.jetbrains.kotlin:kotlin-stdlib-jdk7:1.9.0) with ExternalDependencyInstrumentingArtifactTransform
Transforming kotlin-stdlib-1.9.0.jar (org.jetbrains.kotlin:kotlin-stdlib:1.9.0) with ExternalDependencyInstrumentingArtifactTransform
Transforming kotlin-stdlib-common-1.9.0.jar (org.jetbrains.kotlin:kotlin-stdlib-common:1.9.0) with ExternalDependencyInstrumentingArtifactTransform
Transforming kotlin-android-extensions-1.9.0.jar (org.jetbrains.kotlin:kotlin-android-extensions:1.9.0) with ExternalDependencyInstrumentingArtifactTransform
Transforming kotlin-build-tools-api-1.9.0.jar (org.jetbrains.kotlin:kotlin-build-tools-api:1.9.0) with ExternalDependencyInstrumentingArtifactTransform
Transforming kotlin-util-klib-1.9.0.jar (org.jetbrains.kotlin:kotlin-util-klib:1.9.0) with ExternalDependencyInstrumentingArtifactTransform
Transforming jimfs-1.1.jar (com.google.jimfs:jimfs:1.1) with InstrumentationAnalysisTransform
Transforming jimfs-1.1.jar (com.google.jimfs:jimfs:1.1) with MergeInstrumentationAnalysisTransform
Transforming grpc-protobuf-lite-1.45.1.jar (io.grpc:grpc-protobuf-lite:1.45.1) with InstrumentationAnalysisTransform
Transforming grpc-protobuf-lite-1.45.1.jar (io.grpc:grpc-protobuf-lite:1.45.1) with MergeInstrumentationAnalysisTransform
Transforming grpc-api-1.45.1.jar (io.grpc:grpc-api:1.45.1) with InstrumentationAnalysisTransform
Transforming grpc-api-1.45.1.jar (io.grpc:grpc-api:1.45.1) with MergeInstrumentationAnalysisTransform
Transforming guava-31.1-jre.jar (com.google.guava:guava:31.1-jre) with InstrumentationAnalysisTransform
Transforming guava-31.1-jre.jar (com.google.guava:guava:31.1-jre) with MergeInstrumentationAnalysisTransform
Transforming dagger-2.28.3.jar (com.google.dagger:dagger:2.28.3) with InstrumentationAnalysisTransform
Transforming dagger-2.28.3.jar (com.google.dagger:dagger:2.28.3) with MergeInstrumentationAnalysisTransform
Transforming javax.inject-1.jar (javax.inject:javax.inject:1) with InstrumentationAnalysisTransform
Transforming javax.inject-1.jar (javax.inject:javax.inject:1) with MergeInstrumentationAnalysisTransform
Transforming kxml2-2.3.0.jar (net.sf.kxml:kxml2:2.3.0) with InstrumentationAnalysisTransform
Transforming kxml2-2.3.0.jar (net.sf.kxml:kxml2:2.3.0) with MergeInstrumentationAnalysisTransform
Transforming bcprov-jdk15on-1.67.jar (org.bouncycastle:bcprov-jdk15on:1.67) with InstrumentationAnalysisTransform
Transforming bcprov-jdk15on-1.67.jar (org.bouncycastle:bcprov-jdk15on:1.67) with MergeInstrumentationAnalysisTransform
Transforming trove4j-1.0.20200330.jar (org.jetbrains.intellij.deps:trove4j:1.0.20200330) with InstrumentationAnalysisTransform
Transforming trove4j-1.0.20200330.jar (org.jetbrains.intellij.deps:trove4j:1.0.20200330) with MergeInstrumentationAnalysisTransform
Transforming xercesImpl-2.12.0.jar (xerces:xercesImpl:2.12.0) with InstrumentationAnalysisTransform
Transforming xercesImpl-2.12.0.jar (xerces:xercesImpl:2.12.0) with MergeInstrumentationAnalysisTransform
Transforming commons-compress-1.21.jar (org.apache.commons:commons-compress:1.21) with InstrumentationAnalysisTransform
Transforming commons-compress-1.21.jar (org.apache.commons:commons-compress:1.21) with MergeInstrumentationAnalysisTransform
Transforming httpclient-4.5.14.jar (org.apache.httpcomponents:httpclient:4.5.14) with InstrumentationAnalysisTransform
Transforming httpclient-4.5.14.jar (org.apache.httpcomponents:httpclient:4.5.14) with MergeInstrumentationAnalysisTransform
Transforming httpcore-4.4.16.jar (org.apache.httpcomponents:httpcore:4.4.16) with InstrumentationAnalysisTransform
Transforming httpcore-4.4.16.jar (org.apache.httpcomponents:httpcore:4.4.16) with MergeInstrumentationAnalysisTransform
Transforming javax.activation-1.2.0.jar (com.sun.activation:javax.activation:1.2.0) with InstrumentationAnalysisTransform
Transforming javax.activation-1.2.0.jar (com.sun.activation:javax.activation:1.2.0) with MergeInstrumentationAnalysisTransform
Transforming annotations-13.0.jar (org.jetbrains:annotations:13.0) with InstrumentationAnalysisTransform
Transforming jimfs-1.1.jar (com.google.jimfs:jimfs:1.1) with ExternalDependencyInstrumentingArtifactTransform
Transforming grpc-protobuf-lite-1.45.1.jar (io.grpc:grpc-protobuf-lite:1.45.1) with ExternalDependencyInstrumentingArtifactTransform
Transforming grpc-api-1.45.1.jar (io.grpc:grpc-api:1.45.1) with ExternalDependencyInstrumentingArtifactTransform
Transforming dagger-2.28.3.jar (com.google.dagger:dagger:2.28.3) with ExternalDependencyInstrumentingArtifactTransform
Transforming kxml2-2.3.0.jar (net.sf.kxml:kxml2:2.3.0) with ExternalDependencyInstrumentingArtifactTransform
Transforming bcprov-jdk15on-1.67.jar (org.bouncycastle:bcprov-jdk15on:1.67) with ExternalDependencyInstrumentingArtifactTransform
Transforming xercesImpl-2.12.0.jar (xerces:xercesImpl:2.12.0) with ExternalDependencyInstrumentingArtifactTransform
Transforming commons-compress-1.21.jar (org.apache.commons:commons-compress:1.21) with ExternalDependencyInstrumentingArtifactTransform
Transforming httpclient-4.5.14.jar (org.apache.httpcomponents:httpclient:4.5.14) with ExternalDependencyInstrumentingArtifactTransform
Transforming httpcore-4.4.16.jar (org.apache.httpcomponents:httpcore:4.4.16) with ExternalDependencyInstrumentingArtifactTransform
Transforming javax.activation-1.2.0.jar (com.sun.activation:javax.activation:1.2.0) with ExternalDependencyInstrumentingArtifactTransform
Transforming annotations-13.0.jar (org.jetbrains:annotations:13.0) with MergeInstrumentationAnalysisTransform
Transforming trove4j-1.0.20200330.jar (org.jetbrains.intellij.deps:trove4j:1.0.20200330) with ExternalDependencyInstrumentingArtifactTransform
Transforming signflinger-8.2.1.jar (com.android:signflinger:8.2.1) with InstrumentationAnalysisTransform
Transforming signflinger-8.2.1.jar (com.android:signflinger:8.2.1) with MergeInstrumentationAnalysisTransform
Transforming zipflinger-8.2.1.jar (com.android:zipflinger:8.2.1) with InstrumentationAnalysisTransform
Transforming zipflinger-8.2.1.jar (com.android:zipflinger:8.2.1) with MergeInstrumentationAnalysisTransform
Transforming annotations-31.2.1.jar (com.android.tools:annotations:31.2.1) with InstrumentationAnalysisTransform
Transforming annotations-31.2.1.jar (com.android.tools:annotations:31.2.1) with MergeInstrumentationAnalysisTransform
Transforming jna-platform-5.6.0.jar (net.java.dev.jna:jna-platform:5.6.0) with InstrumentationAnalysisTransform
Transforming jna-platform-5.6.0.jar (net.java.dev.jna:jna-platform:5.6.0) with MergeInstrumentationAnalysisTransform
Transforming juniversalchardet-1.0.3.jar (com.googlecode.juniversalchardet:juniversalchardet:1.0.3) with InstrumentationAnalysisTransform
Transforming juniversalchardet-1.0.3.jar (com.googlecode.juniversalchardet:juniversalchardet:1.0.3) with MergeInstrumentationAnalysisTransform
Transforming javax.annotation-api-1.3.2.jar (javax.annotation:javax.annotation-api:1.3.2) with InstrumentationAnalysisTransform
Transforming javax.annotation-api-1.3.2.jar (javax.annotation:javax.annotation-api:1.3.2) with MergeInstrumentationAnalysisTransform
Transforming stax-ex-1.8.1.jar (org.jvnet.staxex:stax-ex:1.8.1) with InstrumentationAnalysisTransform
Transforming stax-ex-1.8.1.jar (org.jvnet.staxex:stax-ex:1.8.1) with MergeInstrumentationAnalysisTransform
Transforming jakarta.xml.bind-api-2.3.2.jar (jakarta.xml.bind:jakarta.xml.bind-api:2.3.2) with InstrumentationAnalysisTransform
Transforming jakarta.xml.bind-api-2.3.2.jar (jakarta.xml.bind:jakarta.xml.bind-api:2.3.2) with MergeInstrumentationAnalysisTransform
Transforming txw2-2.3.2.jar (org.glassfish.jaxb:txw2:2.3.2) with InstrumentationAnalysisTransform
Transforming txw2-2.3.2.jar (org.glassfish.jaxb:txw2:2.3.2) with MergeInstrumentationAnalysisTransform
Transforming istack-commons-runtime-3.0.8.jar (com.sun.istack:istack-commons-runtime:3.0.8) with InstrumentationAnalysisTransform
Transforming javax.inject-1.jar (javax.inject:javax.inject:1) with ExternalDependencyInstrumentingArtifactTransform
Transforming annotations-31.2.1.jar (com.android.tools:annotations:31.2.1) with ExternalDependencyInstrumentingArtifactTransform
Transforming jna-platform-5.6.0.jar (net.java.dev.jna:jna-platform:5.6.0) with ExternalDependencyInstrumentingArtifactTransform
Transforming juniversalchardet-1.0.3.jar (com.googlecode.juniversalchardet:juniversalchardet:1.0.3) with ExternalDependencyInstrumentingArtifactTransform
Transforming javax.annotation-api-1.3.2.jar (javax.annotation:javax.annotation-api:1.3.2) with ExternalDependencyInstrumentingArtifactTransform
Transforming stax-ex-1.8.1.jar (org.jvnet.staxex:stax-ex:1.8.1) with ExternalDependencyInstrumentingArtifactTransform
Transforming guava-31.1-jre.jar (com.google.guava:guava:31.1-jre) with ExternalDependencyInstrumentingArtifactTransform
Transforming txw2-2.3.2.jar (org.glassfish.jaxb:txw2:2.3.2) with ExternalDependencyInstrumentingArtifactTransform
Transforming jakarta.xml.bind-api-2.3.2.jar (jakarta.xml.bind:jakarta.xml.bind-api:2.3.2) with ExternalDependencyInstrumentingArtifactTransform
Transforming istack-commons-runtime-3.0.8.jar (com.sun.istack:istack-commons-runtime:3.0.8) with MergeInstrumentationAnalysisTransform
Transforming signflinger-8.2.1.jar (com.android:signflinger:8.2.1) with ExternalDependencyInstrumentingArtifactTransform
Transforming istack-commons-runtime-3.0.8.jar (com.sun.istack:istack-commons-runtime:3.0.8) with ExternalDependencyInstrumentingArtifactTransform
Transforming zipflinger-8.2.1.jar (com.android:zipflinger:8.2.1) with ExternalDependencyInstrumentingArtifactTransform
Transforming annotations-13.0.jar (org.jetbrains:annotations:13.0) with ExternalDependencyInstrumentingArtifactTransform
Transforming FastInfoset-1.2.16.jar (com.sun.xml.fastinfoset:FastInfoset:1.2.16) with InstrumentationAnalysisTransform
Transforming FastInfoset-1.2.16.jar (com.sun.xml.fastinfoset:FastInfoset:1.2.16) with MergeInstrumentationAnalysisTransform
Transforming jakarta.activation-api-1.2.1.jar (jakarta.activation:jakarta.activation-api:1.2.1) with InstrumentationAnalysisTransform
Transforming jakarta.activation-api-1.2.1.jar (jakarta.activation:jakarta.activation-api:1.2.1) with MergeInstrumentationAnalysisTransform
Transforming auto-value-annotations-1.6.2.jar (com.google.auto.value:auto-value-annotations:1.6.2) with InstrumentationAnalysisTransform
Transforming FastInfoset-1.2.16.jar (com.sun.xml.fastinfoset:FastInfoset:1.2.16) with ExternalDependencyInstrumentingArtifactTransform
Transforming auto-value-annotations-1.6.2.jar (com.google.auto.value:auto-value-annotations:1.6.2) with MergeInstrumentationAnalysisTransform
Transforming error_prone_annotations-2.11.0.jar (com.google.errorprone:error_prone_annotations:2.11.0) with InstrumentationAnalysisTransform
Transforming error_prone_annotations-2.11.0.jar (com.google.errorprone:error_prone_annotations:2.11.0) with MergeInstrumentationAnalysisTransform
Transforming jose4j-0.7.0.jar (org.bitbucket.b_c:jose4j:0.7.0) with InstrumentationAnalysisTransform
Transforming jose4j-0.7.0.jar (org.bitbucket.b_c:jose4j:0.7.0) with MergeInstrumentationAnalysisTransform
Transforming auto-value-annotations-1.6.2.jar (com.google.auto.value:auto-value-annotations:1.6.2) with ExternalDependencyInstrumentingArtifactTransform
Transforming error_prone_annotations-2.11.0.jar (com.google.errorprone:error_prone_annotations:2.11.0) with ExternalDependencyInstrumentingArtifactTransform
Transforming jose4j-0.7.0.jar (org.bitbucket.b_c:jose4j:0.7.0) with ExternalDependencyInstrumentingArtifactTransform
Transforming jakarta.activation-api-1.2.1.jar (jakarta.activation:jakarta.activation-api:1.2.1) with ExternalDependencyInstrumentingArtifactTransform
Transforming slf4j-api-1.7.30.jar (org.slf4j:slf4j-api:1.7.30) with InstrumentationAnalysisTransform
Transforming slf4j-api-1.7.30.jar (org.slf4j:slf4j-api:1.7.30) with MergeInstrumentationAnalysisTransform
Transforming jdom2-2.0.6.jar (org.jdom:jdom2:2.0.6) with InstrumentationAnalysisTransform
Transforming jdom2-2.0.6.jar (org.jdom:jdom2:2.0.6) with MergeInstrumentationAnalysisTransform
Transforming j2objc-annotations-1.3.jar (com.google.j2objc:j2objc-annotations:1.3) with InstrumentationAnalysisTransform
Transforming j2objc-annotations-1.3.jar (com.google.j2objc:j2objc-annotations:1.3) with MergeInstrumentationAnalysisTransform
Transforming jsr305-3.0.2.jar (com.google.code.findbugs:jsr305:3.0.2) with InstrumentationAnalysisTransform
Transforming jsr305-3.0.2.jar (com.google.code.findbugs:jsr305:3.0.2) with MergeInstrumentationAnalysisTransform
Transforming annotations-4.1.1.4.jar (com.google.android:annotations:4.1.1.4) with InstrumentationAnalysisTransform
Transforming j2objc-annotations-1.3.jar (com.google.j2objc:j2objc-annotations:1.3) with ExternalDependencyInstrumentingArtifactTransform
Transforming jsr305-3.0.2.jar (com.google.code.findbugs:jsr305:3.0.2) with ExternalDependencyInstrumentingArtifactTransform
Transforming slf4j-api-1.7.30.jar (org.slf4j:slf4j-api:1.7.30) with ExternalDependencyInstrumentingArtifactTransform
Transforming jdom2-2.0.6.jar (org.jdom:jdom2:2.0.6) with ExternalDependencyInstrumentingArtifactTransform
Transforming annotations-4.1.1.4.jar (com.google.android:annotations:4.1.1.4) with MergeInstrumentationAnalysisTransform
Transforming animal-sniffer-annotations-1.19.jar (org.codehaus.mojo:animal-sniffer-annotations:1.19) with InstrumentationAnalysisTransform
Transforming annotations-4.1.1.4.jar (com.google.android:annotations:4.1.1.4) with ExternalDependencyInstrumentingArtifactTransform
Transforming animal-sniffer-annotations-1.19.jar (org.codehaus.mojo:animal-sniffer-annotations:1.19) with MergeInstrumentationAnalysisTransform
Transforming perfmark-api-0.23.0.jar (io.perfmark:perfmark-api:0.23.0) with InstrumentationAnalysisTransform
Transforming perfmark-api-0.23.0.jar (io.perfmark:perfmark-api:0.23.0) with MergeInstrumentationAnalysisTransform
Transforming animal-sniffer-annotations-1.19.jar (org.codehaus.mojo:animal-sniffer-annotations:1.19) with ExternalDependencyInstrumentingArtifactTransform
Transforming netty-codec-http2-4.1.72.Final.jar (io.netty:netty-codec-http2:4.1.72.Final) with InstrumentationAnalysisTransform
Transforming netty-codec-http2-4.1.72.Final.jar (io.netty:netty-codec-http2:4.1.72.Final) with MergeInstrumentationAnalysisTransform
Transforming netty-handler-proxy-4.1.72.Final.jar (io.netty:netty-handler-proxy:4.1.72.Final) with InstrumentationAnalysisTransform
Transforming perfmark-api-0.23.0.jar (io.perfmark:perfmark-api:0.23.0) with ExternalDependencyInstrumentingArtifactTransform
Transforming netty-handler-proxy-4.1.72.Final.jar (io.netty:netty-handler-proxy:4.1.72.Final) with MergeInstrumentationAnalysisTransform
Transforming checker-qual-3.12.0.jar (org.checkerframework:checker-qual:3.12.0) with InstrumentationAnalysisTransform
Transforming checker-qual-3.12.0.jar (org.checkerframework:checker-qual:3.12.0) with MergeInstrumentationAnalysisTransform
Transforming netty-codec-http2-4.1.72.Final.jar (io.netty:netty-codec-http2:4.1.72.Final) with ExternalDependencyInstrumentingArtifactTransform
Transforming netty-handler-proxy-4.1.72.Final.jar (io.netty:netty-handler-proxy:4.1.72.Final) with ExternalDependencyInstrumentingArtifactTransform
Transforming commons-codec-1.11.jar (commons-codec:commons-codec:1.11) with InstrumentationAnalysisTransform
Transforming checker-qual-3.12.0.jar (org.checkerframework:checker-qual:3.12.0) with ExternalDependencyInstrumentingArtifactTransform
Transforming commons-codec-1.11.jar (commons-codec:commons-codec:1.11) with MergeInstrumentationAnalysisTransform
Transforming apksig-8.2.1.jar (com.android.tools.build:apksig:8.2.1) with InstrumentationAnalysisTransform
Transforming apksig-8.2.1.jar (com.android.tools.build:apksig:8.2.1) with MergeInstrumentationAnalysisTransform
Transforming javawriter-2.5.0.jar (com.squareup:javawriter:2.5.0) with InstrumentationAnalysisTransform
Transforming commons-codec-1.11.jar (commons-codec:commons-codec:1.11) with ExternalDependencyInstrumentingArtifactTransform
Transforming javawriter-2.5.0.jar (com.squareup:javawriter:2.5.0) with MergeInstrumentationAnalysisTransform
Transforming kotlin-gradle-plugin-annotations-1.9.0.jar (org.jetbrains.kotlin:kotlin-gradle-plugin-annotations:1.9.0) with InstrumentationAnalysisTransform
Transforming kotlin-gradle-plugin-annotations-1.9.0.jar (org.jetbrains.kotlin:kotlin-gradle-plugin-annotations:1.9.0) with MergeInstrumentationAnalysisTransform
Transforming kotlin-util-io-1.9.0.jar (org.jetbrains.kotlin:kotlin-util-io:1.9.0) with InstrumentationAnalysisTransform
Transforming apksig-8.2.1.jar (com.android.tools.build:apksig:8.2.1) with ExternalDependencyInstrumentingArtifactTransform
Transforming javawriter-2.5.0.jar (com.squareup:javawriter:2.5.0) with ExternalDependencyInstrumentingArtifactTransform
Transforming kotlin-util-io-1.9.0.jar (org.jetbrains.kotlin:kotlin-util-io:1.9.0) with MergeInstrumentationAnalysisTransform
Transforming kotlin-daemon-embeddable-1.9.0.jar (org.jetbrains.kotlin:kotlin-daemon-embeddable:1.9.0) with InstrumentationAnalysisTransform
Transforming kotlin-daemon-embeddable-1.9.0.jar (org.jetbrains.kotlin:kotlin-daemon-embeddable:1.9.0) with MergeInstrumentationAnalysisTransform
Transforming kotlin-daemon-client-1.9.0.jar (org.jetbrains.kotlin:kotlin-daemon-client:1.9.0) with InstrumentationAnalysisTransform
Transforming kotlin-daemon-client-1.9.0.jar (org.jetbrains.kotlin:kotlin-daemon-client:1.9.0) with MergeInstrumentationAnalysisTransform
Transforming kotlinx-coroutines-core-jvm-1.5.0.jar (org.jetbrains.kotlinx:kotlinx-coroutines-core-jvm:1.5.0) with InstrumentationAnalysisTransform
Transforming kotlin-util-io-1.9.0.jar (org.jetbrains.kotlin:kotlin-util-io:1.9.0) with ExternalDependencyInstrumentingArtifactTransform
Transforming kotlinx-coroutines-core-jvm-1.5.0.jar (org.jetbrains.kotlinx:kotlinx-coroutines-core-jvm:1.5.0) with MergeInstrumentationAnalysisTransform
Transforming kotlin-scripting-jvm-1.9.0.jar (org.jetbrains.kotlin:kotlin-scripting-jvm:1.9.0) with InstrumentationAnalysisTransform
Transforming kotlin-daemon-embeddable-1.9.0.jar (org.jetbrains.kotlin:kotlin-daemon-embeddable:1.9.0) with ExternalDependencyInstrumentingArtifactTransform
Transforming kotlin-scripting-jvm-1.9.0.jar (org.jetbrains.kotlin:kotlin-scripting-jvm:1.9.0) with MergeInstrumentationAnalysisTransform
Transforming kotlin-scripting-common-1.9.0.jar (org.jetbrains.kotlin:kotlin-scripting-common:1.9.0) with InstrumentationAnalysisTransform
Transforming kotlin-scripting-common-1.9.0.jar (org.jetbrains.kotlin:kotlin-scripting-common:1.9.0) with MergeInstrumentationAnalysisTransform
Transforming failureaccess-1.0.1.jar (com.google.guava:failureaccess:1.0.1) with InstrumentationAnalysisTransform
Transforming failureaccess-1.0.1.jar (com.google.guava:failureaccess:1.0.1) with MergeInstrumentationAnalysisTransform
Transforming kotlinx-coroutines-core-jvm-1.5.0.jar (org.jetbrains.kotlinx:kotlinx-coroutines-core-jvm:1.5.0) with ExternalDependencyInstrumentingArtifactTransform
Transforming kotlin-scripting-common-1.9.0.jar (org.jetbrains.kotlin:kotlin-scripting-common:1.9.0) with ExternalDependencyInstrumentingArtifactTransform
Transforming failureaccess-1.0.1.jar (com.google.guava:failureaccess:1.0.1) with ExternalDependencyInstrumentingArtifactTransform
Transforming kotlin-scripting-jvm-1.9.0.jar (org.jetbrains.kotlin:kotlin-scripting-jvm:1.9.0) with ExternalDependencyInstrumentingArtifactTransform
Transforming kotlin-gradle-plugin-annotations-1.9.0.jar (org.jetbrains.kotlin:kotlin-gradle-plugin-annotations:1.9.0) with ExternalDependencyInstrumentingArtifactTransform
Transforming listenablefuture-9999.0-empty-to-avoid-conflict-with-guava.jar (com.google.guava:listenablefuture:9999.0-empty-to-avoid-conflict-with-guava) with InstrumentationAnalysisTransform
Transforming listenablefuture-9999.0-empty-to-avoid-conflict-with-guava.jar (com.google.guava:listenablefuture:9999.0-empty-to-avoid-conflict-with-guava) with MergeInstrumentationAnalysisTransform
Transforming xml-apis-1.4.01.jar (xml-apis:xml-apis:1.4.01) with InstrumentationAnalysisTransform
Transforming xml-apis-1.4.01.jar (xml-apis:xml-apis:1.4.01) with MergeInstrumentationAnalysisTransform
Transforming commons-logging-1.2.jar (commons-logging:commons-logging:1.2) with InstrumentationAnalysisTransform
Transforming listenablefuture-9999.0-empty-to-avoid-conflict-with-guava.jar (com.google.guava:listenablefuture:9999.0-empty-to-avoid-conflict-with-guava) with ExternalDependencyInstrumentingArtifactTransform
Transforming commons-logging-1.2.jar (commons-logging:commons-logging:1.2) with MergeInstrumentationAnalysisTransform
Transforming jna-5.6.0.jar (net.java.dev.jna:jna:5.6.0) with InstrumentationAnalysisTransform
Transforming jna-5.6.0.jar (net.java.dev.jna:jna:5.6.0) with MergeInstrumentationAnalysisTransform
Transforming grpc-context-1.45.1.jar (io.grpc:grpc-context:1.45.1) with InstrumentationAnalysisTransform
Transforming xml-apis-1.4.01.jar (xml-apis:xml-apis:1.4.01) with ExternalDependencyInstrumentingArtifactTransform
Transforming grpc-context-1.45.1.jar (io.grpc:grpc-context:1.45.1) with MergeInstrumentationAnalysisTransform
Transforming netty-codec-http-4.1.72.Final.jar (io.netty:netty-codec-http:4.1.72.Final) with InstrumentationAnalysisTransform
Transforming netty-codec-http-4.1.72.Final.jar (io.netty:netty-codec-http:4.1.72.Final) with MergeInstrumentationAnalysisTransform
Transforming netty-handler-4.1.72.Final.jar (io.netty:netty-handler:4.1.72.Final) with InstrumentationAnalysisTransform
Transforming commons-logging-1.2.jar (commons-logging:commons-logging:1.2) with ExternalDependencyInstrumentingArtifactTransform
Transforming jna-5.6.0.jar (net.java.dev.jna:jna:5.6.0) with ExternalDependencyInstrumentingArtifactTransform
Transforming grpc-context-1.45.1.jar (io.grpc:grpc-context:1.45.1) with ExternalDependencyInstrumentingArtifactTransform
Transforming netty-codec-http-4.1.72.Final.jar (io.netty:netty-codec-http:4.1.72.Final) with ExternalDependencyInstrumentingArtifactTransform
Transforming kotlin-daemon-client-1.9.0.jar (org.jetbrains.kotlin:kotlin-daemon-client:1.9.0) with ExternalDependencyInstrumentingArtifactTransform
Transforming netty-handler-4.1.72.Final.jar (io.netty:netty-handler:4.1.72.Final) with MergeInstrumentationAnalysisTransform
Transforming netty-codec-socks-4.1.72.Final.jar (io.netty:netty-codec-socks:4.1.72.Final) with InstrumentationAnalysisTransform
Transforming netty-codec-socks-4.1.72.Final.jar (io.netty:netty-codec-socks:4.1.72.Final) with MergeInstrumentationAnalysisTransform
Transforming netty-codec-4.1.72.Final.jar (io.netty:netty-codec:4.1.72.Final) with InstrumentationAnalysisTransform
Transforming netty-codec-4.1.72.Final.jar (io.netty:netty-codec:4.1.72.Final) with MergeInstrumentationAnalysisTransform
Transforming netty-transport-4.1.72.Final.jar (io.netty:netty-transport:4.1.72.Final) with InstrumentationAnalysisTransform
Transforming netty-transport-4.1.72.Final.jar (io.netty:netty-transport:4.1.72.Final) with MergeInstrumentationAnalysisTransform
Transforming netty-buffer-4.1.72.Final.jar (io.netty:netty-buffer:4.1.72.Final) with InstrumentationAnalysisTransform
Transforming netty-codec-socks-4.1.72.Final.jar (io.netty:netty-codec-socks:4.1.72.Final) with ExternalDependencyInstrumentingArtifactTransform
Transforming netty-buffer-4.1.72.Final.jar (io.netty:netty-buffer:4.1.72.Final) with MergeInstrumentationAnalysisTransform
Transforming netty-resolver-4.1.72.Final.jar (io.netty:netty-resolver:4.1.72.Final) with InstrumentationAnalysisTransform
Transforming netty-resolver-4.1.72.Final.jar (io.netty:netty-resolver:4.1.72.Final) with MergeInstrumentationAnalysisTransform
Transforming netty-common-4.1.72.Final.jar (io.netty:netty-common:4.1.72.Final) with InstrumentationAnalysisTransform
Transforming netty-codec-4.1.72.Final.jar (io.netty:netty-codec:4.1.72.Final) with ExternalDependencyInstrumentingArtifactTransform
Transforming netty-common-4.1.72.Final.jar (io.netty:netty-common:4.1.72.Final) with MergeInstrumentationAnalysisTransform
Transforming netty-tcnative-classes-2.0.46.Final.jar (io.netty:netty-tcnative-classes:2.0.46.Final) with InstrumentationAnalysisTransform
Transforming netty-tcnative-classes-2.0.46.Final.jar (io.netty:netty-tcnative-classes:2.0.46.Final) with MergeInstrumentationAnalysisTransform
Transforming netty-transport-4.1.72.Final.jar (io.netty:netty-transport:4.1.72.Final) with ExternalDependencyInstrumentingArtifactTransform
Transforming netty-handler-4.1.72.Final.jar (io.netty:netty-handler:4.1.72.Final) with ExternalDependencyInstrumentingArtifactTransform
Transforming netty-buffer-4.1.72.Final.jar (io.netty:netty-buffer:4.1.72.Final) with ExternalDependencyInstrumentingArtifactTransform
Transforming netty-resolver-4.1.72.Final.jar (io.netty:netty-resolver:4.1.72.Final) with ExternalDependencyInstrumentingArtifactTransform
Transforming netty-common-4.1.72.Final.jar (io.netty:netty-common:4.1.72.Final) with ExternalDependencyInstrumentingArtifactTransform
Transforming netty-tcnative-classes-2.0.46.Final.jar (io.netty:netty-tcnative-classes:2.0.46.Final) with ExternalDependencyInstrumentingArtifactTransform
Transforming gradle-1.0.0.jar (project :gradle) with ProjectDependencyInstrumentingArtifactTransform
Settings evaluated using settings file '/home/cookie/Documents/Projetos/max2d-player-main/android/settings.gradle'.
Projects loaded. Root project using build file '/home/cookie/Documents/Projetos/max2d-player-main/android/build.gradle'.
Included projects: [root project 'android', project ':app', project ':audioplayers', project ':flutter_archive', project ':google_mobile_ads', project ':mic_stream', project ':path_provider_android', project ':permission_handler_android', project ':sensors_plus', project ':webview_flutter_android']

> Configure project :app
Evaluating project ':app' using build file '/home/cookie/Documents/Projetos/max2d-player-main/android/app/build.gradle'.
WARNING: The option 'android.enableR8' is deprecated.
It was removed in version 7.0 of the Android Gradle plugin.
Please remove it from `gradle.properties`.
Using default execution profile
Warning: Flutter support for your project's Android Gradle Plugin version (Android Gradle Plugin version 8.2.1) will soon be dropped. Please upgrade your Android Gradle Plugin version to a version of at least Android Gradle Plugin version 8.6.0 soon.
Alternatively, use the flag "--android-skip-build-dependency-validation" to bypass this check.

Potential fix: Your project's AGP version is typically defined in the plugins block of the `settings.gradle` file (/home/cookie/Documents/Projetos/max2d-player-main/android/settings.gradle), by a plugin with the id of com.android.application. 
If you don't see a plugins block, your project was likely created with an older template version. In this case it is most likely defined in the top-level build.gradle file (/home/cookie/Documents/Projetos/max2d-player-main/android/build.gradle) by the following line in the dependencies block of the buildscript: "classpath 'com.android.tools.build:gradle:<version>'".

C/C++: android.ndkVersion from module build.gradle is [25.1.8937393]
C/C++: android.ndkPath from module build.gradle is not set
C/C++: ndk.dir in local.properties is not set
C/C++: Not considering ANDROID_NDK_HOME because support was removed after deprecation period.
C/C++: sdkFolder is /mnt/devhd/Sdk
C/C++: android.ndkVersion from module build.gradle is [25.1.8937393]
C/C++: android.ndkPath from module build.gradle is not set
C/C++: ndk.dir in local.properties is not set
C/C++: Not considering ANDROID_NDK_HOME because support was removed after deprecation period.
C/C++: sdkFolder is /mnt/devhd/Sdk
C/C++: android.ndkVersion from module build.gradle is [25.1.8937393]
C/C++: android.ndkPath from module build.gradle is not set
C/C++: ndk.dir in local.properties is not set
C/C++: Not considering ANDROID_NDK_HOME because support was removed after deprecation period.
C/C++: sdkFolder is /mnt/devhd/Sdk
C/C++: android.ndkVersion from module build.gradle is [25.1.8937393]
C/C++: android.ndkPath from module build.gradle is not set
C/C++: ndk.dir in local.properties is not set
C/C++: Not considering ANDROID_NDK_HOME because support was removed after deprecation period.
C/C++: sdkFolder is /mnt/devhd/Sdk
C/C++: android.ndkVersion from module build.gradle is [25.1.8937393]
C/C++: android.ndkPath from module build.gradle is not set
C/C++: ndk.dir in local.properties is not set
C/C++: Not considering ANDROID_NDK_HOME because support was removed after deprecation period.
C/C++: sdkFolder is /mnt/devhd/Sdk
C/C++: android.ndkVersion from module build.gradle is [25.1.8937393]
C/C++: android.ndkPath from module build.gradle is not set
C/C++: ndk.dir in local.properties is not set
C/C++: Not considering ANDROID_NDK_HOME because support was removed after deprecation period.
C/C++: sdkFolder is /mnt/devhd/Sdk
C/C++: android.ndkVersion from module build.gradle is [25.1.8937393]
C/C++: android.ndkPath from module build.gradle is not set
C/C++: ndk.dir in local.properties is not set
C/C++: Not considering ANDROID_NDK_HOME because support was removed after deprecation period.
C/C++: sdkFolder is /mnt/devhd/Sdk
C/C++: android.ndkVersion from module build.gradle is [25.1.8937393]
C/C++: android.ndkPath from module build.gradle is not set
C/C++: ndk.dir in local.properties is not set
C/C++: Not considering ANDROID_NDK_HOME because support was removed after deprecation period.
C/C++: sdkFolder is /mnt/devhd/Sdk
C/C++: android.ndkVersion from module build.gradle is [25.1.8937393]
C/C++: android.ndkPath from module build.gradle is not set
C/C++: ndk.dir in local.properties is not set
C/C++: Not considering ANDROID_NDK_HOME because support was removed after deprecation period.
C/C++: sdkFolder is /mnt/devhd/Sdk
C/C++: android.ndkVersion from module build.gradle is [25.1.8937393]
C/C++: android.ndkPath from module build.gradle is not set
C/C++: ndk.dir in local.properties is not set
C/C++: Not considering ANDROID_NDK_HOME because support was removed after deprecation period.
C/C++: sdkFolder is /mnt/devhd/Sdk
C/C++: android.ndkVersion from module build.gradle is [25.1.8937393]
C/C++: android.ndkPath from module build.gradle is not set
C/C++: ndk.dir in local.properties is not set
C/C++: Not considering ANDROID_NDK_HOME because support was removed after deprecation period.
C/C++: sdkFolder is /mnt/devhd/Sdk
C/C++: android.ndkVersion from module build.gradle is [25.1.8937393]
C/C++: android.ndkPath from module build.gradle is not set
C/C++: ndk.dir in local.properties is not set
C/C++: Not considering ANDROID_NDK_HOME because support was removed after deprecation period.
C/C++: sdkFolder is /mnt/devhd/Sdk
C/C++: android.ndkVersion from module build.gradle is [25.1.8937393]
C/C++: android.ndkPath from module build.gradle is not set
C/C++: ndk.dir in local.properties is not set
C/C++: Not considering ANDROID_NDK_HOME because support was removed after deprecation period.
C/C++: sdkFolder is /mnt/devhd/Sdk
C/C++: android.ndkVersion from module build.gradle is [25.1.8937393]
C/C++: android.ndkPath from module build.gradle is not set
C/C++: ndk.dir in local.properties is not set
C/C++: Not considering ANDROID_NDK_HOME because support was removed after deprecation period.
C/C++: sdkFolder is /mnt/devhd/Sdk
C/C++: android.ndkVersion from module build.gradle is [25.1.8937393]
C/C++: android.ndkPath from module build.gradle is not set
C/C++: ndk.dir in local.properties is not set
C/C++: Not considering ANDROID_NDK_HOME because support was removed after deprecation period.
C/C++: sdkFolder is /mnt/devhd/Sdk
C/C++: android.ndkVersion from module build.gradle is [25.1.8937393]
C/C++: android.ndkPath from module build.gradle is not set
C/C++: ndk.dir in local.properties is not set
C/C++: Not considering ANDROID_NDK_HOME because support was removed after deprecation period.
C/C++: sdkFolder is /mnt/devhd/Sdk
Parsed shrinker version: 8.2.42

> Configure project :
Evaluating root project 'android' using build file '/home/cookie/Documents/Projetos/max2d-player-main/android/build.gradle'.

> Configure project :audioplayers
Evaluating project ':audioplayers' using build file '/home/cookie/.pub-cache/hosted/pub.dev/audioplayers-0.20.1/android/build.gradle'.
Transforming gradle-4.2.0.jar (com.android.tools.build:gradle:4.2.0) with InstrumentationAnalysisTransform
Transforming kotlin-gradle-plugin-model-1.9.0.jar (org.jetbrains.kotlin:kotlin-gradle-plugin-model:1.9.0) with InstrumentationAnalysisTransform
Transforming kotlin-gradle-plugin-api-1.9.0-gradle81.jar (org.jetbrains.kotlin:kotlin-gradle-plugin-api:1.9.0) with InstrumentationAnalysisTransform
Transforming kotlin-gradle-plugin-api-1.9.0.jar (org.jetbrains.kotlin:kotlin-gradle-plugin-api:1.9.0) with InstrumentationAnalysisTransform
Transforming kotlin-gradle-plugin-1.9.0-gradle81.jar (org.jetbrains.kotlin:kotlin-gradle-plugin:1.9.0) with InstrumentationAnalysisTransform
Transforming tensorflow-lite-metadata-0.1.0-rc2.jar (org.tensorflow:tensorflow-lite-metadata:0.1.0-rc2) with InstrumentationAnalysisTransform
Transforming flatbuffers-java-1.12.0.jar (com.google.flatbuffers:flatbuffers-java:1.12.0) with InstrumentationAnalysisTransform
Transforming builder-4.2.0.jar (com.android.tools.build:builder:4.2.0) with InstrumentationAnalysisTransform
Transforming aaptcompiler-4.2.0.jar (com.android.tools.build:aaptcompiler:4.2.0) with InstrumentationAnalysisTransform
Transforming bundletool-1.1.0.jar (com.android.tools.build:bundletool:1.1.0) with InstrumentationAnalysisTransform
Transforming manifest-merger-27.2.0.jar (com.android.tools.build:manifest-merger:27.2.0) with InstrumentationAnalysisTransform
Transforming lint-gradle-api-27.2.0.jar (com.android.tools.lint:lint-gradle-api:27.2.0) with InstrumentationAnalysisTransform
Transforming lint-model-27.2.0.jar (com.android.tools.lint:lint-model:27.2.0) with InstrumentationAnalysisTransform
Transforming sdk-common-27.2.0.jar (com.android.tools:sdk-common:27.2.0) with InstrumentationAnalysisTransform
Transforming aapt2-proto-4.2.0-7147631.jar (com.android.tools.build:aapt2-proto:4.2.0-7147631) with InstrumentationAnalysisTransform
Transforming crash-27.2.0.jar (com.android.tools.analytics-library:crash:27.2.0) with InstrumentationAnalysisTransform
Transforming gradle-api-4.2.0.jar (com.android.tools.build:gradle-api:4.2.0) with InstrumentationAnalysisTransform
Transforming databinding-compiler-common-4.2.0.jar (androidx.databinding:databinding-compiler-common:4.2.0) with InstrumentationAnalysisTransform
Transforming builder-model-4.2.0.jar (com.android.tools.build:builder-model:4.2.0) with InstrumentationAnalysisTransform
Transforming builder-test-api-4.2.0.jar (com.android.tools.build:builder-test-api:4.2.0) with InstrumentationAnalysisTransform
Transforming ddmlib-27.2.0.jar (com.android.tools.ddms:ddmlib:27.2.0) with InstrumentationAnalysisTransform
Transforming tracker-27.2.0.jar (com.android.tools.analytics-library:tracker:27.2.0) with InstrumentationAnalysisTransform
Transforming sdklib-27.2.0.jar (com.android.tools:sdklib:27.2.0) with InstrumentationAnalysisTransform
Transforming layoutlib-api-27.2.0.jar (com.android.tools.layoutlib:layoutlib-api:27.2.0) with InstrumentationAnalysisTransform
Transforming dvlib-27.2.0.jar (com.android.tools:dvlib:27.2.0) with InstrumentationAnalysisTransform
Transforming repository-27.2.0.jar (com.android.tools:repository:27.2.0) with InstrumentationAnalysisTransform
Transforming shared-27.2.0.jar (com.android.tools.analytics-library:shared:27.2.0) with InstrumentationAnalysisTransform
Transforming common-27.2.0.jar (com.android.tools:common:27.2.0) with InstrumentationAnalysisTransform
Transforming kotlin-stdlib-jdk8-1.9.0.jar (org.jetbrains.kotlin:kotlin-stdlib-jdk8:1.9.0) with InstrumentationAnalysisTransform
Transforming transform-api-2.0.0-deprecated-use-gradle-api.jar (com.android.tools.build:transform-api:2.0.0-deprecated-use-gradle-api) with InstrumentationAnalysisTransform
Transforming jetifier-processor-1.0.0-beta09.jar (com.android.tools.build.jetifier:jetifier-processor:1.0.0-beta09) with InstrumentationAnalysisTransform
Transforming asm-commons-7.0.jar (org.ow2.asm:asm-commons:7.0) with InstrumentationAnalysisTransform
Transforming asm-util-7.0.jar (org.ow2.asm:asm-util:7.0) with InstrumentationAnalysisTransform
Transforming asm-analysis-7.0.jar (org.ow2.asm:asm-analysis:7.0) with InstrumentationAnalysisTransform
Transforming asm-tree-7.0.jar (org.ow2.asm:asm-tree:7.0) with InstrumentationAnalysisTransform
Transforming asm-7.0.jar (org.ow2.asm:asm:7.0) with InstrumentationAnalysisTransform
Transforming jopt-simple-4.9.jar (net.sf.jopt-simple:jopt-simple:4.9) with InstrumentationAnalysisTransform
Transforming proguard-gradle-6.0.3.jar (net.sf.proguard:proguard-gradle:6.0.3) with InstrumentationAnalysisTransform
Transforming jetifier-core-1.0.0-beta09.jar (com.android.tools.build.jetifier:jetifier-core:1.0.0-beta09) with InstrumentationAnalysisTransform
Transforming javapoet-1.10.0.jar (com.squareup:javapoet:1.10.0) with InstrumentationAnalysisTransform
Transforming protobuf-java-util-3.10.0.jar (com.google.protobuf:protobuf-java-util:3.10.0) with InstrumentationAnalysisTransform
Transforming tink-1.3.0-rc2.jar (com.google.crypto.tink:tink:1.3.0-rc2) with InstrumentationAnalysisTransform
Transforming protos-27.2.0.jar (com.android.tools.analytics-library:protos:27.2.0) with InstrumentationAnalysisTransform
Transforming protobuf-java-3.10.0.jar (com.google.protobuf:protobuf-java:3.10.0) with InstrumentationAnalysisTransform
Transforming core-proto-0.0.8-alpha01.jar (com.google.testing.platform:core-proto:0.0.8-alpha01) with InstrumentationAnalysisTransform
Transforming kotlin-gradle-plugin-idea-proto-1.9.0.jar (org.jetbrains.kotlin:kotlin-gradle-plugin-idea-proto:1.9.0) with InstrumentationAnalysisTransform
Transforming kotlin-gradle-plugin-idea-1.9.0.jar (org.jetbrains.kotlin:kotlin-gradle-plugin-idea:1.9.0) with InstrumentationAnalysisTransform
Transforming kotlin-project-model-1.9.0.jar (org.jetbrains.kotlin:kotlin-project-model:1.9.0) with InstrumentationAnalysisTransform
Transforming kotlin-tooling-core-1.9.0.jar (org.jetbrains.kotlin:kotlin-tooling-core:1.9.0) with InstrumentationAnalysisTransform
Transforming kotlin-klib-commonizer-api-1.9.0.jar (org.jetbrains.kotlin:kotlin-klib-commonizer-api:1.9.0) with InstrumentationAnalysisTransform
Transforming kotlin-native-utils-1.9.0.jar (org.jetbrains.kotlin:kotlin-native-utils:1.9.0) with InstrumentationAnalysisTransform
Transforming kotlin-util-klib-1.9.0.jar (org.jetbrains.kotlin:kotlin-util-klib:1.9.0) with InstrumentationAnalysisTransform
Transforming kotlin-build-tools-api-1.9.0.jar (org.jetbrains.kotlin:kotlin-build-tools-api:1.9.0) with InstrumentationAnalysisTransform
Transforming kotlin-android-extensions-1.9.0.jar (org.jetbrains.kotlin:kotlin-android-extensions:1.9.0) with InstrumentationAnalysisTransform
Transforming kotlin-compiler-runner-1.9.0.jar (org.jetbrains.kotlin:kotlin-compiler-runner:1.9.0) with InstrumentationAnalysisTransform
Transforming kotlin-compiler-embeddable-1.9.0.jar (org.jetbrains.kotlin:kotlin-compiler-embeddable:1.9.0) with InstrumentationAnalysisTransform
Transforming kotlin-scripting-compiler-embeddable-1.9.0.jar (org.jetbrains.kotlin:kotlin-scripting-compiler-embeddable:1.9.0) with InstrumentationAnalysisTransform
Transforming kotlin-scripting-compiler-impl-embeddable-1.9.0.jar (org.jetbrains.kotlin:kotlin-scripting-compiler-impl-embeddable:1.9.0) with InstrumentationAnalysisTransform
Transforming apkzlib-4.2.0.jar (com.android.tools.build:apkzlib:4.2.0) with InstrumentationAnalysisTransform
Transforming jimfs-1.1.jar (com.google.jimfs:jimfs:1.1) with InstrumentationAnalysisTransform
Transforming guava-28.1-jre.jar (com.google.guava:guava:28.1-jre) with InstrumentationAnalysisTransform
Transforming checker-qual-2.8.1.jar (org.checkerframework:checker-qual:2.8.1) with InstrumentationAnalysisTransform
Transforming signflinger-4.2.0.jar (com.android:signflinger:4.2.0) with InstrumentationAnalysisTransform
Transforming zipflinger-4.2.0.jar (com.android:zipflinger:4.2.0) with InstrumentationAnalysisTransform
Transforming apksig-4.2.0.jar (com.android.tools.build:apksig:4.2.0) with InstrumentationAnalysisTransform
Transforming javawriter-2.5.0.jar (com.squareup:javawriter:2.5.0) with InstrumentationAnalysisTransform
Transforming bcpkix-jdk15on-1.56.jar (org.bouncycastle:bcpkix-jdk15on:1.56) with InstrumentationAnalysisTransform
Transforming bcprov-jdk15on-1.56.jar (org.bouncycastle:bcprov-jdk15on:1.56) with InstrumentationAnalysisTransform
Transforming dagger-2.28.3.jar (com.google.dagger:dagger:2.28.3) with InstrumentationAnalysisTransform
Transforming javax.inject-1.jar (javax.inject:javax.inject:1) with InstrumentationAnalysisTransform
Transforming fastutil-8.4.0.jar (it.unimi.dsi:fastutil:8.4.0) with InstrumentationAnalysisTransform
Transforming json-simple-1.1.jar (com.googlecode.json-simple:json-simple:1.1) with InstrumentationAnalysisTransform
Transforming annotations-27.2.0.jar (com.android.tools:annotations:27.2.0) with InstrumentationAnalysisTransform
Transforming httpmime-4.5.6.jar (org.apache.httpcomponents:httpmime:4.5.6) with InstrumentationAnalysisTransform
Transforming httpclient-4.5.6.jar (org.apache.httpcomponents:httpclient:4.5.6) with InstrumentationAnalysisTransform
Transforming httpcore-4.4.10.jar (org.apache.httpcomponents:httpcore:4.4.10) with InstrumentationAnalysisTransform
Transforming kotlin-reflect-1.9.0.jar (org.jetbrains.kotlin:kotlin-reflect:1.9.0) with InstrumentationAnalysisTransform
Transforming databinding-common-4.2.0.jar (androidx.databinding:databinding-common:4.2.0) with InstrumentationAnalysisTransform
Transforming baseLibrary-4.2.0.jar (com.android.databinding:baseLibrary:4.2.0) with InstrumentationAnalysisTransform
Transforming antlr4-4.5.3.jar (org.antlr:antlr4:4.5.3) with InstrumentationAnalysisTransform
Transforming commons-io-2.4.jar (commons-io:commons-io:2.4) with InstrumentationAnalysisTransform
Transforming juniversalchardet-1.0.3.jar (com.googlecode.juniversalchardet:juniversalchardet:1.0.3) with InstrumentationAnalysisTransform
Transforming gson-2.8.6.jar (com.google.code.gson:gson:2.8.6) with InstrumentationAnalysisTransform
Transforming jaxb-runtime-2.3.2.jar (org.glassfish.jaxb:jaxb-runtime:2.3.2) with InstrumentationAnalysisTransform
Transforming kotlin-stdlib-jdk7-1.9.0.jar (org.jetbrains.kotlin:kotlin-stdlib-jdk7:1.9.0) with InstrumentationAnalysisTransform
Transforming kotlin-stdlib-1.9.0.jar (org.jetbrains.kotlin:kotlin-stdlib:1.9.0) with InstrumentationAnalysisTransform
Transforming proguard-base-6.0.3.jar (net.sf.proguard:proguard-base:6.0.3) with InstrumentationAnalysisTransform
Transforming auto-value-annotations-1.6.2.jar (com.google.auto.value:auto-value-annotations:1.6.2) with InstrumentationAnalysisTransform
Transforming error_prone_annotations-2.3.2.jar (com.google.errorprone:error_prone_annotations:2.3.2) with InstrumentationAnalysisTransform
Transforming jdom2-2.0.6.jar (org.jdom:jdom2:2.0.6) with InstrumentationAnalysisTransform
Transforming json-20180813.jar (org.json:json:20180813) with InstrumentationAnalysisTransform
Transforming kotlin-gradle-plugin-annotations-1.9.0.jar (org.jetbrains.kotlin:kotlin-gradle-plugin-annotations:1.9.0) with InstrumentationAnalysisTransform
Transforming kotlin-util-io-1.9.0.jar (org.jetbrains.kotlin:kotlin-util-io:1.9.0) with InstrumentationAnalysisTransform
Transforming kotlin-daemon-embeddable-1.9.0.jar (org.jetbrains.kotlin:kotlin-daemon-embeddable:1.9.0) with InstrumentationAnalysisTransform
Transforming trove4j-1.0.20200330.jar (org.jetbrains.intellij.deps:trove4j:1.0.20200330) with InstrumentationAnalysisTransform
Transforming kotlin-daemon-client-1.9.0.jar (org.jetbrains.kotlin:kotlin-daemon-client:1.9.0) with InstrumentationAnalysisTransform
Transforming kotlinx-coroutines-core-jvm-1.5.0.jar (org.jetbrains.kotlinx:kotlinx-coroutines-core-jvm:1.5.0) with InstrumentationAnalysisTransform
Transforming kotlin-scripting-jvm-1.9.0.jar (org.jetbrains.kotlin:kotlin-scripting-jvm:1.9.0) with InstrumentationAnalysisTransform
Transforming kotlin-scripting-common-1.9.0.jar (org.jetbrains.kotlin:kotlin-scripting-common:1.9.0) with InstrumentationAnalysisTransform
Transforming commons-compress-1.12.jar (org.apache.commons:commons-compress:1.12) with InstrumentationAnalysisTransform
Transforming xercesImpl-2.12.0.jar (xerces:xercesImpl:2.12.0) with InstrumentationAnalysisTransform
Transforming kxml2-2.3.0.jar (net.sf.kxml:kxml2:2.3.0) with InstrumentationAnalysisTransform
Transforming jsr305-3.0.2.jar (com.google.code.findbugs:jsr305:3.0.2) with InstrumentationAnalysisTransform
Transforming annotations-13.0.jar (org.jetbrains:annotations:13.0) with InstrumentationAnalysisTransform
Transforming failureaccess-1.0.1.jar (com.google.guava:failureaccess:1.0.1) with InstrumentationAnalysisTransform
Transforming listenablefuture-9999.0-empty-to-avoid-conflict-with-guava.jar (com.google.guava:listenablefuture:9999.0-empty-to-avoid-conflict-with-guava) with InstrumentationAnalysisTransform
Transforming j2objc-annotations-1.3.jar (com.google.j2objc:j2objc-annotations:1.3) with InstrumentationAnalysisTransform
Transforming animal-sniffer-annotations-1.18.jar (org.codehaus.mojo:animal-sniffer-annotations:1.18) with InstrumentationAnalysisTransform
Transforming commons-logging-1.2.jar (commons-logging:commons-logging:1.2) with InstrumentationAnalysisTransform
Transforming commons-codec-1.10.jar (commons-codec:commons-codec:1.10) with InstrumentationAnalysisTransform
Transforming stax-ex-1.8.1.jar (org.jvnet.staxex:stax-ex:1.8.1) with InstrumentationAnalysisTransform
Transforming jakarta.xml.bind-api-2.3.2.jar (jakarta.xml.bind:jakarta.xml.bind-api:2.3.2) with InstrumentationAnalysisTransform
Transforming txw2-2.3.2.jar (org.glassfish.jaxb:txw2:2.3.2) with InstrumentationAnalysisTransform
Transforming istack-commons-runtime-3.0.8.jar (com.sun.istack:istack-commons-runtime:3.0.8) with InstrumentationAnalysisTransform
Transforming FastInfoset-1.2.16.jar (com.sun.xml.fastinfoset:FastInfoset:1.2.16) with InstrumentationAnalysisTransform
Transforming jakarta.activation-api-1.2.1.jar (jakarta.activation:jakarta.activation-api:1.2.1) with InstrumentationAnalysisTransform
Transforming kotlin-stdlib-common-1.9.0.jar (org.jetbrains.kotlin:kotlin-stdlib-common:1.9.0) with InstrumentationAnalysisTransform
Transforming javax.activation-1.2.0.jar (com.sun.activation:javax.activation:1.2.0) with InstrumentationAnalysisTransform
Transforming jna-platform-5.6.0.jar (net.java.dev.jna:jna-platform:5.6.0) with InstrumentationAnalysisTransform
Transforming xml-apis-1.4.01.jar (xml-apis:xml-apis:1.4.01) with InstrumentationAnalysisTransform
Transforming jna-5.6.0.jar (net.java.dev.jna:jna:5.6.0) with InstrumentationAnalysisTransform
Transforming gradle-4.2.0.jar (com.android.tools.build:gradle:4.2.0) with InstrumentationAnalysisTransform
Transforming gradle-4.2.0.jar (com.android.tools.build:gradle:4.2.0) with MergeInstrumentationAnalysisTransform
Transforming kotlin-gradle-plugin-model-1.9.0.jar (org.jetbrains.kotlin:kotlin-gradle-plugin-model:1.9.0) with InstrumentationAnalysisTransform
Transforming kotlin-gradle-plugin-model-1.9.0.jar (org.jetbrains.kotlin:kotlin-gradle-plugin-model:1.9.0) with MergeInstrumentationAnalysisTransform
Transforming gradle-4.2.0.jar (com.android.tools.build:gradle:4.2.0) with ExternalDependencyInstrumentingArtifactTransform
Transforming kotlin-gradle-plugin-api-1.9.0-gradle81.jar (org.jetbrains.kotlin:kotlin-gradle-plugin-api:1.9.0) with InstrumentationAnalysisTransform
Transforming kotlin-gradle-plugin-api-1.9.0-gradle81.jar (org.jetbrains.kotlin:kotlin-gradle-plugin-api:1.9.0) with MergeInstrumentationAnalysisTransform
Transforming kotlin-gradle-plugin-model-1.9.0.jar (org.jetbrains.kotlin:kotlin-gradle-plugin-model:1.9.0) with ExternalDependencyInstrumentingArtifactTransform
Transforming kotlin-gradle-plugin-api-1.9.0.jar (org.jetbrains.kotlin:kotlin-gradle-plugin-api:1.9.0) with InstrumentationAnalysisTransform
Transforming kotlin-gradle-plugin-api-1.9.0.jar (org.jetbrains.kotlin:kotlin-gradle-plugin-api:1.9.0) with MergeInstrumentationAnalysisTransform
Transforming kotlin-gradle-plugin-api-1.9.0-gradle81.jar (org.jetbrains.kotlin:kotlin-gradle-plugin-api:1.9.0) with ExternalDependencyInstrumentingArtifactTransform
Transforming kotlin-gradle-plugin-1.9.0-gradle81.jar (org.jetbrains.kotlin:kotlin-gradle-plugin:1.9.0) with InstrumentationAnalysisTransform
Transforming kotlin-gradle-plugin-1.9.0-gradle81.jar (org.jetbrains.kotlin:kotlin-gradle-plugin:1.9.0) with MergeInstrumentationAnalysisTransform
Transforming kotlin-gradle-plugin-api-1.9.0.jar (org.jetbrains.kotlin:kotlin-gradle-plugin-api:1.9.0) with ExternalDependencyInstrumentingArtifactTransform
Transforming tensorflow-lite-metadata-0.1.0-rc2.jar (org.tensorflow:tensorflow-lite-metadata:0.1.0-rc2) with InstrumentationAnalysisTransform
Transforming tensorflow-lite-metadata-0.1.0-rc2.jar (org.tensorflow:tensorflow-lite-metadata:0.1.0-rc2) with MergeInstrumentationAnalysisTransform
Transforming kotlin-gradle-plugin-1.9.0-gradle81.jar (org.jetbrains.kotlin:kotlin-gradle-plugin:1.9.0) with ExternalDependencyInstrumentingArtifactTransform
Transforming flatbuffers-java-1.12.0.jar (com.google.flatbuffers:flatbuffers-java:1.12.0) with InstrumentationAnalysisTransform
Transforming flatbuffers-java-1.12.0.jar (com.google.flatbuffers:flatbuffers-java:1.12.0) with MergeInstrumentationAnalysisTransform
Transforming tensorflow-lite-metadata-0.1.0-rc2.jar (org.tensorflow:tensorflow-lite-metadata:0.1.0-rc2) with ExternalDependencyInstrumentingArtifactTransform
Transforming builder-4.2.0.jar (com.android.tools.build:builder:4.2.0) with InstrumentationAnalysisTransform
Transforming builder-4.2.0.jar (com.android.tools.build:builder:4.2.0) with MergeInstrumentationAnalysisTransform
Transforming flatbuffers-java-1.12.0.jar (com.google.flatbuffers:flatbuffers-java:1.12.0) with ExternalDependencyInstrumentingArtifactTransform
Transforming aaptcompiler-4.2.0.jar (com.android.tools.build:aaptcompiler:4.2.0) with InstrumentationAnalysisTransform
Transforming aaptcompiler-4.2.0.jar (com.android.tools.build:aaptcompiler:4.2.0) with MergeInstrumentationAnalysisTransform
Transforming bundletool-1.1.0.jar (com.android.tools.build:bundletool:1.1.0) with InstrumentationAnalysisTransform
Transforming bundletool-1.1.0.jar (com.android.tools.build:bundletool:1.1.0) with MergeInstrumentationAnalysisTransform
Transforming manifest-merger-27.2.0.jar (com.android.tools.build:manifest-merger:27.2.0) with InstrumentationAnalysisTransform
Transforming manifest-merger-27.2.0.jar (com.android.tools.build:manifest-merger:27.2.0) with MergeInstrumentationAnalysisTransform
Transforming builder-4.2.0.jar (com.android.tools.build:builder:4.2.0) with ExternalDependencyInstrumentingArtifactTransform
Transforming lint-gradle-api-27.2.0.jar (com.android.tools.lint:lint-gradle-api:27.2.0) with InstrumentationAnalysisTransform
Transforming aaptcompiler-4.2.0.jar (com.android.tools.build:aaptcompiler:4.2.0) with ExternalDependencyInstrumentingArtifactTransform
Transforming bundletool-1.1.0.jar (com.android.tools.build:bundletool:1.1.0) with ExternalDependencyInstrumentingArtifactTransform
Transforming lint-gradle-api-27.2.0.jar (com.android.tools.lint:lint-gradle-api:27.2.0) with MergeInstrumentationAnalysisTransform
Transforming manifest-merger-27.2.0.jar (com.android.tools.build:manifest-merger:27.2.0) with ExternalDependencyInstrumentingArtifactTransform
Transforming lint-model-27.2.0.jar (com.android.tools.lint:lint-model:27.2.0) with InstrumentationAnalysisTransform
Transforming lint-model-27.2.0.jar (com.android.tools.lint:lint-model:27.2.0) with MergeInstrumentationAnalysisTransform
Transforming lint-gradle-api-27.2.0.jar (com.android.tools.lint:lint-gradle-api:27.2.0) with ExternalDependencyInstrumentingArtifactTransform
Transforming sdk-common-27.2.0.jar (com.android.tools:sdk-common:27.2.0) with InstrumentationAnalysisTransform
Transforming sdk-common-27.2.0.jar (com.android.tools:sdk-common:27.2.0) with MergeInstrumentationAnalysisTransform
Transforming lint-model-27.2.0.jar (com.android.tools.lint:lint-model:27.2.0) with ExternalDependencyInstrumentingArtifactTransform
Transforming aapt2-proto-4.2.0-7147631.jar (com.android.tools.build:aapt2-proto:4.2.0-7147631) with InstrumentationAnalysisTransform
Transforming aapt2-proto-4.2.0-7147631.jar (com.android.tools.build:aapt2-proto:4.2.0-7147631) with MergeInstrumentationAnalysisTransform
Transforming crash-27.2.0.jar (com.android.tools.analytics-library:crash:27.2.0) with InstrumentationAnalysisTransform
Transforming sdk-common-27.2.0.jar (com.android.tools:sdk-common:27.2.0) with ExternalDependencyInstrumentingArtifactTransform
Transforming aapt2-proto-4.2.0-7147631.jar (com.android.tools.build:aapt2-proto:4.2.0-7147631) with ExternalDependencyInstrumentingArtifactTransform
Transforming crash-27.2.0.jar (com.android.tools.analytics-library:crash:27.2.0) with MergeInstrumentationAnalysisTransform
Transforming gradle-api-4.2.0.jar (com.android.tools.build:gradle-api:4.2.0) with InstrumentationAnalysisTransform
Transforming crash-27.2.0.jar (com.android.tools.analytics-library:crash:27.2.0) with ExternalDependencyInstrumentingArtifactTransform
Transforming gradle-api-4.2.0.jar (com.android.tools.build:gradle-api:4.2.0) with MergeInstrumentationAnalysisTransform
Transforming databinding-compiler-common-4.2.0.jar (androidx.databinding:databinding-compiler-common:4.2.0) with InstrumentationAnalysisTransform
Transforming databinding-compiler-common-4.2.0.jar (androidx.databinding:databinding-compiler-common:4.2.0) with MergeInstrumentationAnalysisTransform
Transforming gradle-api-4.2.0.jar (com.android.tools.build:gradle-api:4.2.0) with ExternalDependencyInstrumentingArtifactTransform
Transforming databinding-compiler-common-4.2.0.jar (androidx.databinding:databinding-compiler-common:4.2.0) with ExternalDependencyInstrumentingArtifactTransform
Transforming builder-model-4.2.0.jar (com.android.tools.build:builder-model:4.2.0) with InstrumentationAnalysisTransform
Transforming builder-model-4.2.0.jar (com.android.tools.build:builder-model:4.2.0) with MergeInstrumentationAnalysisTransform
Transforming builder-test-api-4.2.0.jar (com.android.tools.build:builder-test-api:4.2.0) with InstrumentationAnalysisTransform
Transforming builder-test-api-4.2.0.jar (com.android.tools.build:builder-test-api:4.2.0) with MergeInstrumentationAnalysisTransform
Transforming ddmlib-27.2.0.jar (com.android.tools.ddms:ddmlib:27.2.0) with InstrumentationAnalysisTransform
Transforming ddmlib-27.2.0.jar (com.android.tools.ddms:ddmlib:27.2.0) with MergeInstrumentationAnalysisTransform
Transforming tracker-27.2.0.jar (com.android.tools.analytics-library:tracker:27.2.0) with InstrumentationAnalysisTransform
Transforming tracker-27.2.0.jar (com.android.tools.analytics-library:tracker:27.2.0) with MergeInstrumentationAnalysisTransform
Transforming sdklib-27.2.0.jar (com.android.tools:sdklib:27.2.0) with InstrumentationAnalysisTransform
Transforming sdklib-27.2.0.jar (com.android.tools:sdklib:27.2.0) with MergeInstrumentationAnalysisTransform
Transforming layoutlib-api-27.2.0.jar (com.android.tools.layoutlib:layoutlib-api:27.2.0) with InstrumentationAnalysisTransform
Transforming layoutlib-api-27.2.0.jar (com.android.tools.layoutlib:layoutlib-api:27.2.0) with MergeInstrumentationAnalysisTransform
Transforming dvlib-27.2.0.jar (com.android.tools:dvlib:27.2.0) with InstrumentationAnalysisTransform
Transforming dvlib-27.2.0.jar (com.android.tools:dvlib:27.2.0) with MergeInstrumentationAnalysisTransform
Transforming repository-27.2.0.jar (com.android.tools:repository:27.2.0) with InstrumentationAnalysisTransform
Transforming repository-27.2.0.jar (com.android.tools:repository:27.2.0) with MergeInstrumentationAnalysisTransform
Transforming shared-27.2.0.jar (com.android.tools.analytics-library:shared:27.2.0) with InstrumentationAnalysisTransform
Transforming shared-27.2.0.jar (com.android.tools.analytics-library:shared:27.2.0) with MergeInstrumentationAnalysisTransform
Transforming common-27.2.0.jar (com.android.tools:common:27.2.0) with InstrumentationAnalysisTransform
Transforming common-27.2.0.jar (com.android.tools:common:27.2.0) with MergeInstrumentationAnalysisTransform
Transforming kotlin-stdlib-jdk8-1.9.0.jar (org.jetbrains.kotlin:kotlin-stdlib-jdk8:1.9.0) with InstrumentationAnalysisTransform
Transforming kotlin-stdlib-jdk8-1.9.0.jar (org.jetbrains.kotlin:kotlin-stdlib-jdk8:1.9.0) with MergeInstrumentationAnalysisTransform
Transforming transform-api-2.0.0-deprecated-use-gradle-api.jar (com.android.tools.build:transform-api:2.0.0-deprecated-use-gradle-api) with InstrumentationAnalysisTransform
Transforming transform-api-2.0.0-deprecated-use-gradle-api.jar (com.android.tools.build:transform-api:2.0.0-deprecated-use-gradle-api) with MergeInstrumentationAnalysisTransform
Transforming jetifier-processor-1.0.0-beta09.jar (com.android.tools.build.jetifier:jetifier-processor:1.0.0-beta09) with InstrumentationAnalysisTransform
Transforming jetifier-processor-1.0.0-beta09.jar (com.android.tools.build.jetifier:jetifier-processor:1.0.0-beta09) with MergeInstrumentationAnalysisTransform
Transforming asm-commons-7.0.jar (org.ow2.asm:asm-commons:7.0) with InstrumentationAnalysisTransform
Transforming asm-commons-7.0.jar (org.ow2.asm:asm-commons:7.0) with MergeInstrumentationAnalysisTransform
Transforming asm-util-7.0.jar (org.ow2.asm:asm-util:7.0) with InstrumentationAnalysisTransform
Transforming asm-util-7.0.jar (org.ow2.asm:asm-util:7.0) with MergeInstrumentationAnalysisTransform
Transforming asm-analysis-7.0.jar (org.ow2.asm:asm-analysis:7.0) with InstrumentationAnalysisTransform
Transforming asm-analysis-7.0.jar (org.ow2.asm:asm-analysis:7.0) with MergeInstrumentationAnalysisTransform
Transforming asm-tree-7.0.jar (org.ow2.asm:asm-tree:7.0) with InstrumentationAnalysisTransform
Transforming asm-tree-7.0.jar (org.ow2.asm:asm-tree:7.0) with MergeInstrumentationAnalysisTransform
Transforming asm-7.0.jar (org.ow2.asm:asm:7.0) with InstrumentationAnalysisTransform
Transforming asm-7.0.jar (org.ow2.asm:asm:7.0) with MergeInstrumentationAnalysisTransform
Transforming jopt-simple-4.9.jar (net.sf.jopt-simple:jopt-simple:4.9) with InstrumentationAnalysisTransform
Transforming jopt-simple-4.9.jar (net.sf.jopt-simple:jopt-simple:4.9) with MergeInstrumentationAnalysisTransform
Transforming proguard-gradle-6.0.3.jar (net.sf.proguard:proguard-gradle:6.0.3) with InstrumentationAnalysisTransform
Transforming proguard-gradle-6.0.3.jar (net.sf.proguard:proguard-gradle:6.0.3) with MergeInstrumentationAnalysisTransform
Transforming jetifier-core-1.0.0-beta09.jar (com.android.tools.build.jetifier:jetifier-core:1.0.0-beta09) with InstrumentationAnalysisTransform
Transforming jetifier-core-1.0.0-beta09.jar (com.android.tools.build.jetifier:jetifier-core:1.0.0-beta09) with MergeInstrumentationAnalysisTransform
Transforming javapoet-1.10.0.jar (com.squareup:javapoet:1.10.0) with InstrumentationAnalysisTransform
Transforming javapoet-1.10.0.jar (com.squareup:javapoet:1.10.0) with MergeInstrumentationAnalysisTransform
Transforming protobuf-java-util-3.10.0.jar (com.google.protobuf:protobuf-java-util:3.10.0) with InstrumentationAnalysisTransform
Transforming protobuf-java-util-3.10.0.jar (com.google.protobuf:protobuf-java-util:3.10.0) with MergeInstrumentationAnalysisTransform
Transforming tink-1.3.0-rc2.jar (com.google.crypto.tink:tink:1.3.0-rc2) with InstrumentationAnalysisTransform
Transforming tink-1.3.0-rc2.jar (com.google.crypto.tink:tink:1.3.0-rc2) with MergeInstrumentationAnalysisTransform
Transforming protos-27.2.0.jar (com.android.tools.analytics-library:protos:27.2.0) with InstrumentationAnalysisTransform
Transforming protos-27.2.0.jar (com.android.tools.analytics-library:protos:27.2.0) with MergeInstrumentationAnalysisTransform
Transforming protobuf-java-3.10.0.jar (com.google.protobuf:protobuf-java:3.10.0) with InstrumentationAnalysisTransform
Transforming protobuf-java-3.10.0.jar (com.google.protobuf:protobuf-java:3.10.0) with MergeInstrumentationAnalysisTransform
Transforming core-proto-0.0.8-alpha01.jar (com.google.testing.platform:core-proto:0.0.8-alpha01) with InstrumentationAnalysisTransform
Transforming core-proto-0.0.8-alpha01.jar (com.google.testing.platform:core-proto:0.0.8-alpha01) with MergeInstrumentationAnalysisTransform
Transforming kotlin-gradle-plugin-idea-proto-1.9.0.jar (org.jetbrains.kotlin:kotlin-gradle-plugin-idea-proto:1.9.0) with InstrumentationAnalysisTransform
Transforming kotlin-gradle-plugin-idea-proto-1.9.0.jar (org.jetbrains.kotlin:kotlin-gradle-plugin-idea-proto:1.9.0) with MergeInstrumentationAnalysisTransform
Transforming kotlin-gradle-plugin-idea-1.9.0.jar (org.jetbrains.kotlin:kotlin-gradle-plugin-idea:1.9.0) with InstrumentationAnalysisTransform
Transforming kotlin-gradle-plugin-idea-1.9.0.jar (org.jetbrains.kotlin:kotlin-gradle-plugin-idea:1.9.0) with MergeInstrumentationAnalysisTransform
Transforming builder-model-4.2.0.jar (com.android.tools.build:builder-model:4.2.0) with ExternalDependencyInstrumentingArtifactTransform
Transforming builder-test-api-4.2.0.jar (com.android.tools.build:builder-test-api:4.2.0) with ExternalDependencyInstrumentingArtifactTransform
Transforming ddmlib-27.2.0.jar (com.android.tools.ddms:ddmlib:27.2.0) with ExternalDependencyInstrumentingArtifactTransform
Transforming tracker-27.2.0.jar (com.android.tools.analytics-library:tracker:27.2.0) with ExternalDependencyInstrumentingArtifactTransform
Transforming sdklib-27.2.0.jar (com.android.tools:sdklib:27.2.0) with ExternalDependencyInstrumentingArtifactTransform
Transforming dvlib-27.2.0.jar (com.android.tools:dvlib:27.2.0) with ExternalDependencyInstrumentingArtifactTransform
Transforming layoutlib-api-27.2.0.jar (com.android.tools.layoutlib:layoutlib-api:27.2.0) with ExternalDependencyInstrumentingArtifactTransform
Transforming repository-27.2.0.jar (com.android.tools:repository:27.2.0) with ExternalDependencyInstrumentingArtifactTransform
Transforming kotlin-stdlib-jdk8-1.9.0.jar (org.jetbrains.kotlin:kotlin-stdlib-jdk8:1.9.0) with ExternalDependencyInstrumentingArtifactTransform
Transforming common-27.2.0.jar (com.android.tools:common:27.2.0) with ExternalDependencyInstrumentingArtifactTransform
Transforming shared-27.2.0.jar (com.android.tools.analytics-library:shared:27.2.0) with ExternalDependencyInstrumentingArtifactTransform
Transforming transform-api-2.0.0-deprecated-use-gradle-api.jar (com.android.tools.build:transform-api:2.0.0-deprecated-use-gradle-api) with ExternalDependencyInstrumentingArtifactTransform
Transforming jetifier-processor-1.0.0-beta09.jar (com.android.tools.build.jetifier:jetifier-processor:1.0.0-beta09) with ExternalDependencyInstrumentingArtifactTransform
Transforming asm-util-7.0.jar (org.ow2.asm:asm-util:7.0) with ExternalDependencyInstrumentingArtifactTransform
Transforming kotlin-project-model-1.9.0.jar (org.jetbrains.kotlin:kotlin-project-model:1.9.0) with InstrumentationAnalysisTransform
Transforming kotlin-project-model-1.9.0.jar (org.jetbrains.kotlin:kotlin-project-model:1.9.0) with MergeInstrumentationAnalysisTransform
Transforming asm-analysis-7.0.jar (org.ow2.asm:asm-analysis:7.0) with ExternalDependencyInstrumentingArtifactTransform
Transforming asm-commons-7.0.jar (org.ow2.asm:asm-commons:7.0) with ExternalDependencyInstrumentingArtifactTransform
Transforming kotlin-tooling-core-1.9.0.jar (org.jetbrains.kotlin:kotlin-tooling-core:1.9.0) with InstrumentationAnalysisTransform
Transforming kotlin-tooling-core-1.9.0.jar (org.jetbrains.kotlin:kotlin-tooling-core:1.9.0) with MergeInstrumentationAnalysisTransform
Transforming kotlin-klib-commonizer-api-1.9.0.jar (org.jetbrains.kotlin:kotlin-klib-commonizer-api:1.9.0) with InstrumentationAnalysisTransform
Transforming asm-tree-7.0.jar (org.ow2.asm:asm-tree:7.0) with ExternalDependencyInstrumentingArtifactTransform
Transforming kotlin-klib-commonizer-api-1.9.0.jar (org.jetbrains.kotlin:kotlin-klib-commonizer-api:1.9.0) with MergeInstrumentationAnalysisTransform
Transforming kotlin-native-utils-1.9.0.jar (org.jetbrains.kotlin:kotlin-native-utils:1.9.0) with InstrumentationAnalysisTransform
Transforming javapoet-1.10.0.jar (com.squareup:javapoet:1.10.0) with ExternalDependencyInstrumentingArtifactTransform
Transforming protobuf-java-util-3.10.0.jar (com.google.protobuf:protobuf-java-util:3.10.0) with ExternalDependencyInstrumentingArtifactTransform
Transforming protos-27.2.0.jar (com.android.tools.analytics-library:protos:27.2.0) with ExternalDependencyInstrumentingArtifactTransform
Transforming protobuf-java-3.10.0.jar (com.google.protobuf:protobuf-java:3.10.0) with ExternalDependencyInstrumentingArtifactTransform
Transforming core-proto-0.0.8-alpha01.jar (com.google.testing.platform:core-proto:0.0.8-alpha01) with ExternalDependencyInstrumentingArtifactTransform
Transforming kotlin-gradle-plugin-idea-proto-1.9.0.jar (org.jetbrains.kotlin:kotlin-gradle-plugin-idea-proto:1.9.0) with ExternalDependencyInstrumentingArtifactTransform
Transforming kotlin-gradle-plugin-idea-1.9.0.jar (org.jetbrains.kotlin:kotlin-gradle-plugin-idea:1.9.0) with ExternalDependencyInstrumentingArtifactTransform
Transforming kotlin-project-model-1.9.0.jar (org.jetbrains.kotlin:kotlin-project-model:1.9.0) with ExternalDependencyInstrumentingArtifactTransform
Transforming kotlin-tooling-core-1.9.0.jar (org.jetbrains.kotlin:kotlin-tooling-core:1.9.0) with ExternalDependencyInstrumentingArtifactTransform
Transforming kotlin-klib-commonizer-api-1.9.0.jar (org.jetbrains.kotlin:kotlin-klib-commonizer-api:1.9.0) with ExternalDependencyInstrumentingArtifactTransform
Transforming proguard-gradle-6.0.3.jar (net.sf.proguard:proguard-gradle:6.0.3) with ExternalDependencyInstrumentingArtifactTransform
Transforming jopt-simple-4.9.jar (net.sf.jopt-simple:jopt-simple:4.9) with ExternalDependencyInstrumentingArtifactTransform
Transforming jetifier-core-1.0.0-beta09.jar (com.android.tools.build.jetifier:jetifier-core:1.0.0-beta09) with ExternalDependencyInstrumentingArtifactTransform
Transforming asm-7.0.jar (org.ow2.asm:asm:7.0) with ExternalDependencyInstrumentingArtifactTransform
Transforming tink-1.3.0-rc2.jar (com.google.crypto.tink:tink:1.3.0-rc2) with ExternalDependencyInstrumentingArtifactTransform
Transforming kotlin-native-utils-1.9.0.jar (org.jetbrains.kotlin:kotlin-native-utils:1.9.0) with MergeInstrumentationAnalysisTransform
Transforming kotlin-util-klib-1.9.0.jar (org.jetbrains.kotlin:kotlin-util-klib:1.9.0) with InstrumentationAnalysisTransform
Transforming kotlin-util-klib-1.9.0.jar (org.jetbrains.kotlin:kotlin-util-klib:1.9.0) with MergeInstrumentationAnalysisTransform
Transforming kotlin-build-tools-api-1.9.0.jar (org.jetbrains.kotlin:kotlin-build-tools-api:1.9.0) with InstrumentationAnalysisTransform
Transforming kotlin-native-utils-1.9.0.jar (org.jetbrains.kotlin:kotlin-native-utils:1.9.0) with ExternalDependencyInstrumentingArtifactTransform
Transforming kotlin-build-tools-api-1.9.0.jar (org.jetbrains.kotlin:kotlin-build-tools-api:1.9.0) with MergeInstrumentationAnalysisTransform
Transforming kotlin-util-klib-1.9.0.jar (org.jetbrains.kotlin:kotlin-util-klib:1.9.0) with ExternalDependencyInstrumentingArtifactTransform
Transforming kotlin-android-extensions-1.9.0.jar (org.jetbrains.kotlin:kotlin-android-extensions:1.9.0) with InstrumentationAnalysisTransform
Transforming kotlin-android-extensions-1.9.0.jar (org.jetbrains.kotlin:kotlin-android-extensions:1.9.0) with MergeInstrumentationAnalysisTransform
Transforming kotlin-build-tools-api-1.9.0.jar (org.jetbrains.kotlin:kotlin-build-tools-api:1.9.0) with ExternalDependencyInstrumentingArtifactTransform
Transforming kotlin-compiler-runner-1.9.0.jar (org.jetbrains.kotlin:kotlin-compiler-runner:1.9.0) with InstrumentationAnalysisTransform
Transforming kotlin-compiler-runner-1.9.0.jar (org.jetbrains.kotlin:kotlin-compiler-runner:1.9.0) with MergeInstrumentationAnalysisTransform
Transforming kotlin-android-extensions-1.9.0.jar (org.jetbrains.kotlin:kotlin-android-extensions:1.9.0) with ExternalDependencyInstrumentingArtifactTransform
Transforming kotlin-compiler-embeddable-1.9.0.jar (org.jetbrains.kotlin:kotlin-compiler-embeddable:1.9.0) with InstrumentationAnalysisTransform
Transforming kotlin-compiler-embeddable-1.9.0.jar (org.jetbrains.kotlin:kotlin-compiler-embeddable:1.9.0) with MergeInstrumentationAnalysisTransform
Transforming kotlin-compiler-runner-1.9.0.jar (org.jetbrains.kotlin:kotlin-compiler-runner:1.9.0) with ExternalDependencyInstrumentingArtifactTransform
Transforming kotlin-scripting-compiler-embeddable-1.9.0.jar (org.jetbrains.kotlin:kotlin-scripting-compiler-embeddable:1.9.0) with InstrumentationAnalysisTransform
Transforming kotlin-scripting-compiler-embeddable-1.9.0.jar (org.jetbrains.kotlin:kotlin-scripting-compiler-embeddable:1.9.0) with MergeInstrumentationAnalysisTransform
Transforming kotlin-compiler-embeddable-1.9.0.jar (org.jetbrains.kotlin:kotlin-compiler-embeddable:1.9.0) with ExternalDependencyInstrumentingArtifactTransform
Transforming kotlin-scripting-compiler-impl-embeddable-1.9.0.jar (org.jetbrains.kotlin:kotlin-scripting-compiler-impl-embeddable:1.9.0) with InstrumentationAnalysisTransform
Transforming kotlin-scripting-compiler-embeddable-1.9.0.jar (org.jetbrains.kotlin:kotlin-scripting-compiler-embeddable:1.9.0) with ExternalDependencyInstrumentingArtifactTransform
Transforming kotlin-scripting-compiler-impl-embeddable-1.9.0.jar (org.jetbrains.kotlin:kotlin-scripting-compiler-impl-embeddable:1.9.0) with MergeInstrumentationAnalysisTransform
Transforming apkzlib-4.2.0.jar (com.android.tools.build:apkzlib:4.2.0) with InstrumentationAnalysisTransform
Transforming apkzlib-4.2.0.jar (com.android.tools.build:apkzlib:4.2.0) with MergeInstrumentationAnalysisTransform
Transforming kotlin-scripting-compiler-impl-embeddable-1.9.0.jar (org.jetbrains.kotlin:kotlin-scripting-compiler-impl-embeddable:1.9.0) with ExternalDependencyInstrumentingArtifactTransform
Transforming jimfs-1.1.jar (com.google.jimfs:jimfs:1.1) with InstrumentationAnalysisTransform
Transforming jimfs-1.1.jar (com.google.jimfs:jimfs:1.1) with MergeInstrumentationAnalysisTransform
Transforming guava-28.1-jre.jar (com.google.guava:guava:28.1-jre) with InstrumentationAnalysisTransform
Transforming guava-28.1-jre.jar (com.google.guava:guava:28.1-jre) with MergeInstrumentationAnalysisTransform
Transforming checker-qual-2.8.1.jar (org.checkerframework:checker-qual:2.8.1) with InstrumentationAnalysisTransform
Transforming checker-qual-2.8.1.jar (org.checkerframework:checker-qual:2.8.1) with MergeInstrumentationAnalysisTransform
Transforming signflinger-4.2.0.jar (com.android:signflinger:4.2.0) with InstrumentationAnalysisTransform
Transforming guava-28.1-jre.jar (com.google.guava:guava:28.1-jre) with ExternalDependencyInstrumentingArtifactTransform
Transforming signflinger-4.2.0.jar (com.android:signflinger:4.2.0) with MergeInstrumentationAnalysisTransform
Transforming apkzlib-4.2.0.jar (com.android.tools.build:apkzlib:4.2.0) with ExternalDependencyInstrumentingArtifactTransform
Transforming zipflinger-4.2.0.jar (com.android:zipflinger:4.2.0) with InstrumentationAnalysisTransform
Transforming checker-qual-2.8.1.jar (org.checkerframework:checker-qual:2.8.1) with ExternalDependencyInstrumentingArtifactTransform
Transforming jimfs-1.1.jar (com.google.jimfs:jimfs:1.1) with ExternalDependencyInstrumentingArtifactTransform
Transforming signflinger-4.2.0.jar (com.android:signflinger:4.2.0) with ExternalDependencyInstrumentingArtifactTransform
Transforming zipflinger-4.2.0.jar (com.android:zipflinger:4.2.0) with MergeInstrumentationAnalysisTransform
Transforming apksig-4.2.0.jar (com.android.tools.build:apksig:4.2.0) with InstrumentationAnalysisTransform
Transforming apksig-4.2.0.jar (com.android.tools.build:apksig:4.2.0) with MergeInstrumentationAnalysisTransform
Transforming zipflinger-4.2.0.jar (com.android:zipflinger:4.2.0) with ExternalDependencyInstrumentingArtifactTransform
Transforming javawriter-2.5.0.jar (com.squareup:javawriter:2.5.0) with InstrumentationAnalysisTransform
Transforming javawriter-2.5.0.jar (com.squareup:javawriter:2.5.0) with MergeInstrumentationAnalysisTransform
Transforming apksig-4.2.0.jar (com.android.tools.build:apksig:4.2.0) with ExternalDependencyInstrumentingArtifactTransform
Transforming bcpkix-jdk15on-1.56.jar (org.bouncycastle:bcpkix-jdk15on:1.56) with InstrumentationAnalysisTransform
Transforming javawriter-2.5.0.jar (com.squareup:javawriter:2.5.0) with ExternalDependencyInstrumentingArtifactTransform
Transforming bcpkix-jdk15on-1.56.jar (org.bouncycastle:bcpkix-jdk15on:1.56) with MergeInstrumentationAnalysisTransform
Transforming bcprov-jdk15on-1.56.jar (org.bouncycastle:bcprov-jdk15on:1.56) with InstrumentationAnalysisTransform
Transforming bcprov-jdk15on-1.56.jar (org.bouncycastle:bcprov-jdk15on:1.56) with MergeInstrumentationAnalysisTransform
Transforming dagger-2.28.3.jar (com.google.dagger:dagger:2.28.3) with InstrumentationAnalysisTransform
Transforming bcpkix-jdk15on-1.56.jar (org.bouncycastle:bcpkix-jdk15on:1.56) with ExternalDependencyInstrumentingArtifactTransform
Transforming dagger-2.28.3.jar (com.google.dagger:dagger:2.28.3) with MergeInstrumentationAnalysisTransform
Transforming javax.inject-1.jar (javax.inject:javax.inject:1) with InstrumentationAnalysisTransform
Transforming bcprov-jdk15on-1.56.jar (org.bouncycastle:bcprov-jdk15on:1.56) with ExternalDependencyInstrumentingArtifactTransform
Transforming javax.inject-1.jar (javax.inject:javax.inject:1) with MergeInstrumentationAnalysisTransform
Transforming dagger-2.28.3.jar (com.google.dagger:dagger:2.28.3) with ExternalDependencyInstrumentingArtifactTransform
Transforming fastutil-8.4.0.jar (it.unimi.dsi:fastutil:8.4.0) with InstrumentationAnalysisTransform
Transforming fastutil-8.4.0.jar (it.unimi.dsi:fastutil:8.4.0) with MergeInstrumentationAnalysisTransform
Transforming javax.inject-1.jar (javax.inject:javax.inject:1) with ExternalDependencyInstrumentingArtifactTransform
Transforming json-simple-1.1.jar (com.googlecode.json-simple:json-simple:1.1) with InstrumentationAnalysisTransform
Transforming json-simple-1.1.jar (com.googlecode.json-simple:json-simple:1.1) with MergeInstrumentationAnalysisTransform
Transforming fastutil-8.4.0.jar (it.unimi.dsi:fastutil:8.4.0) with ExternalDependencyInstrumentingArtifactTransform
Transforming annotations-27.2.0.jar (com.android.tools:annotations:27.2.0) with InstrumentationAnalysisTransform
Transforming annotations-27.2.0.jar (com.android.tools:annotations:27.2.0) with MergeInstrumentationAnalysisTransform
Transforming json-simple-1.1.jar (com.googlecode.json-simple:json-simple:1.1) with ExternalDependencyInstrumentingArtifactTransform
Transforming httpmime-4.5.6.jar (org.apache.httpcomponents:httpmime:4.5.6) with InstrumentationAnalysisTransform
Transforming httpmime-4.5.6.jar (org.apache.httpcomponents:httpmime:4.5.6) with MergeInstrumentationAnalysisTransform
Transforming httpclient-4.5.6.jar (org.apache.httpcomponents:httpclient:4.5.6) with InstrumentationAnalysisTransform
Transforming annotations-27.2.0.jar (com.android.tools:annotations:27.2.0) with ExternalDependencyInstrumentingArtifactTransform
Transforming httpclient-4.5.6.jar (org.apache.httpcomponents:httpclient:4.5.6) with MergeInstrumentationAnalysisTransform
Transforming httpcore-4.4.10.jar (org.apache.httpcomponents:httpcore:4.4.10) with InstrumentationAnalysisTransform
Transforming httpcore-4.4.10.jar (org.apache.httpcomponents:httpcore:4.4.10) with MergeInstrumentationAnalysisTransform
Transforming kotlin-reflect-1.9.0.jar (org.jetbrains.kotlin:kotlin-reflect:1.9.0) with InstrumentationAnalysisTransform
Transforming httpmime-4.5.6.jar (org.apache.httpcomponents:httpmime:4.5.6) with ExternalDependencyInstrumentingArtifactTransform
Transforming kotlin-reflect-1.9.0.jar (org.jetbrains.kotlin:kotlin-reflect:1.9.0) with MergeInstrumentationAnalysisTransform
Transforming databinding-common-4.2.0.jar (androidx.databinding:databinding-common:4.2.0) with InstrumentationAnalysisTransform
Transforming databinding-common-4.2.0.jar (androidx.databinding:databinding-common:4.2.0) with MergeInstrumentationAnalysisTransform
Transforming httpclient-4.5.6.jar (org.apache.httpcomponents:httpclient:4.5.6) with ExternalDependencyInstrumentingArtifactTransform
Transforming baseLibrary-4.2.0.jar (com.android.databinding:baseLibrary:4.2.0) with InstrumentationAnalysisTransform
Transforming baseLibrary-4.2.0.jar (com.android.databinding:baseLibrary:4.2.0) with MergeInstrumentationAnalysisTransform
Transforming antlr4-4.5.3.jar (org.antlr:antlr4:4.5.3) with InstrumentationAnalysisTransform
Transforming httpcore-4.4.10.jar (org.apache.httpcomponents:httpcore:4.4.10) with ExternalDependencyInstrumentingArtifactTransform
Transforming antlr4-4.5.3.jar (org.antlr:antlr4:4.5.3) with MergeInstrumentationAnalysisTransform
Transforming commons-io-2.4.jar (commons-io:commons-io:2.4) with InstrumentationAnalysisTransform
Transforming commons-io-2.4.jar (commons-io:commons-io:2.4) with MergeInstrumentationAnalysisTransform
Transforming kotlin-reflect-1.9.0.jar (org.jetbrains.kotlin:kotlin-reflect:1.9.0) with ExternalDependencyInstrumentingArtifactTransform
Transforming juniversalchardet-1.0.3.jar (com.googlecode.juniversalchardet:juniversalchardet:1.0.3) with InstrumentationAnalysisTransform
Transforming juniversalchardet-1.0.3.jar (com.googlecode.juniversalchardet:juniversalchardet:1.0.3) with MergeInstrumentationAnalysisTransform
Transforming gson-2.8.6.jar (com.google.code.gson:gson:2.8.6) with InstrumentationAnalysisTransform
Transforming databinding-common-4.2.0.jar (androidx.databinding:databinding-common:4.2.0) with ExternalDependencyInstrumentingArtifactTransform
Transforming gson-2.8.6.jar (com.google.code.gson:gson:2.8.6) with MergeInstrumentationAnalysisTransform
Transforming jaxb-runtime-2.3.2.jar (org.glassfish.jaxb:jaxb-runtime:2.3.2) with InstrumentationAnalysisTransform
Transforming jaxb-runtime-2.3.2.jar (org.glassfish.jaxb:jaxb-runtime:2.3.2) with MergeInstrumentationAnalysisTransform
Transforming kotlin-stdlib-jdk7-1.9.0.jar (org.jetbrains.kotlin:kotlin-stdlib-jdk7:1.9.0) with InstrumentationAnalysisTransform
Transforming baseLibrary-4.2.0.jar (com.android.databinding:baseLibrary:4.2.0) with ExternalDependencyInstrumentingArtifactTransform
Transforming kotlin-stdlib-jdk7-1.9.0.jar (org.jetbrains.kotlin:kotlin-stdlib-jdk7:1.9.0) with MergeInstrumentationAnalysisTransform
Transforming kotlin-stdlib-1.9.0.jar (org.jetbrains.kotlin:kotlin-stdlib:1.9.0) with InstrumentationAnalysisTransform
Transforming kotlin-stdlib-1.9.0.jar (org.jetbrains.kotlin:kotlin-stdlib:1.9.0) with MergeInstrumentationAnalysisTransform
Transforming proguard-base-6.0.3.jar (net.sf.proguard:proguard-base:6.0.3) with InstrumentationAnalysisTransform
Transforming antlr4-4.5.3.jar (org.antlr:antlr4:4.5.3) with ExternalDependencyInstrumentingArtifactTransform
Transforming proguard-base-6.0.3.jar (net.sf.proguard:proguard-base:6.0.3) with MergeInstrumentationAnalysisTransform
Transforming auto-value-annotations-1.6.2.jar (com.google.auto.value:auto-value-annotations:1.6.2) with InstrumentationAnalysisTransform
Transforming auto-value-annotations-1.6.2.jar (com.google.auto.value:auto-value-annotations:1.6.2) with MergeInstrumentationAnalysisTransform
Transforming commons-io-2.4.jar (commons-io:commons-io:2.4) with ExternalDependencyInstrumentingArtifactTransform
Transforming error_prone_annotations-2.3.2.jar (com.google.errorprone:error_prone_annotations:2.3.2) with InstrumentationAnalysisTransform
Transforming error_prone_annotations-2.3.2.jar (com.google.errorprone:error_prone_annotations:2.3.2) with MergeInstrumentationAnalysisTransform
Transforming jdom2-2.0.6.jar (org.jdom:jdom2:2.0.6) with InstrumentationAnalysisTransform
Transforming jdom2-2.0.6.jar (org.jdom:jdom2:2.0.6) with MergeInstrumentationAnalysisTransform
Transforming json-20180813.jar (org.json:json:20180813) with InstrumentationAnalysisTransform
Transforming json-20180813.jar (org.json:json:20180813) with MergeInstrumentationAnalysisTransform
Transforming kotlin-gradle-plugin-annotations-1.9.0.jar (org.jetbrains.kotlin:kotlin-gradle-plugin-annotations:1.9.0) with InstrumentationAnalysisTransform
Transforming juniversalchardet-1.0.3.jar (com.googlecode.juniversalchardet:juniversalchardet:1.0.3) with ExternalDependencyInstrumentingArtifactTransform
Transforming kotlin-gradle-plugin-annotations-1.9.0.jar (org.jetbrains.kotlin:kotlin-gradle-plugin-annotations:1.9.0) with MergeInstrumentationAnalysisTransform
Transforming kotlin-util-io-1.9.0.jar (org.jetbrains.kotlin:kotlin-util-io:1.9.0) with InstrumentationAnalysisTransform
Transforming gson-2.8.6.jar (com.google.code.gson:gson:2.8.6) with ExternalDependencyInstrumentingArtifactTransform
Transforming kotlin-util-io-1.9.0.jar (org.jetbrains.kotlin:kotlin-util-io:1.9.0) with MergeInstrumentationAnalysisTransform
Transforming jaxb-runtime-2.3.2.jar (org.glassfish.jaxb:jaxb-runtime:2.3.2) with ExternalDependencyInstrumentingArtifactTransform
Transforming kotlin-daemon-embeddable-1.9.0.jar (org.jetbrains.kotlin:kotlin-daemon-embeddable:1.9.0) with InstrumentationAnalysisTransform
Transforming kotlin-daemon-embeddable-1.9.0.jar (org.jetbrains.kotlin:kotlin-daemon-embeddable:1.9.0) with MergeInstrumentationAnalysisTransform
Transforming kotlin-stdlib-1.9.0.jar (org.jetbrains.kotlin:kotlin-stdlib:1.9.0) with ExternalDependencyInstrumentingArtifactTransform
Transforming proguard-base-6.0.3.jar (net.sf.proguard:proguard-base:6.0.3) with ExternalDependencyInstrumentingArtifactTransform
Transforming kotlin-stdlib-jdk7-1.9.0.jar (org.jetbrains.kotlin:kotlin-stdlib-jdk7:1.9.0) with ExternalDependencyInstrumentingArtifactTransform
Transforming trove4j-1.0.20200330.jar (org.jetbrains.intellij.deps:trove4j:1.0.20200330) with InstrumentationAnalysisTransform
Transforming trove4j-1.0.20200330.jar (org.jetbrains.intellij.deps:trove4j:1.0.20200330) with MergeInstrumentationAnalysisTransform
Transforming auto-value-annotations-1.6.2.jar (com.google.auto.value:auto-value-annotations:1.6.2) with ExternalDependencyInstrumentingArtifactTransform
Transforming kotlin-daemon-client-1.9.0.jar (org.jetbrains.kotlin:kotlin-daemon-client:1.9.0) with InstrumentationAnalysisTransform
Transforming error_prone_annotations-2.3.2.jar (com.google.errorprone:error_prone_annotations:2.3.2) with ExternalDependencyInstrumentingArtifactTransform
Transforming kotlin-daemon-client-1.9.0.jar (org.jetbrains.kotlin:kotlin-daemon-client:1.9.0) with MergeInstrumentationAnalysisTransform
Transforming kotlinx-coroutines-core-jvm-1.5.0.jar (org.jetbrains.kotlinx:kotlinx-coroutines-core-jvm:1.5.0) with InstrumentationAnalysisTransform
Transforming jdom2-2.0.6.jar (org.jdom:jdom2:2.0.6) with ExternalDependencyInstrumentingArtifactTransform
Transforming kotlinx-coroutines-core-jvm-1.5.0.jar (org.jetbrains.kotlinx:kotlinx-coroutines-core-jvm:1.5.0) with MergeInstrumentationAnalysisTransform
Transforming json-20180813.jar (org.json:json:20180813) with ExternalDependencyInstrumentingArtifactTransform
Transforming kotlin-scripting-jvm-1.9.0.jar (org.jetbrains.kotlin:kotlin-scripting-jvm:1.9.0) with InstrumentationAnalysisTransform
Transforming kotlin-scripting-jvm-1.9.0.jar (org.jetbrains.kotlin:kotlin-scripting-jvm:1.9.0) with MergeInstrumentationAnalysisTransform
Transforming kotlin-scripting-common-1.9.0.jar (org.jetbrains.kotlin:kotlin-scripting-common:1.9.0) with InstrumentationAnalysisTransform
Transforming kotlin-util-io-1.9.0.jar (org.jetbrains.kotlin:kotlin-util-io:1.9.0) with ExternalDependencyInstrumentingArtifactTransform
Transforming trove4j-1.0.20200330.jar (org.jetbrains.intellij.deps:trove4j:1.0.20200330) with ExternalDependencyInstrumentingArtifactTransform
Transforming kotlin-daemon-embeddable-1.9.0.jar (org.jetbrains.kotlin:kotlin-daemon-embeddable:1.9.0) with ExternalDependencyInstrumentingArtifactTransform
Transforming kotlin-daemon-client-1.9.0.jar (org.jetbrains.kotlin:kotlin-daemon-client:1.9.0) with ExternalDependencyInstrumentingArtifactTransform
Transforming kotlinx-coroutines-core-jvm-1.5.0.jar (org.jetbrains.kotlinx:kotlinx-coroutines-core-jvm:1.5.0) with ExternalDependencyInstrumentingArtifactTransform
Transforming kotlin-scripting-jvm-1.9.0.jar (org.jetbrains.kotlin:kotlin-scripting-jvm:1.9.0) with ExternalDependencyInstrumentingArtifactTransform
Transforming kotlin-gradle-plugin-annotations-1.9.0.jar (org.jetbrains.kotlin:kotlin-gradle-plugin-annotations:1.9.0) with ExternalDependencyInstrumentingArtifactTransform
Transforming kotlin-scripting-common-1.9.0.jar (org.jetbrains.kotlin:kotlin-scripting-common:1.9.0) with MergeInstrumentationAnalysisTransform
Transforming commons-compress-1.12.jar (org.apache.commons:commons-compress:1.12) with InstrumentationAnalysisTransform
Transforming commons-compress-1.12.jar (org.apache.commons:commons-compress:1.12) with MergeInstrumentationAnalysisTransform
Transforming kotlin-scripting-common-1.9.0.jar (org.jetbrains.kotlin:kotlin-scripting-common:1.9.0) with ExternalDependencyInstrumentingArtifactTransform
Transforming xercesImpl-2.12.0.jar (xerces:xercesImpl:2.12.0) with InstrumentationAnalysisTransform
Transforming xercesImpl-2.12.0.jar (xerces:xercesImpl:2.12.0) with MergeInstrumentationAnalysisTransform
Transforming kxml2-2.3.0.jar (net.sf.kxml:kxml2:2.3.0) with InstrumentationAnalysisTransform
Transforming commons-compress-1.12.jar (org.apache.commons:commons-compress:1.12) with ExternalDependencyInstrumentingArtifactTransform
Transforming kxml2-2.3.0.jar (net.sf.kxml:kxml2:2.3.0) with MergeInstrumentationAnalysisTransform
Transforming jsr305-3.0.2.jar (com.google.code.findbugs:jsr305:3.0.2) with InstrumentationAnalysisTransform
Transforming jsr305-3.0.2.jar (com.google.code.findbugs:jsr305:3.0.2) with MergeInstrumentationAnalysisTransform
Transforming annotations-13.0.jar (org.jetbrains:annotations:13.0) with InstrumentationAnalysisTransform
Transforming xercesImpl-2.12.0.jar (xerces:xercesImpl:2.12.0) with ExternalDependencyInstrumentingArtifactTransform
Transforming annotations-13.0.jar (org.jetbrains:annotations:13.0) with MergeInstrumentationAnalysisTransform
Transforming failureaccess-1.0.1.jar (com.google.guava:failureaccess:1.0.1) with InstrumentationAnalysisTransform
Transforming failureaccess-1.0.1.jar (com.google.guava:failureaccess:1.0.1) with MergeInstrumentationAnalysisTransform
Transforming listenablefuture-9999.0-empty-to-avoid-conflict-with-guava.jar (com.google.guava:listenablefuture:9999.0-empty-to-avoid-conflict-with-guava) with InstrumentationAnalysisTransform
Transforming jsr305-3.0.2.jar (com.google.code.findbugs:jsr305:3.0.2) with ExternalDependencyInstrumentingArtifactTransform
Transforming listenablefuture-9999.0-empty-to-avoid-conflict-with-guava.jar (com.google.guava:listenablefuture:9999.0-empty-to-avoid-conflict-with-guava) with MergeInstrumentationAnalysisTransform
Transforming j2objc-annotations-1.3.jar (com.google.j2objc:j2objc-annotations:1.3) with InstrumentationAnalysisTransform
Transforming annotations-13.0.jar (org.jetbrains:annotations:13.0) with ExternalDependencyInstrumentingArtifactTransform
Transforming listenablefuture-9999.0-empty-to-avoid-conflict-with-guava.jar (com.google.guava:listenablefuture:9999.0-empty-to-avoid-conflict-with-guava) with ExternalDependencyInstrumentingArtifactTransform
Transforming kxml2-2.3.0.jar (net.sf.kxml:kxml2:2.3.0) with ExternalDependencyInstrumentingArtifactTransform
Transforming failureaccess-1.0.1.jar (com.google.guava:failureaccess:1.0.1) with ExternalDependencyInstrumentingArtifactTransform
Transforming j2objc-annotations-1.3.jar (com.google.j2objc:j2objc-annotations:1.3) with MergeInstrumentationAnalysisTransform
Transforming animal-sniffer-annotations-1.18.jar (org.codehaus.mojo:animal-sniffer-annotations:1.18) with InstrumentationAnalysisTransform
Transforming animal-sniffer-annotations-1.18.jar (org.codehaus.mojo:animal-sniffer-annotations:1.18) with MergeInstrumentationAnalysisTransform
Transforming j2objc-annotations-1.3.jar (com.google.j2objc:j2objc-annotations:1.3) with ExternalDependencyInstrumentingArtifactTransform
Transforming commons-logging-1.2.jar (commons-logging:commons-logging:1.2) with InstrumentationAnalysisTransform
Transforming commons-logging-1.2.jar (commons-logging:commons-logging:1.2) with MergeInstrumentationAnalysisTransform
Transforming animal-sniffer-annotations-1.18.jar (org.codehaus.mojo:animal-sniffer-annotations:1.18) with ExternalDependencyInstrumentingArtifactTransform
Transforming commons-codec-1.10.jar (commons-codec:commons-codec:1.10) with InstrumentationAnalysisTransform
Transforming commons-codec-1.10.jar (commons-codec:commons-codec:1.10) with MergeInstrumentationAnalysisTransform
Transforming stax-ex-1.8.1.jar (org.jvnet.staxex:stax-ex:1.8.1) with InstrumentationAnalysisTransform
Transforming stax-ex-1.8.1.jar (org.jvnet.staxex:stax-ex:1.8.1) with MergeInstrumentationAnalysisTransform
Transforming jakarta.xml.bind-api-2.3.2.jar (jakarta.xml.bind:jakarta.xml.bind-api:2.3.2) with InstrumentationAnalysisTransform
Transforming commons-codec-1.10.jar (commons-codec:commons-codec:1.10) with ExternalDependencyInstrumentingArtifactTransform
Transforming jakarta.xml.bind-api-2.3.2.jar (jakarta.xml.bind:jakarta.xml.bind-api:2.3.2) with MergeInstrumentationAnalysisTransform
Transforming commons-logging-1.2.jar (commons-logging:commons-logging:1.2) with ExternalDependencyInstrumentingArtifactTransform
Transforming txw2-2.3.2.jar (org.glassfish.jaxb:txw2:2.3.2) with InstrumentationAnalysisTransform
Transforming txw2-2.3.2.jar (org.glassfish.jaxb:txw2:2.3.2) with MergeInstrumentationAnalysisTransform
Transforming stax-ex-1.8.1.jar (org.jvnet.staxex:stax-ex:1.8.1) with ExternalDependencyInstrumentingArtifactTransform
Transforming istack-commons-runtime-3.0.8.jar (com.sun.istack:istack-commons-runtime:3.0.8) with InstrumentationAnalysisTransform
Transforming jakarta.xml.bind-api-2.3.2.jar (jakarta.xml.bind:jakarta.xml.bind-api:2.3.2) with ExternalDependencyInstrumentingArtifactTransform
Transforming istack-commons-runtime-3.0.8.jar (com.sun.istack:istack-commons-runtime:3.0.8) with MergeInstrumentationAnalysisTransform
Transforming FastInfoset-1.2.16.jar (com.sun.xml.fastinfoset:FastInfoset:1.2.16) with InstrumentationAnalysisTransform
Transforming FastInfoset-1.2.16.jar (com.sun.xml.fastinfoset:FastInfoset:1.2.16) with MergeInstrumentationAnalysisTransform
Transforming jakarta.activation-api-1.2.1.jar (jakarta.activation:jakarta.activation-api:1.2.1) with InstrumentationAnalysisTransform
Transforming txw2-2.3.2.jar (org.glassfish.jaxb:txw2:2.3.2) with ExternalDependencyInstrumentingArtifactTransform
Transforming jakarta.activation-api-1.2.1.jar (jakarta.activation:jakarta.activation-api:1.2.1) with MergeInstrumentationAnalysisTransform
Transforming istack-commons-runtime-3.0.8.jar (com.sun.istack:istack-commons-runtime:3.0.8) with ExternalDependencyInstrumentingArtifactTransform
Transforming kotlin-stdlib-common-1.9.0.jar (org.jetbrains.kotlin:kotlin-stdlib-common:1.9.0) with InstrumentationAnalysisTransform
Transforming jakarta.activation-api-1.2.1.jar (jakarta.activation:jakarta.activation-api:1.2.1) with ExternalDependencyInstrumentingArtifactTransform
Transforming FastInfoset-1.2.16.jar (com.sun.xml.fastinfoset:FastInfoset:1.2.16) with ExternalDependencyInstrumentingArtifactTransform
Transforming kotlin-stdlib-common-1.9.0.jar (org.jetbrains.kotlin:kotlin-stdlib-common:1.9.0) with MergeInstrumentationAnalysisTransform
Transforming javax.activation-1.2.0.jar (com.sun.activation:javax.activation:1.2.0) with InstrumentationAnalysisTransform
Transforming javax.activation-1.2.0.jar (com.sun.activation:javax.activation:1.2.0) with MergeInstrumentationAnalysisTransform
Transforming jna-platform-5.6.0.jar (net.java.dev.jna:jna-platform:5.6.0) with InstrumentationAnalysisTransform
Transforming kotlin-stdlib-common-1.9.0.jar (org.jetbrains.kotlin:kotlin-stdlib-common:1.9.0) with ExternalDependencyInstrumentingArtifactTransform
Transforming jna-platform-5.6.0.jar (net.java.dev.jna:jna-platform:5.6.0) with MergeInstrumentationAnalysisTransform
Transforming xml-apis-1.4.01.jar (xml-apis:xml-apis:1.4.01) with InstrumentationAnalysisTransform
Transforming xml-apis-1.4.01.jar (xml-apis:xml-apis:1.4.01) with MergeInstrumentationAnalysisTransform
Transforming jna-5.6.0.jar (net.java.dev.jna:jna:5.6.0) with InstrumentationAnalysisTransform
Transforming jna-5.6.0.jar (net.java.dev.jna:jna:5.6.0) with MergeInstrumentationAnalysisTransform
Transforming xml-apis-1.4.01.jar (xml-apis:xml-apis:1.4.01) with ExternalDependencyInstrumentingArtifactTransform
Transforming jna-5.6.0.jar (net.java.dev.jna:jna:5.6.0) with ExternalDependencyInstrumentingArtifactTransform
Transforming javax.activation-1.2.0.jar (com.sun.activation:javax.activation:1.2.0) with ExternalDependencyInstrumentingArtifactTransform
Transforming jna-platform-5.6.0.jar (net.java.dev.jna:jna-platform:5.6.0) with ExternalDependencyInstrumentingArtifactTransform
Using default execution profile
Using Kotlin Gradle Plugin gradle81 variant

> Configure project :flutter_archive
Evaluating project ':flutter_archive' using build file '/home/cookie/.pub-cache/hosted/pub.dev/flutter_archive-5.0.0/android/build.gradle'.
Transforming gradle-4.1.3.jar (com.android.tools.build:gradle:4.1.3) with InstrumentationAnalysisTransform
Transforming kotlin-gradle-plugin-model-1.9.0.jar (org.jetbrains.kotlin:kotlin-gradle-plugin-model:1.9.0) with InstrumentationAnalysisTransform
Transforming kotlin-gradle-plugin-api-1.9.0-gradle81.jar (org.jetbrains.kotlin:kotlin-gradle-plugin-api:1.9.0) with InstrumentationAnalysisTransform
Transforming kotlin-gradle-plugin-api-1.9.0.jar (org.jetbrains.kotlin:kotlin-gradle-plugin-api:1.9.0) with InstrumentationAnalysisTransform
Transforming kotlin-gradle-plugin-1.9.0-gradle81.jar (org.jetbrains.kotlin:kotlin-gradle-plugin:1.9.0) with InstrumentationAnalysisTransform
Transforming builder-4.1.3.jar (com.android.tools.build:builder:4.1.3) with InstrumentationAnalysisTransform
Transforming aaptcompiler-4.1.3.jar (com.android.tools.build:aaptcompiler:4.1.3) with InstrumentationAnalysisTransform
Transforming bundletool-0.14.0.jar (com.android.tools.build:bundletool:0.14.0) with InstrumentationAnalysisTransform
Transforming manifest-merger-27.1.3.jar (com.android.tools.build:manifest-merger:27.1.3) with InstrumentationAnalysisTransform
Transforming lint-gradle-api-27.1.3.jar (com.android.tools.lint:lint-gradle-api:27.1.3) with InstrumentationAnalysisTransform
Transforming lint-model-27.1.3.jar (com.android.tools.lint:lint-model:27.1.3) with InstrumentationAnalysisTransform
Transforming sdk-common-27.1.3.jar (com.android.tools:sdk-common:27.1.3) with InstrumentationAnalysisTransform
Transforming aapt2-proto-4.1.3-6503028.jar (com.android.tools.build:aapt2-proto:4.1.3-6503028) with InstrumentationAnalysisTransform
Transforming crash-27.1.3.jar (com.android.tools.analytics-library:crash:27.1.3) with InstrumentationAnalysisTransform
Transforming gradle-api-4.1.3.jar (com.android.tools.build:gradle-api:4.1.3) with InstrumentationAnalysisTransform
Transforming databinding-compiler-common-4.1.3.jar (androidx.databinding:databinding-compiler-common:4.1.3) with InstrumentationAnalysisTransform
Transforming builder-model-4.1.3.jar (com.android.tools.build:builder-model:4.1.3) with InstrumentationAnalysisTransform
Transforming builder-test-api-4.1.3.jar (com.android.tools.build:builder-test-api:4.1.3) with InstrumentationAnalysisTransform
Transforming ddmlib-27.1.3.jar (com.android.tools.ddms:ddmlib:27.1.3) with InstrumentationAnalysisTransform
Transforming signflinger-4.1.3.jar (com.android:signflinger:4.1.3) with InstrumentationAnalysisTransform
Transforming zipflinger-4.1.3.jar (com.android:zipflinger:4.1.3) with InstrumentationAnalysisTransform
Transforming tracker-27.1.3.jar (com.android.tools.analytics-library:tracker:27.1.3) with InstrumentationAnalysisTransform
Transforming sdklib-27.1.3.jar (com.android.tools:sdklib:27.1.3) with InstrumentationAnalysisTransform
Transforming layoutlib-api-27.1.3.jar (com.android.tools.layoutlib:layoutlib-api:27.1.3) with InstrumentationAnalysisTransform
Transforming dvlib-27.1.3.jar (com.android.tools:dvlib:27.1.3) with InstrumentationAnalysisTransform
Transforming repository-27.1.3.jar (com.android.tools:repository:27.1.3) with InstrumentationAnalysisTransform
Transforming shared-27.1.3.jar (com.android.tools.analytics-library:shared:27.1.3) with InstrumentationAnalysisTransform
Transforming common-27.1.3.jar (com.android.tools:common:27.1.3) with InstrumentationAnalysisTransform
Transforming kotlin-stdlib-jdk8-1.9.0.jar (org.jetbrains.kotlin:kotlin-stdlib-jdk8:1.9.0) with InstrumentationAnalysisTransform
Transforming transform-api-2.0.0-deprecated-use-gradle-api.jar (com.android.tools.build:transform-api:2.0.0-deprecated-use-gradle-api) with InstrumentationAnalysisTransform
Transforming jetifier-processor-1.0.0-beta09.jar (com.android.tools.build.jetifier:jetifier-processor:1.0.0-beta09) with InstrumentationAnalysisTransform
Transforming asm-commons-7.0.jar (org.ow2.asm:asm-commons:7.0) with InstrumentationAnalysisTransform
Transforming asm-util-7.0.jar (org.ow2.asm:asm-util:7.0) with InstrumentationAnalysisTransform
Transforming asm-analysis-7.0.jar (org.ow2.asm:asm-analysis:7.0) with InstrumentationAnalysisTransform
Transforming asm-tree-7.0.jar (org.ow2.asm:asm-tree:7.0) with InstrumentationAnalysisTransform
Transforming asm-7.0.jar (org.ow2.asm:asm:7.0) with InstrumentationAnalysisTransform
Transforming jopt-simple-4.9.jar (net.sf.jopt-simple:jopt-simple:4.9) with InstrumentationAnalysisTransform
Transforming proguard-gradle-6.0.3.jar (net.sf.proguard:proguard-gradle:6.0.3) with InstrumentationAnalysisTransform
Transforming jetifier-core-1.0.0-beta09.jar (com.android.tools.build.jetifier:jetifier-core:1.0.0-beta09) with InstrumentationAnalysisTransform
Transforming javapoet-1.10.0.jar (com.squareup:javapoet:1.10.0) with InstrumentationAnalysisTransform
Transforming protobuf-java-util-3.10.0.jar (com.google.protobuf:protobuf-java-util:3.10.0) with InstrumentationAnalysisTransform
Transforming tink-1.3.0-rc2.jar (com.google.crypto.tink:tink:1.3.0-rc2) with InstrumentationAnalysisTransform
Transforming protos-27.1.3.jar (com.android.tools.analytics-library:protos:27.1.3) with InstrumentationAnalysisTransform
Transforming protobuf-java-3.10.0.jar (com.google.protobuf:protobuf-java:3.10.0) with InstrumentationAnalysisTransform
Transforming core-proto-0.0.2-dev.jar (com.google.test.platform:core-proto:0.0.2-dev) with InstrumentationAnalysisTransform
Transforming tensorflow-lite-metadata-0.1.0-rc1.jar (org.tensorflow:tensorflow-lite-metadata:0.1.0-rc1) with InstrumentationAnalysisTransform
Transforming flatbuffers-java-1.12.0.jar (com.google.flatbuffers:flatbuffers-java:1.12.0) with InstrumentationAnalysisTransform
Transforming kotlin-gradle-plugin-idea-proto-1.9.0.jar (org.jetbrains.kotlin:kotlin-gradle-plugin-idea-proto:1.9.0) with InstrumentationAnalysisTransform
Transforming kotlin-gradle-plugin-idea-1.9.0.jar (org.jetbrains.kotlin:kotlin-gradle-plugin-idea:1.9.0) with InstrumentationAnalysisTransform
Transforming kotlin-project-model-1.9.0.jar (org.jetbrains.kotlin:kotlin-project-model:1.9.0) with InstrumentationAnalysisTransform
Transforming kotlin-tooling-core-1.9.0.jar (org.jetbrains.kotlin:kotlin-tooling-core:1.9.0) with InstrumentationAnalysisTransform
Transforming kotlin-klib-commonizer-api-1.9.0.jar (org.jetbrains.kotlin:kotlin-klib-commonizer-api:1.9.0) with InstrumentationAnalysisTransform
Transforming kotlin-native-utils-1.9.0.jar (org.jetbrains.kotlin:kotlin-native-utils:1.9.0) with InstrumentationAnalysisTransform
Transforming kotlin-util-klib-1.9.0.jar (org.jetbrains.kotlin:kotlin-util-klib:1.9.0) with InstrumentationAnalysisTransform
Transforming kotlin-build-tools-api-1.9.0.jar (org.jetbrains.kotlin:kotlin-build-tools-api:1.9.0) with InstrumentationAnalysisTransform
Transforming kotlin-android-extensions-1.9.0.jar (org.jetbrains.kotlin:kotlin-android-extensions:1.9.0) with InstrumentationAnalysisTransform
Transforming kotlin-compiler-runner-1.9.0.jar (org.jetbrains.kotlin:kotlin-compiler-runner:1.9.0) with InstrumentationAnalysisTransform
Transforming kotlin-compiler-embeddable-1.9.0.jar (org.jetbrains.kotlin:kotlin-compiler-embeddable:1.9.0) with InstrumentationAnalysisTransform
Transforming kotlin-scripting-compiler-embeddable-1.9.0.jar (org.jetbrains.kotlin:kotlin-scripting-compiler-embeddable:1.9.0) with InstrumentationAnalysisTransform
Transforming kotlin-scripting-compiler-impl-embeddable-1.9.0.jar (org.jetbrains.kotlin:kotlin-scripting-compiler-impl-embeddable:1.9.0) with InstrumentationAnalysisTransform
Transforming apkzlib-4.1.3.jar (com.android.tools.build:apkzlib:4.1.3) with InstrumentationAnalysisTransform
Transforming apksig-4.1.3.jar (com.android.tools.build:apksig:4.1.3) with InstrumentationAnalysisTransform
Transforming javawriter-2.5.0.jar (com.squareup:javawriter:2.5.0) with InstrumentationAnalysisTransform
Transforming bcpkix-jdk15on-1.56.jar (org.bouncycastle:bcpkix-jdk15on:1.56) with InstrumentationAnalysisTransform
Transforming bcprov-jdk15on-1.56.jar (org.bouncycastle:bcprov-jdk15on:1.56) with InstrumentationAnalysisTransform
Transforming javax.inject-1.jar (javax.inject:javax.inject:1) with InstrumentationAnalysisTransform
Transforming fastutil-7.2.0.jar (it.unimi.dsi:fastutil:7.2.0) with InstrumentationAnalysisTransform
Transforming json-simple-1.1.jar (com.googlecode.json-simple:json-simple:1.1) with InstrumentationAnalysisTransform
Transforming jimfs-1.1.jar (com.google.jimfs:jimfs:1.1) with InstrumentationAnalysisTransform
Transforming guava-28.1-jre.jar (com.google.guava:guava:28.1-jre) with InstrumentationAnalysisTransform
Transforming annotations-27.1.3.jar (com.android.tools:annotations:27.1.3) with InstrumentationAnalysisTransform
Transforming httpmime-4.5.6.jar (org.apache.httpcomponents:httpmime:4.5.6) with InstrumentationAnalysisTransform
Transforming httpclient-4.5.6.jar (org.apache.httpcomponents:httpclient:4.5.6) with InstrumentationAnalysisTransform
Transforming httpcore-4.4.10.jar (org.apache.httpcomponents:httpcore:4.4.10) with InstrumentationAnalysisTransform
Transforming kotlin-reflect-1.9.0.jar (org.jetbrains.kotlin:kotlin-reflect:1.9.0) with InstrumentationAnalysisTransform
Transforming databinding-common-4.1.3.jar (androidx.databinding:databinding-common:4.1.3) with InstrumentationAnalysisTransform
Transforming baseLibrary-4.1.3.jar (com.android.databinding:baseLibrary:4.1.3) with InstrumentationAnalysisTransform
Transforming antlr4-4.5.3.jar (org.antlr:antlr4:4.5.3) with InstrumentationAnalysisTransform
Transforming commons-io-2.4.jar (commons-io:commons-io:2.4) with InstrumentationAnalysisTransform
Transforming juniversalchardet-1.0.3.jar (com.googlecode.juniversalchardet:juniversalchardet:1.0.3) with InstrumentationAnalysisTransform
Transforming gson-2.8.5.jar (com.google.code.gson:gson:2.8.5) with InstrumentationAnalysisTransform
Transforming jaxb-runtime-2.3.1.jar (org.glassfish.jaxb:jaxb-runtime:2.3.1) with InstrumentationAnalysisTransform
Transforming kotlin-stdlib-jdk7-1.9.0.jar (org.jetbrains.kotlin:kotlin-stdlib-jdk7:1.9.0) with InstrumentationAnalysisTransform
Transforming kotlin-stdlib-1.9.0.jar (org.jetbrains.kotlin:kotlin-stdlib:1.9.0) with InstrumentationAnalysisTransform
Transforming proguard-base-6.0.3.jar (net.sf.proguard:proguard-base:6.0.3) with InstrumentationAnalysisTransform
Transforming auto-value-annotations-1.6.2.jar (com.google.auto.value:auto-value-annotations:1.6.2) with InstrumentationAnalysisTransform
Transforming error_prone_annotations-2.3.2.jar (com.google.errorprone:error_prone_annotations:2.3.2) with InstrumentationAnalysisTransform
Transforming jdom2-2.0.6.jar (org.jdom:jdom2:2.0.6) with InstrumentationAnalysisTransform
Transforming json-20180813.jar (org.json:json:20180813) with InstrumentationAnalysisTransform
Transforming checker-qual-2.8.1.jar (org.checkerframework:checker-qual:2.8.1) with InstrumentationAnalysisTransform
Transforming kotlin-gradle-plugin-annotations-1.9.0.jar (org.jetbrains.kotlin:kotlin-gradle-plugin-annotations:1.9.0) with InstrumentationAnalysisTransform
Transforming kotlin-util-io-1.9.0.jar (org.jetbrains.kotlin:kotlin-util-io:1.9.0) with InstrumentationAnalysisTransform
Transforming kotlin-daemon-embeddable-1.9.0.jar (org.jetbrains.kotlin:kotlin-daemon-embeddable:1.9.0) with InstrumentationAnalysisTransform
Transforming trove4j-1.0.20200330.jar (org.jetbrains.intellij.deps:trove4j:1.0.20200330) with InstrumentationAnalysisTransform
Transforming kotlin-daemon-client-1.9.0.jar (org.jetbrains.kotlin:kotlin-daemon-client:1.9.0) with InstrumentationAnalysisTransform
Transforming kotlinx-coroutines-core-jvm-1.5.0.jar (org.jetbrains.kotlinx:kotlinx-coroutines-core-jvm:1.5.0) with InstrumentationAnalysisTransform
Transforming kotlin-scripting-jvm-1.9.0.jar (org.jetbrains.kotlin:kotlin-scripting-jvm:1.9.0) with InstrumentationAnalysisTransform
Transforming kotlin-scripting-common-1.9.0.jar (org.jetbrains.kotlin:kotlin-scripting-common:1.9.0) with InstrumentationAnalysisTransform
Transforming commons-compress-1.12.jar (org.apache.commons:commons-compress:1.12) with InstrumentationAnalysisTransform
Transforming trove4j-20160824.jar (org.jetbrains.trove4j:trove4j:20160824) with InstrumentationAnalysisTransform
Transforming kxml2-2.3.0.jar (net.sf.kxml:kxml2:2.3.0) with InstrumentationAnalysisTransform
Transforming jsr305-3.0.2.jar (com.google.code.findbugs:jsr305:3.0.2) with InstrumentationAnalysisTransform
Transforming annotations-13.0.jar (org.jetbrains:annotations:13.0) with InstrumentationAnalysisTransform
Transforming failureaccess-1.0.1.jar (com.google.guava:failureaccess:1.0.1) with InstrumentationAnalysisTransform
Transforming listenablefuture-9999.0-empty-to-avoid-conflict-with-guava.jar (com.google.guava:listenablefuture:9999.0-empty-to-avoid-conflict-with-guava) with InstrumentationAnalysisTransform
Transforming j2objc-annotations-1.3.jar (com.google.j2objc:j2objc-annotations:1.3) with InstrumentationAnalysisTransform
Transforming animal-sniffer-annotations-1.18.jar (org.codehaus.mojo:animal-sniffer-annotations:1.18) with InstrumentationAnalysisTransform
Transforming commons-logging-1.2.jar (commons-logging:commons-logging:1.2) with InstrumentationAnalysisTransform
Transforming commons-codec-1.10.jar (commons-codec:commons-codec:1.10) with InstrumentationAnalysisTransform
Transforming jaxb-api-2.3.1.jar (javax.xml.bind:jaxb-api:2.3.1) with InstrumentationAnalysisTransform
Transforming txw2-2.3.1.jar (org.glassfish.jaxb:txw2:2.3.1) with InstrumentationAnalysisTransform
Transforming istack-commons-runtime-3.0.7.jar (com.sun.istack:istack-commons-runtime:3.0.7) with InstrumentationAnalysisTransform
Transforming stax-ex-1.8.jar (org.jvnet.staxex:stax-ex:1.8) with InstrumentationAnalysisTransform
Transforming FastInfoset-1.2.15.jar (com.sun.xml.fastinfoset:FastInfoset:1.2.15) with InstrumentationAnalysisTransform
Transforming javax.activation-api-1.2.0.jar (javax.activation:javax.activation-api:1.2.0) with InstrumentationAnalysisTransform
Transforming kotlin-stdlib-common-1.9.0.jar (org.jetbrains.kotlin:kotlin-stdlib-common:1.9.0) with InstrumentationAnalysisTransform
Transforming javax.activation-1.2.0.jar (com.sun.activation:javax.activation:1.2.0) with InstrumentationAnalysisTransform
Transforming gradle-4.1.3.jar (com.android.tools.build:gradle:4.1.3) with InstrumentationAnalysisTransform
Transforming gradle-4.1.3.jar (com.android.tools.build:gradle:4.1.3) with MergeInstrumentationAnalysisTransform
Transforming kotlin-gradle-plugin-model-1.9.0.jar (org.jetbrains.kotlin:kotlin-gradle-plugin-model:1.9.0) with InstrumentationAnalysisTransform
Transforming kotlin-gradle-plugin-model-1.9.0.jar (org.jetbrains.kotlin:kotlin-gradle-plugin-model:1.9.0) with MergeInstrumentationAnalysisTransform
Transforming gradle-4.1.3.jar (com.android.tools.build:gradle:4.1.3) with ExternalDependencyInstrumentingArtifactTransform
Transforming kotlin-gradle-plugin-api-1.9.0-gradle81.jar (org.jetbrains.kotlin:kotlin-gradle-plugin-api:1.9.0) with InstrumentationAnalysisTransform
Transforming kotlin-gradle-plugin-api-1.9.0-gradle81.jar (org.jetbrains.kotlin:kotlin-gradle-plugin-api:1.9.0) with MergeInstrumentationAnalysisTransform
Transforming kotlin-gradle-plugin-model-1.9.0.jar (org.jetbrains.kotlin:kotlin-gradle-plugin-model:1.9.0) with ExternalDependencyInstrumentingArtifactTransform
Transforming kotlin-gradle-plugin-api-1.9.0.jar (org.jetbrains.kotlin:kotlin-gradle-plugin-api:1.9.0) with InstrumentationAnalysisTransform
Transforming kotlin-gradle-plugin-api-1.9.0.jar (org.jetbrains.kotlin:kotlin-gradle-plugin-api:1.9.0) with MergeInstrumentationAnalysisTransform
Transforming kotlin-gradle-plugin-api-1.9.0-gradle81.jar (org.jetbrains.kotlin:kotlin-gradle-plugin-api:1.9.0) with ExternalDependencyInstrumentingArtifactTransform
Transforming kotlin-gradle-plugin-1.9.0-gradle81.jar (org.jetbrains.kotlin:kotlin-gradle-plugin:1.9.0) with InstrumentationAnalysisTransform
Transforming kotlin-gradle-plugin-1.9.0-gradle81.jar (org.jetbrains.kotlin:kotlin-gradle-plugin:1.9.0) with MergeInstrumentationAnalysisTransform
Transforming kotlin-gradle-plugin-api-1.9.0.jar (org.jetbrains.kotlin:kotlin-gradle-plugin-api:1.9.0) with ExternalDependencyInstrumentingArtifactTransform
Transforming builder-4.1.3.jar (com.android.tools.build:builder:4.1.3) with InstrumentationAnalysisTransform
Transforming builder-4.1.3.jar (com.android.tools.build:builder:4.1.3) with MergeInstrumentationAnalysisTransform
Transforming kotlin-gradle-plugin-1.9.0-gradle81.jar (org.jetbrains.kotlin:kotlin-gradle-plugin:1.9.0) with ExternalDependencyInstrumentingArtifactTransform
Transforming aaptcompiler-4.1.3.jar (com.android.tools.build:aaptcompiler:4.1.3) with InstrumentationAnalysisTransform
Transforming aaptcompiler-4.1.3.jar (com.android.tools.build:aaptcompiler:4.1.3) with MergeInstrumentationAnalysisTransform
Transforming builder-4.1.3.jar (com.android.tools.build:builder:4.1.3) with ExternalDependencyInstrumentingArtifactTransform
Transforming bundletool-0.14.0.jar (com.android.tools.build:bundletool:0.14.0) with InstrumentationAnalysisTransform
Transforming bundletool-0.14.0.jar (com.android.tools.build:bundletool:0.14.0) with MergeInstrumentationAnalysisTransform
Transforming manifest-merger-27.1.3.jar (com.android.tools.build:manifest-merger:27.1.3) with InstrumentationAnalysisTransform
Transforming aaptcompiler-4.1.3.jar (com.android.tools.build:aaptcompiler:4.1.3) with ExternalDependencyInstrumentingArtifactTransform
Transforming manifest-merger-27.1.3.jar (com.android.tools.build:manifest-merger:27.1.3) with MergeInstrumentationAnalysisTransform
Transforming bundletool-0.14.0.jar (com.android.tools.build:bundletool:0.14.0) with ExternalDependencyInstrumentingArtifactTransform
Transforming lint-gradle-api-27.1.3.jar (com.android.tools.lint:lint-gradle-api:27.1.3) with InstrumentationAnalysisTransform
Transforming lint-gradle-api-27.1.3.jar (com.android.tools.lint:lint-gradle-api:27.1.3) with MergeInstrumentationAnalysisTransform
Transforming manifest-merger-27.1.3.jar (com.android.tools.build:manifest-merger:27.1.3) with ExternalDependencyInstrumentingArtifactTransform
Transforming lint-gradle-api-27.1.3.jar (com.android.tools.lint:lint-gradle-api:27.1.3) with ExternalDependencyInstrumentingArtifactTransform
Transforming lint-model-27.1.3.jar (com.android.tools.lint:lint-model:27.1.3) with InstrumentationAnalysisTransform
Transforming lint-model-27.1.3.jar (com.android.tools.lint:lint-model:27.1.3) with MergeInstrumentationAnalysisTransform
Transforming sdk-common-27.1.3.jar (com.android.tools:sdk-common:27.1.3) with InstrumentationAnalysisTransform
Transforming sdk-common-27.1.3.jar (com.android.tools:sdk-common:27.1.3) with MergeInstrumentationAnalysisTransform
Transforming lint-model-27.1.3.jar (com.android.tools.lint:lint-model:27.1.3) with ExternalDependencyInstrumentingArtifactTransform
Transforming aapt2-proto-4.1.3-6503028.jar (com.android.tools.build:aapt2-proto:4.1.3-6503028) with InstrumentationAnalysisTransform
Transforming aapt2-proto-4.1.3-6503028.jar (com.android.tools.build:aapt2-proto:4.1.3-6503028) with MergeInstrumentationAnalysisTransform
Transforming crash-27.1.3.jar (com.android.tools.analytics-library:crash:27.1.3) with InstrumentationAnalysisTransform
Transforming sdk-common-27.1.3.jar (com.android.tools:sdk-common:27.1.3) with ExternalDependencyInstrumentingArtifactTransform
Transforming crash-27.1.3.jar (com.android.tools.analytics-library:crash:27.1.3) with MergeInstrumentationAnalysisTransform
Transforming gradle-api-4.1.3.jar (com.android.tools.build:gradle-api:4.1.3) with InstrumentationAnalysisTransform
Transforming gradle-api-4.1.3.jar (com.android.tools.build:gradle-api:4.1.3) with MergeInstrumentationAnalysisTransform
Transforming databinding-compiler-common-4.1.3.jar (androidx.databinding:databinding-compiler-common:4.1.3) with InstrumentationAnalysisTransform
Transforming crash-27.1.3.jar (com.android.tools.analytics-library:crash:27.1.3) with ExternalDependencyInstrumentingArtifactTransform
Transforming gradle-api-4.1.3.jar (com.android.tools.build:gradle-api:4.1.3) with ExternalDependencyInstrumentingArtifactTransform
Transforming aapt2-proto-4.1.3-6503028.jar (com.android.tools.build:aapt2-proto:4.1.3-6503028) with ExternalDependencyInstrumentingArtifactTransform
Transforming databinding-compiler-common-4.1.3.jar (androidx.databinding:databinding-compiler-common:4.1.3) with MergeInstrumentationAnalysisTransform
Transforming builder-model-4.1.3.jar (com.android.tools.build:builder-model:4.1.3) with InstrumentationAnalysisTransform
Transforming builder-model-4.1.3.jar (com.android.tools.build:builder-model:4.1.3) with MergeInstrumentationAnalysisTransform
Transforming builder-test-api-4.1.3.jar (com.android.tools.build:builder-test-api:4.1.3) with InstrumentationAnalysisTransform
Transforming databinding-compiler-common-4.1.3.jar (androidx.databinding:databinding-compiler-common:4.1.3) with ExternalDependencyInstrumentingArtifactTransform
Transforming builder-test-api-4.1.3.jar (com.android.tools.build:builder-test-api:4.1.3) with MergeInstrumentationAnalysisTransform
Transforming ddmlib-27.1.3.jar (com.android.tools.ddms:ddmlib:27.1.3) with InstrumentationAnalysisTransform
Transforming ddmlib-27.1.3.jar (com.android.tools.ddms:ddmlib:27.1.3) with MergeInstrumentationAnalysisTransform
Transforming signflinger-4.1.3.jar (com.android:signflinger:4.1.3) with InstrumentationAnalysisTransform
Transforming builder-model-4.1.3.jar (com.android.tools.build:builder-model:4.1.3) with ExternalDependencyInstrumentingArtifactTransform
Transforming signflinger-4.1.3.jar (com.android:signflinger:4.1.3) with MergeInstrumentationAnalysisTransform
Transforming zipflinger-4.1.3.jar (com.android:zipflinger:4.1.3) with InstrumentationAnalysisTransform
Transforming zipflinger-4.1.3.jar (com.android:zipflinger:4.1.3) with MergeInstrumentationAnalysisTransform
Transforming tracker-27.1.3.jar (com.android.tools.analytics-library:tracker:27.1.3) with InstrumentationAnalysisTransform
Transforming tracker-27.1.3.jar (com.android.tools.analytics-library:tracker:27.1.3) with MergeInstrumentationAnalysisTransform
Transforming sdklib-27.1.3.jar (com.android.tools:sdklib:27.1.3) with InstrumentationAnalysisTransform
Transforming zipflinger-4.1.3.jar (com.android:zipflinger:4.1.3) with ExternalDependencyInstrumentingArtifactTransform
Transforming sdklib-27.1.3.jar (com.android.tools:sdklib:27.1.3) with MergeInstrumentationAnalysisTransform
Transforming signflinger-4.1.3.jar (com.android:signflinger:4.1.3) with ExternalDependencyInstrumentingArtifactTransform
Transforming tracker-27.1.3.jar (com.android.tools.analytics-library:tracker:27.1.3) with ExternalDependencyInstrumentingArtifactTransform
Transforming builder-test-api-4.1.3.jar (com.android.tools.build:builder-test-api:4.1.3) with ExternalDependencyInstrumentingArtifactTransform
Transforming sdklib-27.1.3.jar (com.android.tools:sdklib:27.1.3) with ExternalDependencyInstrumentingArtifactTransform
Transforming ddmlib-27.1.3.jar (com.android.tools.ddms:ddmlib:27.1.3) with ExternalDependencyInstrumentingArtifactTransform
Transforming layoutlib-api-27.1.3.jar (com.android.tools.layoutlib:layoutlib-api:27.1.3) with InstrumentationAnalysisTransform
Transforming layoutlib-api-27.1.3.jar (com.android.tools.layoutlib:layoutlib-api:27.1.3) with MergeInstrumentationAnalysisTransform
Transforming dvlib-27.1.3.jar (com.android.tools:dvlib:27.1.3) with InstrumentationAnalysisTransform
Transforming dvlib-27.1.3.jar (com.android.tools:dvlib:27.1.3) with MergeInstrumentationAnalysisTransform
Transforming repository-27.1.3.jar (com.android.tools:repository:27.1.3) with InstrumentationAnalysisTransform
Transforming repository-27.1.3.jar (com.android.tools:repository:27.1.3) with MergeInstrumentationAnalysisTransform
Transforming shared-27.1.3.jar (com.android.tools.analytics-library:shared:27.1.3) with InstrumentationAnalysisTransform
Transforming dvlib-27.1.3.jar (com.android.tools:dvlib:27.1.3) with ExternalDependencyInstrumentingArtifactTransform
Transforming shared-27.1.3.jar (com.android.tools.analytics-library:shared:27.1.3) with MergeInstrumentationAnalysisTransform
Transforming common-27.1.3.jar (com.android.tools:common:27.1.3) with InstrumentationAnalysisTransform
Transforming shared-27.1.3.jar (com.android.tools.analytics-library:shared:27.1.3) with ExternalDependencyInstrumentingArtifactTransform
Transforming repository-27.1.3.jar (com.android.tools:repository:27.1.3) with ExternalDependencyInstrumentingArtifactTransform
Transforming layoutlib-api-27.1.3.jar (com.android.tools.layoutlib:layoutlib-api:27.1.3) with ExternalDependencyInstrumentingArtifactTransform
Transforming common-27.1.3.jar (com.android.tools:common:27.1.3) with MergeInstrumentationAnalysisTransform
Transforming kotlin-stdlib-jdk8-1.9.0.jar (org.jetbrains.kotlin:kotlin-stdlib-jdk8:1.9.0) with InstrumentationAnalysisTransform
Transforming kotlin-stdlib-jdk8-1.9.0.jar (org.jetbrains.kotlin:kotlin-stdlib-jdk8:1.9.0) with MergeInstrumentationAnalysisTransform
Transforming transform-api-2.0.0-deprecated-use-gradle-api.jar (com.android.tools.build:transform-api:2.0.0-deprecated-use-gradle-api) with InstrumentationAnalysisTransform
Transforming common-27.1.3.jar (com.android.tools:common:27.1.3) with ExternalDependencyInstrumentingArtifactTransform
Transforming transform-api-2.0.0-deprecated-use-gradle-api.jar (com.android.tools.build:transform-api:2.0.0-deprecated-use-gradle-api) with MergeInstrumentationAnalysisTransform
Transforming kotlin-stdlib-jdk8-1.9.0.jar (org.jetbrains.kotlin:kotlin-stdlib-jdk8:1.9.0) with ExternalDependencyInstrumentingArtifactTransform
Transforming jetifier-processor-1.0.0-beta09.jar (com.android.tools.build.jetifier:jetifier-processor:1.0.0-beta09) with InstrumentationAnalysisTransform
Transforming jetifier-processor-1.0.0-beta09.jar (com.android.tools.build.jetifier:jetifier-processor:1.0.0-beta09) with MergeInstrumentationAnalysisTransform
Transforming asm-commons-7.0.jar (org.ow2.asm:asm-commons:7.0) with InstrumentationAnalysisTransform
Transforming asm-commons-7.0.jar (org.ow2.asm:asm-commons:7.0) with MergeInstrumentationAnalysisTransform
Transforming asm-util-7.0.jar (org.ow2.asm:asm-util:7.0) with InstrumentationAnalysisTransform
Transforming asm-util-7.0.jar (org.ow2.asm:asm-util:7.0) with MergeInstrumentationAnalysisTransform
Transforming asm-analysis-7.0.jar (org.ow2.asm:asm-analysis:7.0) with InstrumentationAnalysisTransform
Transforming asm-analysis-7.0.jar (org.ow2.asm:asm-analysis:7.0) with MergeInstrumentationAnalysisTransform
Transforming asm-tree-7.0.jar (org.ow2.asm:asm-tree:7.0) with InstrumentationAnalysisTransform
Transforming asm-commons-7.0.jar (org.ow2.asm:asm-commons:7.0) with ExternalDependencyInstrumentingArtifactTransform
Transforming asm-util-7.0.jar (org.ow2.asm:asm-util:7.0) with ExternalDependencyInstrumentingArtifactTransform
Transforming transform-api-2.0.0-deprecated-use-gradle-api.jar (com.android.tools.build:transform-api:2.0.0-deprecated-use-gradle-api) with ExternalDependencyInstrumentingArtifactTransform
Transforming asm-analysis-7.0.jar (org.ow2.asm:asm-analysis:7.0) with ExternalDependencyInstrumentingArtifactTransform
Transforming jetifier-processor-1.0.0-beta09.jar (com.android.tools.build.jetifier:jetifier-processor:1.0.0-beta09) with ExternalDependencyInstrumentingArtifactTransform
Transforming asm-tree-7.0.jar (org.ow2.asm:asm-tree:7.0) with MergeInstrumentationAnalysisTransform
Transforming asm-7.0.jar (org.ow2.asm:asm:7.0) with InstrumentationAnalysisTransform
Transforming asm-7.0.jar (org.ow2.asm:asm:7.0) with MergeInstrumentationAnalysisTransform
Transforming jopt-simple-4.9.jar (net.sf.jopt-simple:jopt-simple:4.9) with InstrumentationAnalysisTransform
Transforming asm-tree-7.0.jar (org.ow2.asm:asm-tree:7.0) with ExternalDependencyInstrumentingArtifactTransform
Transforming jopt-simple-4.9.jar (net.sf.jopt-simple:jopt-simple:4.9) with MergeInstrumentationAnalysisTransform
Transforming proguard-gradle-6.0.3.jar (net.sf.proguard:proguard-gradle:6.0.3) with InstrumentationAnalysisTransform
Transforming proguard-gradle-6.0.3.jar (net.sf.proguard:proguard-gradle:6.0.3) with MergeInstrumentationAnalysisTransform
Transforming asm-7.0.jar (org.ow2.asm:asm:7.0) with ExternalDependencyInstrumentingArtifactTransform
Transforming jetifier-core-1.0.0-beta09.jar (com.android.tools.build.jetifier:jetifier-core:1.0.0-beta09) with InstrumentationAnalysisTransform
Transforming jetifier-core-1.0.0-beta09.jar (com.android.tools.build.jetifier:jetifier-core:1.0.0-beta09) with MergeInstrumentationAnalysisTransform
Transforming javapoet-1.10.0.jar (com.squareup:javapoet:1.10.0) with InstrumentationAnalysisTransform
Transforming proguard-gradle-6.0.3.jar (net.sf.proguard:proguard-gradle:6.0.3) with ExternalDependencyInstrumentingArtifactTransform
Transforming jopt-simple-4.9.jar (net.sf.jopt-simple:jopt-simple:4.9) with ExternalDependencyInstrumentingArtifactTransform
Transforming jetifier-core-1.0.0-beta09.jar (com.android.tools.build.jetifier:jetifier-core:1.0.0-beta09) with ExternalDependencyInstrumentingArtifactTransform
Transforming javapoet-1.10.0.jar (com.squareup:javapoet:1.10.0) with MergeInstrumentationAnalysisTransform
Transforming protobuf-java-util-3.10.0.jar (com.google.protobuf:protobuf-java-util:3.10.0) with InstrumentationAnalysisTransform
Transforming protobuf-java-util-3.10.0.jar (com.google.protobuf:protobuf-java-util:3.10.0) with MergeInstrumentationAnalysisTransform
Transforming tink-1.3.0-rc2.jar (com.google.crypto.tink:tink:1.3.0-rc2) with InstrumentationAnalysisTransform
Transforming tink-1.3.0-rc2.jar (com.google.crypto.tink:tink:1.3.0-rc2) with MergeInstrumentationAnalysisTransform
Transforming javapoet-1.10.0.jar (com.squareup:javapoet:1.10.0) with ExternalDependencyInstrumentingArtifactTransform
Transforming protos-27.1.3.jar (com.android.tools.analytics-library:protos:27.1.3) with InstrumentationAnalysisTransform
Transforming protos-27.1.3.jar (com.android.tools.analytics-library:protos:27.1.3) with MergeInstrumentationAnalysisTransform
Transforming protobuf-java-util-3.10.0.jar (com.google.protobuf:protobuf-java-util:3.10.0) with ExternalDependencyInstrumentingArtifactTransform
Transforming tink-1.3.0-rc2.jar (com.google.crypto.tink:tink:1.3.0-rc2) with ExternalDependencyInstrumentingArtifactTransform
Transforming protos-27.1.3.jar (com.android.tools.analytics-library:protos:27.1.3) with ExternalDependencyInstrumentingArtifactTransform
Transforming protobuf-java-3.10.0.jar (com.google.protobuf:protobuf-java:3.10.0) with InstrumentationAnalysisTransform
Transforming protobuf-java-3.10.0.jar (com.google.protobuf:protobuf-java:3.10.0) with MergeInstrumentationAnalysisTransform
Transforming core-proto-0.0.2-dev.jar (com.google.test.platform:core-proto:0.0.2-dev) with InstrumentationAnalysisTransform
Transforming core-proto-0.0.2-dev.jar (com.google.test.platform:core-proto:0.0.2-dev) with MergeInstrumentationAnalysisTransform
Transforming protobuf-java-3.10.0.jar (com.google.protobuf:protobuf-java:3.10.0) with ExternalDependencyInstrumentingArtifactTransform
Transforming tensorflow-lite-metadata-0.1.0-rc1.jar (org.tensorflow:tensorflow-lite-metadata:0.1.0-rc1) with InstrumentationAnalysisTransform
Transforming core-proto-0.0.2-dev.jar (com.google.test.platform:core-proto:0.0.2-dev) with ExternalDependencyInstrumentingArtifactTransform
Transforming tensorflow-lite-metadata-0.1.0-rc1.jar (org.tensorflow:tensorflow-lite-metadata:0.1.0-rc1) with MergeInstrumentationAnalysisTransform
Transforming flatbuffers-java-1.12.0.jar (com.google.flatbuffers:flatbuffers-java:1.12.0) with InstrumentationAnalysisTransform
Transforming flatbuffers-java-1.12.0.jar (com.google.flatbuffers:flatbuffers-java:1.12.0) with MergeInstrumentationAnalysisTransform
Transforming tensorflow-lite-metadata-0.1.0-rc1.jar (org.tensorflow:tensorflow-lite-metadata:0.1.0-rc1) with ExternalDependencyInstrumentingArtifactTransform
Transforming kotlin-gradle-plugin-idea-proto-1.9.0.jar (org.jetbrains.kotlin:kotlin-gradle-plugin-idea-proto:1.9.0) with InstrumentationAnalysisTransform
Transforming flatbuffers-java-1.12.0.jar (com.google.flatbuffers:flatbuffers-java:1.12.0) with ExternalDependencyInstrumentingArtifactTransform
Transforming kotlin-gradle-plugin-idea-proto-1.9.0.jar (org.jetbrains.kotlin:kotlin-gradle-plugin-idea-proto:1.9.0) with MergeInstrumentationAnalysisTransform
Transforming kotlin-gradle-plugin-idea-1.9.0.jar (org.jetbrains.kotlin:kotlin-gradle-plugin-idea:1.9.0) with InstrumentationAnalysisTransform
Transforming kotlin-gradle-plugin-idea-1.9.0.jar (org.jetbrains.kotlin:kotlin-gradle-plugin-idea:1.9.0) with MergeInstrumentationAnalysisTransform
Transforming kotlin-project-model-1.9.0.jar (org.jetbrains.kotlin:kotlin-project-model:1.9.0) with InstrumentationAnalysisTransform
Transforming kotlin-gradle-plugin-idea-proto-1.9.0.jar (org.jetbrains.kotlin:kotlin-gradle-plugin-idea-proto:1.9.0) with ExternalDependencyInstrumentingArtifactTransform
Transforming kotlin-project-model-1.9.0.jar (org.jetbrains.kotlin:kotlin-project-model:1.9.0) with MergeInstrumentationAnalysisTransform
Transforming kotlin-gradle-plugin-idea-1.9.0.jar (org.jetbrains.kotlin:kotlin-gradle-plugin-idea:1.9.0) with ExternalDependencyInstrumentingArtifactTransform
Transforming kotlin-tooling-core-1.9.0.jar (org.jetbrains.kotlin:kotlin-tooling-core:1.9.0) with InstrumentationAnalysisTransform
Transforming kotlin-tooling-core-1.9.0.jar (org.jetbrains.kotlin:kotlin-tooling-core:1.9.0) with MergeInstrumentationAnalysisTransform
Transforming kotlin-project-model-1.9.0.jar (org.jetbrains.kotlin:kotlin-project-model:1.9.0) with ExternalDependencyInstrumentingArtifactTransform
Transforming kotlin-klib-commonizer-api-1.9.0.jar (org.jetbrains.kotlin:kotlin-klib-commonizer-api:1.9.0) with InstrumentationAnalysisTransform
Transforming kotlin-klib-commonizer-api-1.9.0.jar (org.jetbrains.kotlin:kotlin-klib-commonizer-api:1.9.0) with MergeInstrumentationAnalysisTransform
Transforming kotlin-tooling-core-1.9.0.jar (org.jetbrains.kotlin:kotlin-tooling-core:1.9.0) with ExternalDependencyInstrumentingArtifactTransform
Transforming kotlin-native-utils-1.9.0.jar (org.jetbrains.kotlin:kotlin-native-utils:1.9.0) with InstrumentationAnalysisTransform
Transforming kotlin-native-utils-1.9.0.jar (org.jetbrains.kotlin:kotlin-native-utils:1.9.0) with MergeInstrumentationAnalysisTransform
Transforming kotlin-klib-commonizer-api-1.9.0.jar (org.jetbrains.kotlin:kotlin-klib-commonizer-api:1.9.0) with ExternalDependencyInstrumentingArtifactTransform
Transforming kotlin-util-klib-1.9.0.jar (org.jetbrains.kotlin:kotlin-util-klib:1.9.0) with InstrumentationAnalysisTransform
Transforming kotlin-util-klib-1.9.0.jar (org.jetbrains.kotlin:kotlin-util-klib:1.9.0) with MergeInstrumentationAnalysisTransform
Transforming kotlin-native-utils-1.9.0.jar (org.jetbrains.kotlin:kotlin-native-utils:1.9.0) with ExternalDependencyInstrumentingArtifactTransform
Transforming kotlin-build-tools-api-1.9.0.jar (org.jetbrains.kotlin:kotlin-build-tools-api:1.9.0) with InstrumentationAnalysisTransform
Transforming kotlin-build-tools-api-1.9.0.jar (org.jetbrains.kotlin:kotlin-build-tools-api:1.9.0) with MergeInstrumentationAnalysisTransform
Transforming kotlin-android-extensions-1.9.0.jar (org.jetbrains.kotlin:kotlin-android-extensions:1.9.0) with InstrumentationAnalysisTransform
Transforming kotlin-android-extensions-1.9.0.jar (org.jetbrains.kotlin:kotlin-android-extensions:1.9.0) with MergeInstrumentationAnalysisTransform
Transforming kotlin-compiler-runner-1.9.0.jar (org.jetbrains.kotlin:kotlin-compiler-runner:1.9.0) with InstrumentationAnalysisTransform
Transforming kotlin-compiler-runner-1.9.0.jar (org.jetbrains.kotlin:kotlin-compiler-runner:1.9.0) with MergeInstrumentationAnalysisTransform
Transforming kotlin-compiler-embeddable-1.9.0.jar (org.jetbrains.kotlin:kotlin-compiler-embeddable:1.9.0) with InstrumentationAnalysisTransform
Transforming kotlin-compiler-embeddable-1.9.0.jar (org.jetbrains.kotlin:kotlin-compiler-embeddable:1.9.0) with MergeInstrumentationAnalysisTransform
Transforming kotlin-android-extensions-1.9.0.jar (org.jetbrains.kotlin:kotlin-android-extensions:1.9.0) with ExternalDependencyInstrumentingArtifactTransform
Transforming kotlin-util-klib-1.9.0.jar (org.jetbrains.kotlin:kotlin-util-klib:1.9.0) with ExternalDependencyInstrumentingArtifactTransform
Transforming kotlin-compiler-runner-1.9.0.jar (org.jetbrains.kotlin:kotlin-compiler-runner:1.9.0) with ExternalDependencyInstrumentingArtifactTransform
Transforming kotlin-scripting-compiler-embeddable-1.9.0.jar (org.jetbrains.kotlin:kotlin-scripting-compiler-embeddable:1.9.0) with InstrumentationAnalysisTransform
Transforming kotlin-build-tools-api-1.9.0.jar (org.jetbrains.kotlin:kotlin-build-tools-api:1.9.0) with ExternalDependencyInstrumentingArtifactTransform
Transforming kotlin-scripting-compiler-embeddable-1.9.0.jar (org.jetbrains.kotlin:kotlin-scripting-compiler-embeddable:1.9.0) with MergeInstrumentationAnalysisTransform
Transforming kotlin-compiler-embeddable-1.9.0.jar (org.jetbrains.kotlin:kotlin-compiler-embeddable:1.9.0) with ExternalDependencyInstrumentingArtifactTransform
Transforming kotlin-scripting-compiler-impl-embeddable-1.9.0.jar (org.jetbrains.kotlin:kotlin-scripting-compiler-impl-embeddable:1.9.0) with InstrumentationAnalysisTransform
Transforming kotlin-scripting-compiler-impl-embeddable-1.9.0.jar (org.jetbrains.kotlin:kotlin-scripting-compiler-impl-embeddable:1.9.0) with MergeInstrumentationAnalysisTransform
Transforming kotlin-scripting-compiler-embeddable-1.9.0.jar (org.jetbrains.kotlin:kotlin-scripting-compiler-embeddable:1.9.0) with ExternalDependencyInstrumentingArtifactTransform
Transforming apkzlib-4.1.3.jar (com.android.tools.build:apkzlib:4.1.3) with InstrumentationAnalysisTransform
Transforming kotlin-scripting-compiler-impl-embeddable-1.9.0.jar (org.jetbrains.kotlin:kotlin-scripting-compiler-impl-embeddable:1.9.0) with ExternalDependencyInstrumentingArtifactTransform
Transforming apkzlib-4.1.3.jar (com.android.tools.build:apkzlib:4.1.3) with MergeInstrumentationAnalysisTransform
Transforming apksig-4.1.3.jar (com.android.tools.build:apksig:4.1.3) with InstrumentationAnalysisTransform
Transforming apksig-4.1.3.jar (com.android.tools.build:apksig:4.1.3) with MergeInstrumentationAnalysisTransform
Transforming apkzlib-4.1.3.jar (com.android.tools.build:apkzlib:4.1.3) with ExternalDependencyInstrumentingArtifactTransform
Transforming javawriter-2.5.0.jar (com.squareup:javawriter:2.5.0) with InstrumentationAnalysisTransform
Transforming javawriter-2.5.0.jar (com.squareup:javawriter:2.5.0) with MergeInstrumentationAnalysisTransform
Transforming apksig-4.1.3.jar (com.android.tools.build:apksig:4.1.3) with ExternalDependencyInstrumentingArtifactTransform
Transforming bcpkix-jdk15on-1.56.jar (org.bouncycastle:bcpkix-jdk15on:1.56) with InstrumentationAnalysisTransform
Transforming bcpkix-jdk15on-1.56.jar (org.bouncycastle:bcpkix-jdk15on:1.56) with MergeInstrumentationAnalysisTransform
Transforming javawriter-2.5.0.jar (com.squareup:javawriter:2.5.0) with ExternalDependencyInstrumentingArtifactTransform
Transforming bcprov-jdk15on-1.56.jar (org.bouncycastle:bcprov-jdk15on:1.56) with InstrumentationAnalysisTransform
Transforming bcprov-jdk15on-1.56.jar (org.bouncycastle:bcprov-jdk15on:1.56) with MergeInstrumentationAnalysisTransform
Transforming bcpkix-jdk15on-1.56.jar (org.bouncycastle:bcpkix-jdk15on:1.56) with ExternalDependencyInstrumentingArtifactTransform
Transforming javax.inject-1.jar (javax.inject:javax.inject:1) with InstrumentationAnalysisTransform
Transforming javax.inject-1.jar (javax.inject:javax.inject:1) with MergeInstrumentationAnalysisTransform
Transforming bcprov-jdk15on-1.56.jar (org.bouncycastle:bcprov-jdk15on:1.56) with ExternalDependencyInstrumentingArtifactTransform
Transforming fastutil-7.2.0.jar (it.unimi.dsi:fastutil:7.2.0) with InstrumentationAnalysisTransform
Transforming javax.inject-1.jar (javax.inject:javax.inject:1) with ExternalDependencyInstrumentingArtifactTransform
Transforming fastutil-7.2.0.jar (it.unimi.dsi:fastutil:7.2.0) with MergeInstrumentationAnalysisTransform
Transforming json-simple-1.1.jar (com.googlecode.json-simple:json-simple:1.1) with InstrumentationAnalysisTransform
Transforming json-simple-1.1.jar (com.googlecode.json-simple:json-simple:1.1) with MergeInstrumentationAnalysisTransform
Transforming jimfs-1.1.jar (com.google.jimfs:jimfs:1.1) with InstrumentationAnalysisTransform
Transforming fastutil-7.2.0.jar (it.unimi.dsi:fastutil:7.2.0) with ExternalDependencyInstrumentingArtifactTransform
Transforming jimfs-1.1.jar (com.google.jimfs:jimfs:1.1) with MergeInstrumentationAnalysisTransform
Transforming guava-28.1-jre.jar (com.google.guava:guava:28.1-jre) with InstrumentationAnalysisTransform
Transforming json-simple-1.1.jar (com.googlecode.json-simple:json-simple:1.1) with ExternalDependencyInstrumentingArtifactTransform
Transforming guava-28.1-jre.jar (com.google.guava:guava:28.1-jre) with MergeInstrumentationAnalysisTransform
Transforming jimfs-1.1.jar (com.google.jimfs:jimfs:1.1) with ExternalDependencyInstrumentingArtifactTransform
Transforming annotations-27.1.3.jar (com.android.tools:annotations:27.1.3) with InstrumentationAnalysisTransform
Transforming annotations-27.1.3.jar (com.android.tools:annotations:27.1.3) with MergeInstrumentationAnalysisTransform
Transforming httpmime-4.5.6.jar (org.apache.httpcomponents:httpmime:4.5.6) with InstrumentationAnalysisTransform
Transforming httpmime-4.5.6.jar (org.apache.httpcomponents:httpmime:4.5.6) with MergeInstrumentationAnalysisTransform
Transforming guava-28.1-jre.jar (com.google.guava:guava:28.1-jre) with ExternalDependencyInstrumentingArtifactTransform
Transforming httpclient-4.5.6.jar (org.apache.httpcomponents:httpclient:4.5.6) with InstrumentationAnalysisTransform
Transforming httpmime-4.5.6.jar (org.apache.httpcomponents:httpmime:4.5.6) with ExternalDependencyInstrumentingArtifactTransform
Transforming httpclient-4.5.6.jar (org.apache.httpcomponents:httpclient:4.5.6) with MergeInstrumentationAnalysisTransform
Transforming annotations-27.1.3.jar (com.android.tools:annotations:27.1.3) with ExternalDependencyInstrumentingArtifactTransform
Transforming httpcore-4.4.10.jar (org.apache.httpcomponents:httpcore:4.4.10) with InstrumentationAnalysisTransform
Transforming httpclient-4.5.6.jar (org.apache.httpcomponents:httpclient:4.5.6) with ExternalDependencyInstrumentingArtifactTransform
Transforming httpcore-4.4.10.jar (org.apache.httpcomponents:httpcore:4.4.10) with MergeInstrumentationAnalysisTransform
Transforming kotlin-reflect-1.9.0.jar (org.jetbrains.kotlin:kotlin-reflect:1.9.0) with InstrumentationAnalysisTransform
Transforming kotlin-reflect-1.9.0.jar (org.jetbrains.kotlin:kotlin-reflect:1.9.0) with MergeInstrumentationAnalysisTransform
Transforming httpcore-4.4.10.jar (org.apache.httpcomponents:httpcore:4.4.10) with ExternalDependencyInstrumentingArtifactTransform
Transforming databinding-common-4.1.3.jar (androidx.databinding:databinding-common:4.1.3) with InstrumentationAnalysisTransform
Transforming kotlin-reflect-1.9.0.jar (org.jetbrains.kotlin:kotlin-reflect:1.9.0) with ExternalDependencyInstrumentingArtifactTransform
Transforming databinding-common-4.1.3.jar (androidx.databinding:databinding-common:4.1.3) with MergeInstrumentationAnalysisTransform
Transforming baseLibrary-4.1.3.jar (com.android.databinding:baseLibrary:4.1.3) with InstrumentationAnalysisTransform
Transforming baseLibrary-4.1.3.jar (com.android.databinding:baseLibrary:4.1.3) with MergeInstrumentationAnalysisTransform
Transforming antlr4-4.5.3.jar (org.antlr:antlr4:4.5.3) with InstrumentationAnalysisTransform
Transforming databinding-common-4.1.3.jar (androidx.databinding:databinding-common:4.1.3) with ExternalDependencyInstrumentingArtifactTransform
Transforming antlr4-4.5.3.jar (org.antlr:antlr4:4.5.3) with MergeInstrumentationAnalysisTransform
Transforming baseLibrary-4.1.3.jar (com.android.databinding:baseLibrary:4.1.3) with ExternalDependencyInstrumentingArtifactTransform
Transforming commons-io-2.4.jar (commons-io:commons-io:2.4) with InstrumentationAnalysisTransform
Transforming commons-io-2.4.jar (commons-io:commons-io:2.4) with MergeInstrumentationAnalysisTransform
Transforming antlr4-4.5.3.jar (org.antlr:antlr4:4.5.3) with ExternalDependencyInstrumentingArtifactTransform
Transforming juniversalchardet-1.0.3.jar (com.googlecode.juniversalchardet:juniversalchardet:1.0.3) with InstrumentationAnalysisTransform
Transforming juniversalchardet-1.0.3.jar (com.googlecode.juniversalchardet:juniversalchardet:1.0.3) with MergeInstrumentationAnalysisTransform
Transforming gson-2.8.5.jar (com.google.code.gson:gson:2.8.5) with InstrumentationAnalysisTransform
Transforming commons-io-2.4.jar (commons-io:commons-io:2.4) with ExternalDependencyInstrumentingArtifactTransform
Transforming gson-2.8.5.jar (com.google.code.gson:gson:2.8.5) with MergeInstrumentationAnalysisTransform
Transforming juniversalchardet-1.0.3.jar (com.googlecode.juniversalchardet:juniversalchardet:1.0.3) with ExternalDependencyInstrumentingArtifactTransform
Transforming jaxb-runtime-2.3.1.jar (org.glassfish.jaxb:jaxb-runtime:2.3.1) with InstrumentationAnalysisTransform
Transforming jaxb-runtime-2.3.1.jar (org.glassfish.jaxb:jaxb-runtime:2.3.1) with MergeInstrumentationAnalysisTransform
Transforming gson-2.8.5.jar (com.google.code.gson:gson:2.8.5) with ExternalDependencyInstrumentingArtifactTransform
Transforming kotlin-stdlib-jdk7-1.9.0.jar (org.jetbrains.kotlin:kotlin-stdlib-jdk7:1.9.0) with InstrumentationAnalysisTransform
Transforming kotlin-stdlib-jdk7-1.9.0.jar (org.jetbrains.kotlin:kotlin-stdlib-jdk7:1.9.0) with MergeInstrumentationAnalysisTransform
Transforming jaxb-runtime-2.3.1.jar (org.glassfish.jaxb:jaxb-runtime:2.3.1) with ExternalDependencyInstrumentingArtifactTransform
Transforming kotlin-stdlib-1.9.0.jar (org.jetbrains.kotlin:kotlin-stdlib:1.9.0) with InstrumentationAnalysisTransform
Transforming kotlin-stdlib-jdk7-1.9.0.jar (org.jetbrains.kotlin:kotlin-stdlib-jdk7:1.9.0) with ExternalDependencyInstrumentingArtifactTransform
Transforming kotlin-stdlib-1.9.0.jar (org.jetbrains.kotlin:kotlin-stdlib:1.9.0) with MergeInstrumentationAnalysisTransform
Transforming proguard-base-6.0.3.jar (net.sf.proguard:proguard-base:6.0.3) with InstrumentationAnalysisTransform
Transforming proguard-base-6.0.3.jar (net.sf.proguard:proguard-base:6.0.3) with MergeInstrumentationAnalysisTransform
Transforming auto-value-annotations-1.6.2.jar (com.google.auto.value:auto-value-annotations:1.6.2) with InstrumentationAnalysisTransform
Transforming auto-value-annotations-1.6.2.jar (com.google.auto.value:auto-value-annotations:1.6.2) with MergeInstrumentationAnalysisTransform
Transforming error_prone_annotations-2.3.2.jar (com.google.errorprone:error_prone_annotations:2.3.2) with InstrumentationAnalysisTransform
Transforming kotlin-stdlib-1.9.0.jar (org.jetbrains.kotlin:kotlin-stdlib:1.9.0) with ExternalDependencyInstrumentingArtifactTransform
Transforming error_prone_annotations-2.3.2.jar (com.google.errorprone:error_prone_annotations:2.3.2) with MergeInstrumentationAnalysisTransform
Transforming proguard-base-6.0.3.jar (net.sf.proguard:proguard-base:6.0.3) with ExternalDependencyInstrumentingArtifactTransform
Transforming auto-value-annotations-1.6.2.jar (com.google.auto.value:auto-value-annotations:1.6.2) with ExternalDependencyInstrumentingArtifactTransform
Transforming error_prone_annotations-2.3.2.jar (com.google.errorprone:error_prone_annotations:2.3.2) with ExternalDependencyInstrumentingArtifactTransform
Transforming jdom2-2.0.6.jar (org.jdom:jdom2:2.0.6) with InstrumentationAnalysisTransform
Transforming jdom2-2.0.6.jar (org.jdom:jdom2:2.0.6) with MergeInstrumentationAnalysisTransform
Transforming json-20180813.jar (org.json:json:20180813) with InstrumentationAnalysisTransform
Transforming json-20180813.jar (org.json:json:20180813) with MergeInstrumentationAnalysisTransform
Transforming jdom2-2.0.6.jar (org.jdom:jdom2:2.0.6) with ExternalDependencyInstrumentingArtifactTransform
Transforming checker-qual-2.8.1.jar (org.checkerframework:checker-qual:2.8.1) with InstrumentationAnalysisTransform
Transforming checker-qual-2.8.1.jar (org.checkerframework:checker-qual:2.8.1) with MergeInstrumentationAnalysisTransform
Transforming json-20180813.jar (org.json:json:20180813) with ExternalDependencyInstrumentingArtifactTransform
Transforming kotlin-gradle-plugin-annotations-1.9.0.jar (org.jetbrains.kotlin:kotlin-gradle-plugin-annotations:1.9.0) with InstrumentationAnalysisTransform
Transforming kotlin-gradle-plugin-annotations-1.9.0.jar (org.jetbrains.kotlin:kotlin-gradle-plugin-annotations:1.9.0) with MergeInstrumentationAnalysisTransform
Transforming checker-qual-2.8.1.jar (org.checkerframework:checker-qual:2.8.1) with ExternalDependencyInstrumentingArtifactTransform
Transforming kotlin-util-io-1.9.0.jar (org.jetbrains.kotlin:kotlin-util-io:1.9.0) with InstrumentationAnalysisTransform
Transforming kotlin-util-io-1.9.0.jar (org.jetbrains.kotlin:kotlin-util-io:1.9.0) with MergeInstrumentationAnalysisTransform
Transforming kotlin-daemon-embeddable-1.9.0.jar (org.jetbrains.kotlin:kotlin-daemon-embeddable:1.9.0) with InstrumentationAnalysisTransform
Transforming kotlin-daemon-embeddable-1.9.0.jar (org.jetbrains.kotlin:kotlin-daemon-embeddable:1.9.0) with MergeInstrumentationAnalysisTransform
Transforming trove4j-1.0.20200330.jar (org.jetbrains.intellij.deps:trove4j:1.0.20200330) with InstrumentationAnalysisTransform
Transforming trove4j-1.0.20200330.jar (org.jetbrains.intellij.deps:trove4j:1.0.20200330) with MergeInstrumentationAnalysisTransform
Transforming kotlin-daemon-embeddable-1.9.0.jar (org.jetbrains.kotlin:kotlin-daemon-embeddable:1.9.0) with ExternalDependencyInstrumentingArtifactTransform
Transforming kotlin-gradle-plugin-annotations-1.9.0.jar (org.jetbrains.kotlin:kotlin-gradle-plugin-annotations:1.9.0) with ExternalDependencyInstrumentingArtifactTransform
Transforming trove4j-1.0.20200330.jar (org.jetbrains.intellij.deps:trove4j:1.0.20200330) with ExternalDependencyInstrumentingArtifactTransform
Transforming kotlin-daemon-client-1.9.0.jar (org.jetbrains.kotlin:kotlin-daemon-client:1.9.0) with InstrumentationAnalysisTransform
Transforming kotlin-daemon-client-1.9.0.jar (org.jetbrains.kotlin:kotlin-daemon-client:1.9.0) with MergeInstrumentationAnalysisTransform
Transforming kotlin-util-io-1.9.0.jar (org.jetbrains.kotlin:kotlin-util-io:1.9.0) with ExternalDependencyInstrumentingArtifactTransform
Transforming kotlinx-coroutines-core-jvm-1.5.0.jar (org.jetbrains.kotlinx:kotlinx-coroutines-core-jvm:1.5.0) with InstrumentationAnalysisTransform
Transforming kotlinx-coroutines-core-jvm-1.5.0.jar (org.jetbrains.kotlinx:kotlinx-coroutines-core-jvm:1.5.0) with MergeInstrumentationAnalysisTransform
Transforming kotlin-daemon-client-1.9.0.jar (org.jetbrains.kotlin:kotlin-daemon-client:1.9.0) with ExternalDependencyInstrumentingArtifactTransform
Transforming kotlin-scripting-jvm-1.9.0.jar (org.jetbrains.kotlin:kotlin-scripting-jvm:1.9.0) with InstrumentationAnalysisTransform
Transforming kotlin-scripting-jvm-1.9.0.jar (org.jetbrains.kotlin:kotlin-scripting-jvm:1.9.0) with MergeInstrumentationAnalysisTransform
Transforming kotlinx-coroutines-core-jvm-1.5.0.jar (org.jetbrains.kotlinx:kotlinx-coroutines-core-jvm:1.5.0) with ExternalDependencyInstrumentingArtifactTransform
Transforming kotlin-scripting-common-1.9.0.jar (org.jetbrains.kotlin:kotlin-scripting-common:1.9.0) with InstrumentationAnalysisTransform
Transforming kotlin-scripting-common-1.9.0.jar (org.jetbrains.kotlin:kotlin-scripting-common:1.9.0) with MergeInstrumentationAnalysisTransform
Transforming kotlin-scripting-jvm-1.9.0.jar (org.jetbrains.kotlin:kotlin-scripting-jvm:1.9.0) with ExternalDependencyInstrumentingArtifactTransform
Transforming commons-compress-1.12.jar (org.apache.commons:commons-compress:1.12) with InstrumentationAnalysisTransform
Transforming commons-compress-1.12.jar (org.apache.commons:commons-compress:1.12) with MergeInstrumentationAnalysisTransform
Transforming kotlin-scripting-common-1.9.0.jar (org.jetbrains.kotlin:kotlin-scripting-common:1.9.0) with ExternalDependencyInstrumentingArtifactTransform
Transforming trove4j-20160824.jar (org.jetbrains.trove4j:trove4j:20160824) with InstrumentationAnalysisTransform
Transforming trove4j-20160824.jar (org.jetbrains.trove4j:trove4j:20160824) with MergeInstrumentationAnalysisTransform
Transforming commons-compress-1.12.jar (org.apache.commons:commons-compress:1.12) with ExternalDependencyInstrumentingArtifactTransform
Transforming kxml2-2.3.0.jar (net.sf.kxml:kxml2:2.3.0) with InstrumentationAnalysisTransform
Transforming kxml2-2.3.0.jar (net.sf.kxml:kxml2:2.3.0) with MergeInstrumentationAnalysisTransform
Transforming trove4j-20160824.jar (org.jetbrains.trove4j:trove4j:20160824) with ExternalDependencyInstrumentingArtifactTransform
Transforming jsr305-3.0.2.jar (com.google.code.findbugs:jsr305:3.0.2) with InstrumentationAnalysisTransform
Transforming jsr305-3.0.2.jar (com.google.code.findbugs:jsr305:3.0.2) with MergeInstrumentationAnalysisTransform
Transforming annotations-13.0.jar (org.jetbrains:annotations:13.0) with InstrumentationAnalysisTransform
Transforming annotations-13.0.jar (org.jetbrains:annotations:13.0) with MergeInstrumentationAnalysisTransform
Transforming jsr305-3.0.2.jar (com.google.code.findbugs:jsr305:3.0.2) with ExternalDependencyInstrumentingArtifactTransform
Transforming annotations-13.0.jar (org.jetbrains:annotations:13.0) with ExternalDependencyInstrumentingArtifactTransform
Transforming kxml2-2.3.0.jar (net.sf.kxml:kxml2:2.3.0) with ExternalDependencyInstrumentingArtifactTransform
Transforming failureaccess-1.0.1.jar (com.google.guava:failureaccess:1.0.1) with InstrumentationAnalysisTransform
Transforming failureaccess-1.0.1.jar (com.google.guava:failureaccess:1.0.1) with MergeInstrumentationAnalysisTransform
Transforming listenablefuture-9999.0-empty-to-avoid-conflict-with-guava.jar (com.google.guava:listenablefuture:9999.0-empty-to-avoid-conflict-with-guava) with InstrumentationAnalysisTransform
Transforming listenablefuture-9999.0-empty-to-avoid-conflict-with-guava.jar (com.google.guava:listenablefuture:9999.0-empty-to-avoid-conflict-with-guava) with MergeInstrumentationAnalysisTransform
Transforming j2objc-annotations-1.3.jar (com.google.j2objc:j2objc-annotations:1.3) with InstrumentationAnalysisTransform
Transforming j2objc-annotations-1.3.jar (com.google.j2objc:j2objc-annotations:1.3) with MergeInstrumentationAnalysisTransform
Transforming animal-sniffer-annotations-1.18.jar (org.codehaus.mojo:animal-sniffer-annotations:1.18) with InstrumentationAnalysisTransform
Transforming animal-sniffer-annotations-1.18.jar (org.codehaus.mojo:animal-sniffer-annotations:1.18) with MergeInstrumentationAnalysisTransform
Transforming commons-logging-1.2.jar (commons-logging:commons-logging:1.2) with InstrumentationAnalysisTransform
Transforming commons-logging-1.2.jar (commons-logging:commons-logging:1.2) with MergeInstrumentationAnalysisTransform
Transforming commons-codec-1.10.jar (commons-codec:commons-codec:1.10) with InstrumentationAnalysisTransform
Transforming commons-codec-1.10.jar (commons-codec:commons-codec:1.10) with MergeInstrumentationAnalysisTransform
Transforming jaxb-api-2.3.1.jar (javax.xml.bind:jaxb-api:2.3.1) with InstrumentationAnalysisTransform
Transforming jaxb-api-2.3.1.jar (javax.xml.bind:jaxb-api:2.3.1) with MergeInstrumentationAnalysisTransform
Transforming txw2-2.3.1.jar (org.glassfish.jaxb:txw2:2.3.1) with InstrumentationAnalysisTransform
Transforming txw2-2.3.1.jar (org.glassfish.jaxb:txw2:2.3.1) with MergeInstrumentationAnalysisTransform
Transforming istack-commons-runtime-3.0.7.jar (com.sun.istack:istack-commons-runtime:3.0.7) with InstrumentationAnalysisTransform
Transforming istack-commons-runtime-3.0.7.jar (com.sun.istack:istack-commons-runtime:3.0.7) with MergeInstrumentationAnalysisTransform
Transforming stax-ex-1.8.jar (org.jvnet.staxex:stax-ex:1.8) with InstrumentationAnalysisTransform
Transforming stax-ex-1.8.jar (org.jvnet.staxex:stax-ex:1.8) with MergeInstrumentationAnalysisTransform
Transforming FastInfoset-1.2.15.jar (com.sun.xml.fastinfoset:FastInfoset:1.2.15) with InstrumentationAnalysisTransform
Transforming FastInfoset-1.2.15.jar (com.sun.xml.fastinfoset:FastInfoset:1.2.15) with MergeInstrumentationAnalysisTransform
Transforming javax.activation-api-1.2.0.jar (javax.activation:javax.activation-api:1.2.0) with InstrumentationAnalysisTransform
Transforming javax.activation-api-1.2.0.jar (javax.activation:javax.activation-api:1.2.0) with MergeInstrumentationAnalysisTransform
Transforming kotlin-stdlib-common-1.9.0.jar (org.jetbrains.kotlin:kotlin-stdlib-common:1.9.0) with InstrumentationAnalysisTransform
Transforming kotlin-stdlib-common-1.9.0.jar (org.jetbrains.kotlin:kotlin-stdlib-common:1.9.0) with MergeInstrumentationAnalysisTransform
Transforming javax.activation-1.2.0.jar (com.sun.activation:javax.activation:1.2.0) with InstrumentationAnalysisTransform
Transforming javax.activation-1.2.0.jar (com.sun.activation:javax.activation:1.2.0) with MergeInstrumentationAnalysisTransform
Transforming failureaccess-1.0.1.jar (com.google.guava:failureaccess:1.0.1) with ExternalDependencyInstrumentingArtifactTransform
Transforming listenablefuture-9999.0-empty-to-avoid-conflict-with-guava.jar (com.google.guava:listenablefuture:9999.0-empty-to-avoid-conflict-with-guava) with ExternalDependencyInstrumentingArtifactTransform
Transforming j2objc-annotations-1.3.jar (com.google.j2objc:j2objc-annotations:1.3) with ExternalDependencyInstrumentingArtifactTransform
Transforming animal-sniffer-annotations-1.18.jar (org.codehaus.mojo:animal-sniffer-annotations:1.18) with ExternalDependencyInstrumentingArtifactTransform
Transforming commons-logging-1.2.jar (commons-logging:commons-logging:1.2) with ExternalDependencyInstrumentingArtifactTransform
Transforming commons-codec-1.10.jar (commons-codec:commons-codec:1.10) with ExternalDependencyInstrumentingArtifactTransform
Transforming jaxb-api-2.3.1.jar (javax.xml.bind:jaxb-api:2.3.1) with ExternalDependencyInstrumentingArtifactTransform
Transforming txw2-2.3.1.jar (org.glassfish.jaxb:txw2:2.3.1) with ExternalDependencyInstrumentingArtifactTransform
Transforming istack-commons-runtime-3.0.7.jar (com.sun.istack:istack-commons-runtime:3.0.7) with ExternalDependencyInstrumentingArtifactTransform
Transforming stax-ex-1.8.jar (org.jvnet.staxex:stax-ex:1.8) with ExternalDependencyInstrumentingArtifactTransform
Transforming FastInfoset-1.2.15.jar (com.sun.xml.fastinfoset:FastInfoset:1.2.15) with ExternalDependencyInstrumentingArtifactTransform
Transforming javax.activation-api-1.2.0.jar (javax.activation:javax.activation-api:1.2.0) with ExternalDependencyInstrumentingArtifactTransform
Transforming kotlin-stdlib-common-1.9.0.jar (org.jetbrains.kotlin:kotlin-stdlib-common:1.9.0) with ExternalDependencyInstrumentingArtifactTransform
Transforming javax.activation-1.2.0.jar (com.sun.activation:javax.activation:1.2.0) with ExternalDependencyInstrumentingArtifactTransform
Using default execution profile
Using Kotlin Gradle Plugin gradle81 variant

> Configure project :google_mobile_ads
Evaluating project ':google_mobile_ads' using build file '/home/cookie/.pub-cache/hosted/pub.dev/google_mobile_ads-5.3.1/android/build.gradle'.
Transforming gradle-8.3.2.jar (com.android.tools.build:gradle:8.3.2) with InstrumentationAnalysisTransform
Transforming gradle-settings-api-8.3.2.jar (com.android.tools.build:gradle-settings-api:8.3.2) with InstrumentationAnalysisTransform
Transforming lint-model-31.3.2.jar (com.android.tools.lint:lint-model:31.3.2) with InstrumentationAnalysisTransform
Transforming builder-8.3.2.jar (com.android.tools.build:builder:8.3.2) with InstrumentationAnalysisTransform
Transforming manifest-merger-31.3.2.jar (com.android.tools.build:manifest-merger:31.3.2) with InstrumentationAnalysisTransform
Transforming sdk-common-31.3.2.jar (com.android.tools:sdk-common:31.3.2) with InstrumentationAnalysisTransform
Transforming sdklib-31.3.2.jar (com.android.tools:sdklib:31.3.2) with InstrumentationAnalysisTransform
Transforming repository-31.3.2.jar (com.android.tools:repository:31.3.2) with InstrumentationAnalysisTransform
Transforming gradle-api-8.3.2.jar (com.android.tools.build:gradle-api:8.3.2) with InstrumentationAnalysisTransform
Transforming builder-test-api-8.3.2.jar (com.android.tools.build:builder-test-api:8.3.2) with InstrumentationAnalysisTransform
Transforming ddmlib-31.3.2.jar (com.android.tools.ddms:ddmlib:31.3.2) with InstrumentationAnalysisTransform
Transforming aaptcompiler-8.3.2.jar (com.android.tools.build:aaptcompiler:8.3.2) with InstrumentationAnalysisTransform
Transforming bundletool-1.15.6.jar (com.android.tools.build:bundletool:1.15.6) with InstrumentationAnalysisTransform
Transforming aapt2-proto-8.3.2-10880808.jar (com.android.tools.build:aapt2-proto:8.3.2-10880808) with InstrumentationAnalysisTransform
Transforming crash-31.3.2.jar (com.android.tools.analytics-library:crash:31.3.2) with InstrumentationAnalysisTransform
Transforming tracker-31.3.2.jar (com.android.tools.analytics-library:tracker:31.3.2) with InstrumentationAnalysisTransform
Transforming shared-31.3.2.jar (com.android.tools.analytics-library:shared:31.3.2) with InstrumentationAnalysisTransform
Transforming lint-typedef-remover-31.3.2.jar (com.android.tools.lint:lint-typedef-remover:31.3.2) with InstrumentationAnalysisTransform
Transforming databinding-compiler-common-8.3.2.jar (androidx.databinding:databinding-compiler-common:8.3.2) with InstrumentationAnalysisTransform
Transforming databinding-common-8.3.2.jar (androidx.databinding:databinding-common:8.3.2) with InstrumentationAnalysisTransform
Transforming baseLibrary-8.3.2.jar (com.android.databinding:baseLibrary:8.3.2) with InstrumentationAnalysisTransform
Transforming layoutlib-api-31.3.2.jar (com.android.tools.layoutlib:layoutlib-api:31.3.2) with InstrumentationAnalysisTransform
Transforming android-device-provider-ddmlib-proto-31.3.2.jar (com.android.tools.utp:android-device-provider-ddmlib-proto:31.3.2) with InstrumentationAnalysisTransform
Transforming android-device-provider-gradle-proto-31.3.2.jar (com.android.tools.utp:android-device-provider-gradle-proto:31.3.2) with InstrumentationAnalysisTransform
Transforming android-test-plugin-host-additional-test-output-proto-31.3.2.jar (com.android.tools.utp:android-test-plugin-host-additional-test-output-proto:31.3.2) with InstrumentationAnalysisTransform
Transforming android-test-plugin-host-coverage-proto-31.3.2.jar (com.android.tools.utp:android-test-plugin-host-coverage-proto:31.3.2) with InstrumentationAnalysisTransform
Transforming android-test-plugin-host-emulator-control-proto-31.3.2.jar (com.android.tools.utp:android-test-plugin-host-emulator-control-proto:31.3.2) with InstrumentationAnalysisTransform
Transforming android-test-plugin-host-logcat-proto-31.3.2.jar (com.android.tools.utp:android-test-plugin-host-logcat-proto:31.3.2) with InstrumentationAnalysisTransform
Transforming android-test-plugin-host-apk-installer-proto-31.3.2.jar (com.android.tools.utp:android-test-plugin-host-apk-installer-proto:31.3.2) with InstrumentationAnalysisTransform
Transforming android-test-plugin-host-retention-proto-31.3.2.jar (com.android.tools.utp:android-test-plugin-host-retention-proto:31.3.2) with InstrumentationAnalysisTransform
Transforming android-test-plugin-result-listener-gradle-proto-31.3.2.jar (com.android.tools.utp:android-test-plugin-result-listener-gradle-proto:31.3.2) with InstrumentationAnalysisTransform
Transforming builder-model-8.3.2.jar (com.android.tools.build:builder-model:8.3.2) with InstrumentationAnalysisTransform
Transforming dvlib-31.3.2.jar (com.android.tools:dvlib:31.3.2) with InstrumentationAnalysisTransform
Transforming common-31.3.2.jar (com.android.tools:common:31.3.2) with InstrumentationAnalysisTransform
Transforming kotlin-stdlib-jdk8-1.9.0.jar (org.jetbrains.kotlin:kotlin-stdlib-jdk8:1.9.0) with InstrumentationAnalysisTransform
Transforming transform-api-2.0.0-deprecated-use-gradle-api.jar (com.android.tools.build:transform-api:2.0.0-deprecated-use-gradle-api) with InstrumentationAnalysisTransform
Transforming httpmime-4.5.6.jar (org.apache.httpcomponents:httpmime:4.5.6) with InstrumentationAnalysisTransform
Transforming commons-io-2.13.0.jar (commons-io:commons-io:2.13.0) with InstrumentationAnalysisTransform
Transforming jetifier-processor-1.0.0-beta10.jar (com.android.tools.build.jetifier:jetifier-processor:1.0.0-beta10) with InstrumentationAnalysisTransform
Transforming asm-commons-9.6.jar (org.ow2.asm:asm-commons:9.6) with InstrumentationAnalysisTransform
Transforming asm-util-9.6.jar (org.ow2.asm:asm-util:9.6) with InstrumentationAnalysisTransform
Transforming asm-analysis-9.6.jar (org.ow2.asm:asm-analysis:9.6) with InstrumentationAnalysisTransform
Transforming asm-tree-9.6.jar (org.ow2.asm:asm-tree:9.6) with InstrumentationAnalysisTransform
Transforming asm-9.6.jar (org.ow2.asm:asm:9.6) with InstrumentationAnalysisTransform
Transforming apkzlib-8.3.2.jar (com.android.tools.build:apkzlib:8.3.2) with InstrumentationAnalysisTransform
Transforming bcpkix-jdk15on-1.67.jar (org.bouncycastle:bcpkix-jdk15on:1.67) with InstrumentationAnalysisTransform
Transforming jaxb-runtime-2.3.2.jar (org.glassfish.jaxb:jaxb-runtime:2.3.2) with InstrumentationAnalysisTransform
Transforming jopt-simple-4.9.jar (net.sf.jopt-simple:jopt-simple:4.9) with InstrumentationAnalysisTransform
Transforming jetifier-core-1.0.0-beta10.jar (com.android.tools.build.jetifier:jetifier-core:1.0.0-beta10) with InstrumentationAnalysisTransform
Transforming javapoet-1.10.0.jar (com.squareup:javapoet:1.10.0) with InstrumentationAnalysisTransform
Transforming protobuf-java-util-3.22.3.jar (com.google.protobuf:protobuf-java-util:3.22.3) with InstrumentationAnalysisTransform
Transforming grpc-protobuf-1.57.0.jar (io.grpc:grpc-protobuf:1.57.0) with InstrumentationAnalysisTransform
Transforming tink-1.7.0.jar (com.google.crypto.tink:tink:1.7.0) with InstrumentationAnalysisTransform
Transforming protos-31.3.2.jar (com.android.tools.analytics-library:protos:31.3.2) with InstrumentationAnalysisTransform
Transforming proto-google-common-protos-2.17.0.jar (com.google.api.grpc:proto-google-common-protos:2.17.0) with InstrumentationAnalysisTransform
Transforming protobuf-java-3.22.3.jar (com.google.protobuf:protobuf-java:3.22.3) with InstrumentationAnalysisTransform
Transforming grpc-netty-1.57.0.jar (io.grpc:grpc-netty:1.57.0) with InstrumentationAnalysisTransform
Transforming grpc-core-1.57.0.jar (io.grpc:grpc-core:1.57.0) with InstrumentationAnalysisTransform
Transforming gson-2.10.1.jar (com.google.code.gson:gson:2.10.1) with InstrumentationAnalysisTransform
Transforming grpc-stub-1.57.0.jar (io.grpc:grpc-stub:1.57.0) with InstrumentationAnalysisTransform
Transforming core-proto-0.0.9-alpha02.jar (com.google.testing.platform:core-proto:0.0.9-alpha02) with InstrumentationAnalysisTransform
Transforming kxml2-2.3.0.jar (net.sf.kxml:kxml2:2.3.0) with InstrumentationAnalysisTransform
Transforming tensorflow-lite-metadata-0.1.0-rc2.jar (org.tensorflow:tensorflow-lite-metadata:0.1.0-rc2) with InstrumentationAnalysisTransform
Transforming flatbuffers-java-1.12.0.jar (com.google.flatbuffers:flatbuffers-java:1.12.0) with InstrumentationAnalysisTransform
Transforming jimfs-1.1.jar (com.google.jimfs:jimfs:1.1) with InstrumentationAnalysisTransform
Transforming grpc-context-1.57.0.jar (io.grpc:grpc-context:1.57.0) with InstrumentationAnalysisTransform
Transforming grpc-protobuf-lite-1.57.0.jar (io.grpc:grpc-protobuf-lite:1.57.0) with InstrumentationAnalysisTransform
Transforming grpc-api-1.57.0.jar (io.grpc:grpc-api:1.57.0) with InstrumentationAnalysisTransform
Transforming guava-32.0.1-jre.jar (com.google.guava:guava:32.0.1-jre) with InstrumentationAnalysisTransform
Transforming dagger-2.28.3.jar (com.google.dagger:dagger:2.28.3) with InstrumentationAnalysisTransform
Transforming javax.inject-1.jar (javax.inject:javax.inject:1) with InstrumentationAnalysisTransform
Transforming bcprov-jdk15on-1.67.jar (org.bouncycastle:bcprov-jdk15on:1.67) with InstrumentationAnalysisTransform
Transforming trove4j-1.0.20200330.jar (org.jetbrains.intellij.deps:trove4j:1.0.20200330) with InstrumentationAnalysisTransform
Transforming kotlin-reflect-1.9.0.jar (org.jetbrains.kotlin:kotlin-reflect:1.9.0) with InstrumentationAnalysisTransform
Transforming commons-compress-1.21.jar (org.apache.commons:commons-compress:1.21) with InstrumentationAnalysisTransform
Transforming httpclient-4.5.14.jar (org.apache.httpcomponents:httpclient:4.5.14) with InstrumentationAnalysisTransform
Transforming httpcore-4.4.16.jar (org.apache.httpcomponents:httpcore:4.4.16) with InstrumentationAnalysisTransform
Transforming javax.activation-1.2.0.jar (com.sun.activation:javax.activation:1.2.0) with InstrumentationAnalysisTransform
Transforming kotlin-stdlib-jdk7-1.9.0.jar (org.jetbrains.kotlin:kotlin-stdlib-jdk7:1.9.0) with InstrumentationAnalysisTransform
Transforming kotlin-stdlib-1.9.0.jar (org.jetbrains.kotlin:kotlin-stdlib:1.9.0) with InstrumentationAnalysisTransform
Transforming annotations-23.0.0.jar (org.jetbrains:annotations:23.0.0) with InstrumentationAnalysisTransform
Transforming signflinger-8.3.2.jar (com.android:signflinger:8.3.2) with InstrumentationAnalysisTransform
Transforming zipflinger-8.3.2.jar (com.android:zipflinger:8.3.2) with InstrumentationAnalysisTransform
Transforming annotations-31.3.2.jar (com.android.tools:annotations:31.3.2) with InstrumentationAnalysisTransform
Transforming jna-platform-5.6.0.jar (net.java.dev.jna:jna-platform:5.6.0) with InstrumentationAnalysisTransform
Transforming juniversalchardet-1.0.3.jar (com.googlecode.juniversalchardet:juniversalchardet:1.0.3) with InstrumentationAnalysisTransform
Transforming javax.annotation-api-1.3.2.jar (javax.annotation:javax.annotation-api:1.3.2) with InstrumentationAnalysisTransform
Transforming stax-ex-1.8.1.jar (org.jvnet.staxex:stax-ex:1.8.1) with InstrumentationAnalysisTransform
Transforming jakarta.xml.bind-api-2.3.2.jar (jakarta.xml.bind:jakarta.xml.bind-api:2.3.2) with InstrumentationAnalysisTransform
Transforming txw2-2.3.2.jar (org.glassfish.jaxb:txw2:2.3.2) with InstrumentationAnalysisTransform
Transforming istack-commons-runtime-3.0.8.jar (com.sun.istack:istack-commons-runtime:3.0.8) with InstrumentationAnalysisTransform
Transforming FastInfoset-1.2.16.jar (com.sun.xml.fastinfoset:FastInfoset:1.2.16) with InstrumentationAnalysisTransform
Transforming jakarta.activation-api-1.2.1.jar (jakarta.activation:jakarta.activation-api:1.2.1) with InstrumentationAnalysisTransform
Transforming auto-value-annotations-1.6.2.jar (com.google.auto.value:auto-value-annotations:1.6.2) with InstrumentationAnalysisTransform
Transforming error_prone_annotations-2.18.0.jar (com.google.errorprone:error_prone_annotations:2.18.0) with InstrumentationAnalysisTransform
Transforming jose4j-0.7.0.jar (org.bitbucket.b_c:jose4j:0.7.0) with InstrumentationAnalysisTransform
Transforming slf4j-api-1.7.30.jar (org.slf4j:slf4j-api:1.7.30) with InstrumentationAnalysisTransform
Transforming jdom2-2.0.6.jar (org.jdom:jdom2:2.0.6) with InstrumentationAnalysisTransform
Transforming jsr305-3.0.2.jar (com.google.code.findbugs:jsr305:3.0.2) with InstrumentationAnalysisTransform
Transforming j2objc-annotations-2.8.jar (com.google.j2objc:j2objc-annotations:2.8) with InstrumentationAnalysisTransform
Transforming annotations-4.1.1.4.jar (com.google.android:annotations:4.1.1.4) with InstrumentationAnalysisTransform
Transforming animal-sniffer-annotations-1.23.jar (org.codehaus.mojo:animal-sniffer-annotations:1.23) with InstrumentationAnalysisTransform
Transforming perfmark-api-0.26.0.jar (io.perfmark:perfmark-api:0.26.0) with InstrumentationAnalysisTransform
Transforming netty-codec-http2-4.1.93.Final.jar (io.netty:netty-codec-http2:4.1.93.Final) with InstrumentationAnalysisTransform
Transforming netty-handler-proxy-4.1.93.Final.jar (io.netty:netty-handler-proxy:4.1.93.Final) with InstrumentationAnalysisTransform
Transforming netty-codec-http-4.1.93.Final.jar (io.netty:netty-codec-http:4.1.93.Final) with InstrumentationAnalysisTransform
Transforming netty-handler-4.1.93.Final.jar (io.netty:netty-handler:4.1.93.Final) with InstrumentationAnalysisTransform
Transforming netty-transport-native-unix-common-4.1.93.Final.jar (io.netty:netty-transport-native-unix-common:4.1.93.Final) with InstrumentationAnalysisTransform
Transforming checker-qual-3.33.0.jar (org.checkerframework:checker-qual:3.33.0) with InstrumentationAnalysisTransform
Transforming commons-codec-1.11.jar (commons-codec:commons-codec:1.11) with InstrumentationAnalysisTransform
Transforming apksig-8.3.2.jar (com.android.tools.build:apksig:8.3.2) with InstrumentationAnalysisTransform
Transforming javawriter-2.5.0.jar (com.squareup:javawriter:2.5.0) with InstrumentationAnalysisTransform
Transforming failureaccess-1.0.1.jar (com.google.guava:failureaccess:1.0.1) with InstrumentationAnalysisTransform
Transforming listenablefuture-9999.0-empty-to-avoid-conflict-with-guava.jar (com.google.guava:listenablefuture:9999.0-empty-to-avoid-conflict-with-guava) with InstrumentationAnalysisTransform
Transforming commons-logging-1.2.jar (commons-logging:commons-logging:1.2) with InstrumentationAnalysisTransform
Transforming jna-5.6.0.jar (net.java.dev.jna:jna:5.6.0) with InstrumentationAnalysisTransform
Transforming kotlin-stdlib-common-1.9.0.jar (org.jetbrains.kotlin:kotlin-stdlib-common:1.9.0) with InstrumentationAnalysisTransform
Transforming netty-codec-socks-4.1.93.Final.jar (io.netty:netty-codec-socks:4.1.93.Final) with InstrumentationAnalysisTransform
Transforming netty-codec-4.1.93.Final.jar (io.netty:netty-codec:4.1.93.Final) with InstrumentationAnalysisTransform
Transforming netty-transport-4.1.93.Final.jar (io.netty:netty-transport:4.1.93.Final) with InstrumentationAnalysisTransform
Transforming netty-buffer-4.1.93.Final.jar (io.netty:netty-buffer:4.1.93.Final) with InstrumentationAnalysisTransform
Transforming netty-resolver-4.1.93.Final.jar (io.netty:netty-resolver:4.1.93.Final) with InstrumentationAnalysisTransform
Transforming netty-common-4.1.93.Final.jar (io.netty:netty-common:4.1.93.Final) with InstrumentationAnalysisTransform
Transforming gradle-8.3.2.jar (com.android.tools.build:gradle:8.3.2) with InstrumentationAnalysisTransform
Transforming gradle-8.3.2.jar (com.android.tools.build:gradle:8.3.2) with MergeInstrumentationAnalysisTransform
Transforming gradle-settings-api-8.3.2.jar (com.android.tools.build:gradle-settings-api:8.3.2) with InstrumentationAnalysisTransform
Transforming gradle-settings-api-8.3.2.jar (com.android.tools.build:gradle-settings-api:8.3.2) with MergeInstrumentationAnalysisTransform
Transforming lint-model-31.3.2.jar (com.android.tools.lint:lint-model:31.3.2) with InstrumentationAnalysisTransform
Transforming lint-model-31.3.2.jar (com.android.tools.lint:lint-model:31.3.2) with MergeInstrumentationAnalysisTransform
Transforming builder-8.3.2.jar (com.android.tools.build:builder:8.3.2) with InstrumentationAnalysisTransform
Transforming builder-8.3.2.jar (com.android.tools.build:builder:8.3.2) with MergeInstrumentationAnalysisTransform
Transforming manifest-merger-31.3.2.jar (com.android.tools.build:manifest-merger:31.3.2) with InstrumentationAnalysisTransform
Transforming manifest-merger-31.3.2.jar (com.android.tools.build:manifest-merger:31.3.2) with MergeInstrumentationAnalysisTransform
Transforming sdk-common-31.3.2.jar (com.android.tools:sdk-common:31.3.2) with InstrumentationAnalysisTransform
Transforming gradle-8.3.2.jar (com.android.tools.build:gradle:8.3.2) with ExternalDependencyInstrumentingArtifactTransform
Transforming sdk-common-31.3.2.jar (com.android.tools:sdk-common:31.3.2) with MergeInstrumentationAnalysisTransform
Transforming sdklib-31.3.2.jar (com.android.tools:sdklib:31.3.2) with InstrumentationAnalysisTransform
Transforming sdklib-31.3.2.jar (com.android.tools:sdklib:31.3.2) with MergeInstrumentationAnalysisTransform
Transforming repository-31.3.2.jar (com.android.tools:repository:31.3.2) with InstrumentationAnalysisTransform
Transforming repository-31.3.2.jar (com.android.tools:repository:31.3.2) with MergeInstrumentationAnalysisTransform
Transforming gradle-api-8.3.2.jar (com.android.tools.build:gradle-api:8.3.2) with InstrumentationAnalysisTransform
Transforming gradle-api-8.3.2.jar (com.android.tools.build:gradle-api:8.3.2) with MergeInstrumentationAnalysisTransform
Transforming lint-model-31.3.2.jar (com.android.tools.lint:lint-model:31.3.2) with ExternalDependencyInstrumentingArtifactTransform
Transforming builder-8.3.2.jar (com.android.tools.build:builder:8.3.2) with ExternalDependencyInstrumentingArtifactTransform
Transforming manifest-merger-31.3.2.jar (com.android.tools.build:manifest-merger:31.3.2) with ExternalDependencyInstrumentingArtifactTransform
Transforming sdklib-31.3.2.jar (com.android.tools:sdklib:31.3.2) with ExternalDependencyInstrumentingArtifactTransform
Transforming gradle-settings-api-8.3.2.jar (com.android.tools.build:gradle-settings-api:8.3.2) with ExternalDependencyInstrumentingArtifactTransform
Transforming repository-31.3.2.jar (com.android.tools:repository:31.3.2) with ExternalDependencyInstrumentingArtifactTransform
Transforming sdk-common-31.3.2.jar (com.android.tools:sdk-common:31.3.2) with ExternalDependencyInstrumentingArtifactTransform
Transforming builder-test-api-8.3.2.jar (com.android.tools.build:builder-test-api:8.3.2) with InstrumentationAnalysisTransform
Transforming gradle-api-8.3.2.jar (com.android.tools.build:gradle-api:8.3.2) with ExternalDependencyInstrumentingArtifactTransform
Transforming builder-test-api-8.3.2.jar (com.android.tools.build:builder-test-api:8.3.2) with MergeInstrumentationAnalysisTransform
Transforming ddmlib-31.3.2.jar (com.android.tools.ddms:ddmlib:31.3.2) with InstrumentationAnalysisTransform
Transforming builder-test-api-8.3.2.jar (com.android.tools.build:builder-test-api:8.3.2) with ExternalDependencyInstrumentingArtifactTransform
Transforming ddmlib-31.3.2.jar (com.android.tools.ddms:ddmlib:31.3.2) with MergeInstrumentationAnalysisTransform
Transforming aaptcompiler-8.3.2.jar (com.android.tools.build:aaptcompiler:8.3.2) with InstrumentationAnalysisTransform
Transforming aaptcompiler-8.3.2.jar (com.android.tools.build:aaptcompiler:8.3.2) with MergeInstrumentationAnalysisTransform
Transforming ddmlib-31.3.2.jar (com.android.tools.ddms:ddmlib:31.3.2) with ExternalDependencyInstrumentingArtifactTransform
Transforming bundletool-1.15.6.jar (com.android.tools.build:bundletool:1.15.6) with InstrumentationAnalysisTransform
Transforming aaptcompiler-8.3.2.jar (com.android.tools.build:aaptcompiler:8.3.2) with ExternalDependencyInstrumentingArtifactTransform
Transforming bundletool-1.15.6.jar (com.android.tools.build:bundletool:1.15.6) with MergeInstrumentationAnalysisTransform
Transforming aapt2-proto-8.3.2-10880808.jar (com.android.tools.build:aapt2-proto:8.3.2-10880808) with InstrumentationAnalysisTransform
Transforming aapt2-proto-8.3.2-10880808.jar (com.android.tools.build:aapt2-proto:8.3.2-10880808) with MergeInstrumentationAnalysisTransform
Transforming bundletool-1.15.6.jar (com.android.tools.build:bundletool:1.15.6) with ExternalDependencyInstrumentingArtifactTransform
Transforming crash-31.3.2.jar (com.android.tools.analytics-library:crash:31.3.2) with InstrumentationAnalysisTransform
Transforming crash-31.3.2.jar (com.android.tools.analytics-library:crash:31.3.2) with MergeInstrumentationAnalysisTransform
Transforming tracker-31.3.2.jar (com.android.tools.analytics-library:tracker:31.3.2) with InstrumentationAnalysisTransform
Transforming tracker-31.3.2.jar (com.android.tools.analytics-library:tracker:31.3.2) with MergeInstrumentationAnalysisTransform
Transforming shared-31.3.2.jar (com.android.tools.analytics-library:shared:31.3.2) with InstrumentationAnalysisTransform
Transforming shared-31.3.2.jar (com.android.tools.analytics-library:shared:31.3.2) with MergeInstrumentationAnalysisTransform
Transforming aapt2-proto-8.3.2-10880808.jar (com.android.tools.build:aapt2-proto:8.3.2-10880808) with ExternalDependencyInstrumentingArtifactTransform
Transforming lint-typedef-remover-31.3.2.jar (com.android.tools.lint:lint-typedef-remover:31.3.2) with InstrumentationAnalysisTransform
Transforming crash-31.3.2.jar (com.android.tools.analytics-library:crash:31.3.2) with ExternalDependencyInstrumentingArtifactTransform
Transforming shared-31.3.2.jar (com.android.tools.analytics-library:shared:31.3.2) with ExternalDependencyInstrumentingArtifactTransform
Transforming lint-typedef-remover-31.3.2.jar (com.android.tools.lint:lint-typedef-remover:31.3.2) with MergeInstrumentationAnalysisTransform
Transforming tracker-31.3.2.jar (com.android.tools.analytics-library:tracker:31.3.2) with ExternalDependencyInstrumentingArtifactTransform
Transforming databinding-compiler-common-8.3.2.jar (androidx.databinding:databinding-compiler-common:8.3.2) with InstrumentationAnalysisTransform
Transforming databinding-compiler-common-8.3.2.jar (androidx.databinding:databinding-compiler-common:8.3.2) with MergeInstrumentationAnalysisTransform
Transforming lint-typedef-remover-31.3.2.jar (com.android.tools.lint:lint-typedef-remover:31.3.2) with ExternalDependencyInstrumentingArtifactTransform
Transforming databinding-common-8.3.2.jar (androidx.databinding:databinding-common:8.3.2) with InstrumentationAnalysisTransform
Transforming databinding-common-8.3.2.jar (androidx.databinding:databinding-common:8.3.2) with MergeInstrumentationAnalysisTransform
Transforming databinding-compiler-common-8.3.2.jar (androidx.databinding:databinding-compiler-common:8.3.2) with ExternalDependencyInstrumentingArtifactTransform
Transforming baseLibrary-8.3.2.jar (com.android.databinding:baseLibrary:8.3.2) with InstrumentationAnalysisTransform
Transforming baseLibrary-8.3.2.jar (com.android.databinding:baseLibrary:8.3.2) with MergeInstrumentationAnalysisTransform
Transforming databinding-common-8.3.2.jar (androidx.databinding:databinding-common:8.3.2) with ExternalDependencyInstrumentingArtifactTransform
Transforming layoutlib-api-31.3.2.jar (com.android.tools.layoutlib:layoutlib-api:31.3.2) with InstrumentationAnalysisTransform
Transforming layoutlib-api-31.3.2.jar (com.android.tools.layoutlib:layoutlib-api:31.3.2) with MergeInstrumentationAnalysisTransform
Transforming baseLibrary-8.3.2.jar (com.android.databinding:baseLibrary:8.3.2) with ExternalDependencyInstrumentingArtifactTransform
Transforming android-device-provider-ddmlib-proto-31.3.2.jar (com.android.tools.utp:android-device-provider-ddmlib-proto:31.3.2) with InstrumentationAnalysisTransform
Transforming android-device-provider-ddmlib-proto-31.3.2.jar (com.android.tools.utp:android-device-provider-ddmlib-proto:31.3.2) with MergeInstrumentationAnalysisTransform
Transforming layoutlib-api-31.3.2.jar (com.android.tools.layoutlib:layoutlib-api:31.3.2) with ExternalDependencyInstrumentingArtifactTransform
Transforming android-device-provider-gradle-proto-31.3.2.jar (com.android.tools.utp:android-device-provider-gradle-proto:31.3.2) with InstrumentationAnalysisTransform
Transforming android-device-provider-gradle-proto-31.3.2.jar (com.android.tools.utp:android-device-provider-gradle-proto:31.3.2) with MergeInstrumentationAnalysisTransform
Transforming android-device-provider-ddmlib-proto-31.3.2.jar (com.android.tools.utp:android-device-provider-ddmlib-proto:31.3.2) with ExternalDependencyInstrumentingArtifactTransform
Transforming android-test-plugin-host-additional-test-output-proto-31.3.2.jar (com.android.tools.utp:android-test-plugin-host-additional-test-output-proto:31.3.2) with InstrumentationAnalysisTransform
Transforming android-test-plugin-host-additional-test-output-proto-31.3.2.jar (com.android.tools.utp:android-test-plugin-host-additional-test-output-proto:31.3.2) with MergeInstrumentationAnalysisTransform
Transforming android-device-provider-gradle-proto-31.3.2.jar (com.android.tools.utp:android-device-provider-gradle-proto:31.3.2) with ExternalDependencyInstrumentingArtifactTransform
Transforming android-test-plugin-host-coverage-proto-31.3.2.jar (com.android.tools.utp:android-test-plugin-host-coverage-proto:31.3.2) with InstrumentationAnalysisTransform
Transforming android-test-plugin-host-coverage-proto-31.3.2.jar (com.android.tools.utp:android-test-plugin-host-coverage-proto:31.3.2) with MergeInstrumentationAnalysisTransform
Transforming android-test-plugin-host-additional-test-output-proto-31.3.2.jar (com.android.tools.utp:android-test-plugin-host-additional-test-output-proto:31.3.2) with ExternalDependencyInstrumentingArtifactTransform
Transforming android-test-plugin-host-emulator-control-proto-31.3.2.jar (com.android.tools.utp:android-test-plugin-host-emulator-control-proto:31.3.2) with InstrumentationAnalysisTransform
Transforming android-test-plugin-host-coverage-proto-31.3.2.jar (com.android.tools.utp:android-test-plugin-host-coverage-proto:31.3.2) with ExternalDependencyInstrumentingArtifactTransform
Transforming android-test-plugin-host-emulator-control-proto-31.3.2.jar (com.android.tools.utp:android-test-plugin-host-emulator-control-proto:31.3.2) with MergeInstrumentationAnalysisTransform
Transforming android-test-plugin-host-logcat-proto-31.3.2.jar (com.android.tools.utp:android-test-plugin-host-logcat-proto:31.3.2) with InstrumentationAnalysisTransform
Transforming android-test-plugin-host-logcat-proto-31.3.2.jar (com.android.tools.utp:android-test-plugin-host-logcat-proto:31.3.2) with MergeInstrumentationAnalysisTransform
Transforming android-test-plugin-host-emulator-control-proto-31.3.2.jar (com.android.tools.utp:android-test-plugin-host-emulator-control-proto:31.3.2) with ExternalDependencyInstrumentingArtifactTransform
Transforming android-test-plugin-host-apk-installer-proto-31.3.2.jar (com.android.tools.utp:android-test-plugin-host-apk-installer-proto:31.3.2) with InstrumentationAnalysisTransform
Transforming android-test-plugin-host-apk-installer-proto-31.3.2.jar (com.android.tools.utp:android-test-plugin-host-apk-installer-proto:31.3.2) with MergeInstrumentationAnalysisTransform
Transforming android-test-plugin-host-logcat-proto-31.3.2.jar (com.android.tools.utp:android-test-plugin-host-logcat-proto:31.3.2) with ExternalDependencyInstrumentingArtifactTransform
Transforming android-test-plugin-host-retention-proto-31.3.2.jar (com.android.tools.utp:android-test-plugin-host-retention-proto:31.3.2) with InstrumentationAnalysisTransform
Transforming android-test-plugin-host-retention-proto-31.3.2.jar (com.android.tools.utp:android-test-plugin-host-retention-proto:31.3.2) with MergeInstrumentationAnalysisTransform
Transforming android-test-plugin-host-apk-installer-proto-31.3.2.jar (com.android.tools.utp:android-test-plugin-host-apk-installer-proto:31.3.2) with ExternalDependencyInstrumentingArtifactTransform
Transforming android-test-plugin-result-listener-gradle-proto-31.3.2.jar (com.android.tools.utp:android-test-plugin-result-listener-gradle-proto:31.3.2) with InstrumentationAnalysisTransform
Transforming android-test-plugin-result-listener-gradle-proto-31.3.2.jar (com.android.tools.utp:android-test-plugin-result-listener-gradle-proto:31.3.2) with MergeInstrumentationAnalysisTransform
Transforming android-test-plugin-host-retention-proto-31.3.2.jar (com.android.tools.utp:android-test-plugin-host-retention-proto:31.3.2) with ExternalDependencyInstrumentingArtifactTransform
Transforming builder-model-8.3.2.jar (com.android.tools.build:builder-model:8.3.2) with InstrumentationAnalysisTransform
Transforming builder-model-8.3.2.jar (com.android.tools.build:builder-model:8.3.2) with MergeInstrumentationAnalysisTransform
Transforming android-test-plugin-result-listener-gradle-proto-31.3.2.jar (com.android.tools.utp:android-test-plugin-result-listener-gradle-proto:31.3.2) with ExternalDependencyInstrumentingArtifactTransform
Transforming dvlib-31.3.2.jar (com.android.tools:dvlib:31.3.2) with InstrumentationAnalysisTransform
Transforming dvlib-31.3.2.jar (com.android.tools:dvlib:31.3.2) with MergeInstrumentationAnalysisTransform
Transforming builder-model-8.3.2.jar (com.android.tools.build:builder-model:8.3.2) with ExternalDependencyInstrumentingArtifactTransform
Transforming common-31.3.2.jar (com.android.tools:common:31.3.2) with InstrumentationAnalysisTransform
Transforming common-31.3.2.jar (com.android.tools:common:31.3.2) with MergeInstrumentationAnalysisTransform
Transforming kotlin-stdlib-jdk8-1.9.0.jar (org.jetbrains.kotlin:kotlin-stdlib-jdk8:1.9.0) with InstrumentationAnalysisTransform
Transforming dvlib-31.3.2.jar (com.android.tools:dvlib:31.3.2) with ExternalDependencyInstrumentingArtifactTransform
Transforming common-31.3.2.jar (com.android.tools:common:31.3.2) with ExternalDependencyInstrumentingArtifactTransform
Transforming kotlin-stdlib-jdk8-1.9.0.jar (org.jetbrains.kotlin:kotlin-stdlib-jdk8:1.9.0) with MergeInstrumentationAnalysisTransform
Transforming transform-api-2.0.0-deprecated-use-gradle-api.jar (com.android.tools.build:transform-api:2.0.0-deprecated-use-gradle-api) with InstrumentationAnalysisTransform
Transforming transform-api-2.0.0-deprecated-use-gradle-api.jar (com.android.tools.build:transform-api:2.0.0-deprecated-use-gradle-api) with MergeInstrumentationAnalysisTransform
Transforming kotlin-stdlib-jdk8-1.9.0.jar (org.jetbrains.kotlin:kotlin-stdlib-jdk8:1.9.0) with ExternalDependencyInstrumentingArtifactTransform
Transforming httpmime-4.5.6.jar (org.apache.httpcomponents:httpmime:4.5.6) with InstrumentationAnalysisTransform
Transforming httpmime-4.5.6.jar (org.apache.httpcomponents:httpmime:4.5.6) with MergeInstrumentationAnalysisTransform
Transforming transform-api-2.0.0-deprecated-use-gradle-api.jar (com.android.tools.build:transform-api:2.0.0-deprecated-use-gradle-api) with ExternalDependencyInstrumentingArtifactTransform
Transforming commons-io-2.13.0.jar (commons-io:commons-io:2.13.0) with InstrumentationAnalysisTransform
Transforming commons-io-2.13.0.jar (commons-io:commons-io:2.13.0) with MergeInstrumentationAnalysisTransform
Transforming httpmime-4.5.6.jar (org.apache.httpcomponents:httpmime:4.5.6) with ExternalDependencyInstrumentingArtifactTransform
Transforming jetifier-processor-1.0.0-beta10.jar (com.android.tools.build.jetifier:jetifier-processor:1.0.0-beta10) with InstrumentationAnalysisTransform
Transforming jetifier-processor-1.0.0-beta10.jar (com.android.tools.build.jetifier:jetifier-processor:1.0.0-beta10) with MergeInstrumentationAnalysisTransform
Transforming commons-io-2.13.0.jar (commons-io:commons-io:2.13.0) with ExternalDependencyInstrumentingArtifactTransform
Transforming asm-commons-9.6.jar (org.ow2.asm:asm-commons:9.6) with InstrumentationAnalysisTransform
Transforming asm-commons-9.6.jar (org.ow2.asm:asm-commons:9.6) with MergeInstrumentationAnalysisTransform
Transforming jetifier-processor-1.0.0-beta10.jar (com.android.tools.build.jetifier:jetifier-processor:1.0.0-beta10) with ExternalDependencyInstrumentingArtifactTransform
Transforming asm-util-9.6.jar (org.ow2.asm:asm-util:9.6) with InstrumentationAnalysisTransform
Transforming asm-util-9.6.jar (org.ow2.asm:asm-util:9.6) with MergeInstrumentationAnalysisTransform
Transforming asm-commons-9.6.jar (org.ow2.asm:asm-commons:9.6) with ExternalDependencyInstrumentingArtifactTransform
Transforming asm-analysis-9.6.jar (org.ow2.asm:asm-analysis:9.6) with InstrumentationAnalysisTransform
Transforming asm-analysis-9.6.jar (org.ow2.asm:asm-analysis:9.6) with MergeInstrumentationAnalysisTransform
Transforming asm-util-9.6.jar (org.ow2.asm:asm-util:9.6) with ExternalDependencyInstrumentingArtifactTransform
Transforming asm-tree-9.6.jar (org.ow2.asm:asm-tree:9.6) with InstrumentationAnalysisTransform
Transforming asm-tree-9.6.jar (org.ow2.asm:asm-tree:9.6) with MergeInstrumentationAnalysisTransform
Transforming asm-9.6.jar (org.ow2.asm:asm:9.6) with InstrumentationAnalysisTransform
Transforming asm-analysis-9.6.jar (org.ow2.asm:asm-analysis:9.6) with ExternalDependencyInstrumentingArtifactTransform
Transforming asm-9.6.jar (org.ow2.asm:asm:9.6) with MergeInstrumentationAnalysisTransform
Transforming apkzlib-8.3.2.jar (com.android.tools.build:apkzlib:8.3.2) with InstrumentationAnalysisTransform
Transforming asm-tree-9.6.jar (org.ow2.asm:asm-tree:9.6) with ExternalDependencyInstrumentingArtifactTransform
Transforming apkzlib-8.3.2.jar (com.android.tools.build:apkzlib:8.3.2) with MergeInstrumentationAnalysisTransform
Transforming asm-9.6.jar (org.ow2.asm:asm:9.6) with ExternalDependencyInstrumentingArtifactTransform
Transforming bcpkix-jdk15on-1.67.jar (org.bouncycastle:bcpkix-jdk15on:1.67) with InstrumentationAnalysisTransform
Transforming bcpkix-jdk15on-1.67.jar (org.bouncycastle:bcpkix-jdk15on:1.67) with MergeInstrumentationAnalysisTransform
Transforming apkzlib-8.3.2.jar (com.android.tools.build:apkzlib:8.3.2) with ExternalDependencyInstrumentingArtifactTransform
Transforming jaxb-runtime-2.3.2.jar (org.glassfish.jaxb:jaxb-runtime:2.3.2) with InstrumentationAnalysisTransform
Transforming jaxb-runtime-2.3.2.jar (org.glassfish.jaxb:jaxb-runtime:2.3.2) with MergeInstrumentationAnalysisTransform
Transforming bcpkix-jdk15on-1.67.jar (org.bouncycastle:bcpkix-jdk15on:1.67) with ExternalDependencyInstrumentingArtifactTransform
Transforming jopt-simple-4.9.jar (net.sf.jopt-simple:jopt-simple:4.9) with InstrumentationAnalysisTransform
Transforming jopt-simple-4.9.jar (net.sf.jopt-simple:jopt-simple:4.9) with MergeInstrumentationAnalysisTransform
Transforming jaxb-runtime-2.3.2.jar (org.glassfish.jaxb:jaxb-runtime:2.3.2) with ExternalDependencyInstrumentingArtifactTransform
Transforming jetifier-core-1.0.0-beta10.jar (com.android.tools.build.jetifier:jetifier-core:1.0.0-beta10) with InstrumentationAnalysisTransform
Transforming jetifier-core-1.0.0-beta10.jar (com.android.tools.build.jetifier:jetifier-core:1.0.0-beta10) with MergeInstrumentationAnalysisTransform
Transforming jopt-simple-4.9.jar (net.sf.jopt-simple:jopt-simple:4.9) with ExternalDependencyInstrumentingArtifactTransform
Transforming javapoet-1.10.0.jar (com.squareup:javapoet:1.10.0) with InstrumentationAnalysisTransform
Transforming javapoet-1.10.0.jar (com.squareup:javapoet:1.10.0) with MergeInstrumentationAnalysisTransform
Transforming jetifier-core-1.0.0-beta10.jar (com.android.tools.build.jetifier:jetifier-core:1.0.0-beta10) with ExternalDependencyInstrumentingArtifactTransform
Transforming protobuf-java-util-3.22.3.jar (com.google.protobuf:protobuf-java-util:3.22.3) with InstrumentationAnalysisTransform
Transforming protobuf-java-util-3.22.3.jar (com.google.protobuf:protobuf-java-util:3.22.3) with MergeInstrumentationAnalysisTransform
Transforming javapoet-1.10.0.jar (com.squareup:javapoet:1.10.0) with ExternalDependencyInstrumentingArtifactTransform
Transforming grpc-protobuf-1.57.0.jar (io.grpc:grpc-protobuf:1.57.0) with InstrumentationAnalysisTransform
Transforming grpc-protobuf-1.57.0.jar (io.grpc:grpc-protobuf:1.57.0) with MergeInstrumentationAnalysisTransform
Transforming protobuf-java-util-3.22.3.jar (com.google.protobuf:protobuf-java-util:3.22.3) with ExternalDependencyInstrumentingArtifactTransform
Transforming tink-1.7.0.jar (com.google.crypto.tink:tink:1.7.0) with InstrumentationAnalysisTransform
Transforming tink-1.7.0.jar (com.google.crypto.tink:tink:1.7.0) with MergeInstrumentationAnalysisTransform
Transforming grpc-protobuf-1.57.0.jar (io.grpc:grpc-protobuf:1.57.0) with ExternalDependencyInstrumentingArtifactTransform
Transforming protos-31.3.2.jar (com.android.tools.analytics-library:protos:31.3.2) with InstrumentationAnalysisTransform
Transforming protos-31.3.2.jar (com.android.tools.analytics-library:protos:31.3.2) with MergeInstrumentationAnalysisTransform
Transforming proto-google-common-protos-2.17.0.jar (com.google.api.grpc:proto-google-common-protos:2.17.0) with InstrumentationAnalysisTransform
Transforming proto-google-common-protos-2.17.0.jar (com.google.api.grpc:proto-google-common-protos:2.17.0) with MergeInstrumentationAnalysisTransform
Transforming tink-1.7.0.jar (com.google.crypto.tink:tink:1.7.0) with ExternalDependencyInstrumentingArtifactTransform
Transforming protobuf-java-3.22.3.jar (com.google.protobuf:protobuf-java:3.22.3) with InstrumentationAnalysisTransform
Transforming protos-31.3.2.jar (com.android.tools.analytics-library:protos:31.3.2) with ExternalDependencyInstrumentingArtifactTransform
Transforming protobuf-java-3.22.3.jar (com.google.protobuf:protobuf-java:3.22.3) with MergeInstrumentationAnalysisTransform
Transforming proto-google-common-protos-2.17.0.jar (com.google.api.grpc:proto-google-common-protos:2.17.0) with ExternalDependencyInstrumentingArtifactTransform
Transforming grpc-netty-1.57.0.jar (io.grpc:grpc-netty:1.57.0) with InstrumentationAnalysisTransform
Transforming grpc-netty-1.57.0.jar (io.grpc:grpc-netty:1.57.0) with MergeInstrumentationAnalysisTransform
Transforming protobuf-java-3.22.3.jar (com.google.protobuf:protobuf-java:3.22.3) with ExternalDependencyInstrumentingArtifactTransform
Transforming grpc-netty-1.57.0.jar (io.grpc:grpc-netty:1.57.0) with ExternalDependencyInstrumentingArtifactTransform
Transforming grpc-core-1.57.0.jar (io.grpc:grpc-core:1.57.0) with InstrumentationAnalysisTransform
Transforming grpc-core-1.57.0.jar (io.grpc:grpc-core:1.57.0) with MergeInstrumentationAnalysisTransform
Transforming gson-2.10.1.jar (com.google.code.gson:gson:2.10.1) with InstrumentationAnalysisTransform
Transforming gson-2.10.1.jar (com.google.code.gson:gson:2.10.1) with MergeInstrumentationAnalysisTransform
Transforming grpc-core-1.57.0.jar (io.grpc:grpc-core:1.57.0) with ExternalDependencyInstrumentingArtifactTransform
Transforming grpc-stub-1.57.0.jar (io.grpc:grpc-stub:1.57.0) with InstrumentationAnalysisTransform
Transforming grpc-stub-1.57.0.jar (io.grpc:grpc-stub:1.57.0) with MergeInstrumentationAnalysisTransform
Transforming gson-2.10.1.jar (com.google.code.gson:gson:2.10.1) with ExternalDependencyInstrumentingArtifactTransform
Transforming core-proto-0.0.9-alpha02.jar (com.google.testing.platform:core-proto:0.0.9-alpha02) with InstrumentationAnalysisTransform
Transforming core-proto-0.0.9-alpha02.jar (com.google.testing.platform:core-proto:0.0.9-alpha02) with MergeInstrumentationAnalysisTransform
Transforming kxml2-2.3.0.jar (net.sf.kxml:kxml2:2.3.0) with InstrumentationAnalysisTransform
Transforming grpc-stub-1.57.0.jar (io.grpc:grpc-stub:1.57.0) with ExternalDependencyInstrumentingArtifactTransform
Transforming kxml2-2.3.0.jar (net.sf.kxml:kxml2:2.3.0) with MergeInstrumentationAnalysisTransform
Transforming core-proto-0.0.9-alpha02.jar (com.google.testing.platform:core-proto:0.0.9-alpha02) with ExternalDependencyInstrumentingArtifactTransform
Transforming tensorflow-lite-metadata-0.1.0-rc2.jar (org.tensorflow:tensorflow-lite-metadata:0.1.0-rc2) with InstrumentationAnalysisTransform
Transforming tensorflow-lite-metadata-0.1.0-rc2.jar (org.tensorflow:tensorflow-lite-metadata:0.1.0-rc2) with MergeInstrumentationAnalysisTransform
Transforming kxml2-2.3.0.jar (net.sf.kxml:kxml2:2.3.0) with ExternalDependencyInstrumentingArtifactTransform
Transforming tensorflow-lite-metadata-0.1.0-rc2.jar (org.tensorflow:tensorflow-lite-metadata:0.1.0-rc2) with ExternalDependencyInstrumentingArtifactTransform
Transforming flatbuffers-java-1.12.0.jar (com.google.flatbuffers:flatbuffers-java:1.12.0) with InstrumentationAnalysisTransform
Transforming flatbuffers-java-1.12.0.jar (com.google.flatbuffers:flatbuffers-java:1.12.0) with MergeInstrumentationAnalysisTransform
Transforming jimfs-1.1.jar (com.google.jimfs:jimfs:1.1) with InstrumentationAnalysisTransform
Transforming jimfs-1.1.jar (com.google.jimfs:jimfs:1.1) with MergeInstrumentationAnalysisTransform
Transforming grpc-context-1.57.0.jar (io.grpc:grpc-context:1.57.0) with InstrumentationAnalysisTransform
Transforming grpc-context-1.57.0.jar (io.grpc:grpc-context:1.57.0) with MergeInstrumentationAnalysisTransform
Transforming grpc-protobuf-lite-1.57.0.jar (io.grpc:grpc-protobuf-lite:1.57.0) with InstrumentationAnalysisTransform
Transforming grpc-protobuf-lite-1.57.0.jar (io.grpc:grpc-protobuf-lite:1.57.0) with MergeInstrumentationAnalysisTransform
Transforming flatbuffers-java-1.12.0.jar (com.google.flatbuffers:flatbuffers-java:1.12.0) with ExternalDependencyInstrumentingArtifactTransform
Transforming grpc-api-1.57.0.jar (io.grpc:grpc-api:1.57.0) with InstrumentationAnalysisTransform
Transforming grpc-api-1.57.0.jar (io.grpc:grpc-api:1.57.0) with MergeInstrumentationAnalysisTransform
Transforming guava-32.0.1-jre.jar (com.google.guava:guava:32.0.1-jre) with InstrumentationAnalysisTransform
Transforming guava-32.0.1-jre.jar (com.google.guava:guava:32.0.1-jre) with MergeInstrumentationAnalysisTransform
Transforming dagger-2.28.3.jar (com.google.dagger:dagger:2.28.3) with InstrumentationAnalysisTransform
Transforming jimfs-1.1.jar (com.google.jimfs:jimfs:1.1) with ExternalDependencyInstrumentingArtifactTransform
Transforming dagger-2.28.3.jar (com.google.dagger:dagger:2.28.3) with MergeInstrumentationAnalysisTransform
Transforming javax.inject-1.jar (javax.inject:javax.inject:1) with InstrumentationAnalysisTransform
Transforming javax.inject-1.jar (javax.inject:javax.inject:1) with MergeInstrumentationAnalysisTransform
Transforming bcprov-jdk15on-1.67.jar (org.bouncycastle:bcprov-jdk15on:1.67) with InstrumentationAnalysisTransform
Transforming bcprov-jdk15on-1.67.jar (org.bouncycastle:bcprov-jdk15on:1.67) with MergeInstrumentationAnalysisTransform
Transforming trove4j-1.0.20200330.jar (org.jetbrains.intellij.deps:trove4j:1.0.20200330) with InstrumentationAnalysisTransform
Transforming trove4j-1.0.20200330.jar (org.jetbrains.intellij.deps:trove4j:1.0.20200330) with MergeInstrumentationAnalysisTransform
Transforming kotlin-reflect-1.9.0.jar (org.jetbrains.kotlin:kotlin-reflect:1.9.0) with InstrumentationAnalysisTransform
Transforming kotlin-reflect-1.9.0.jar (org.jetbrains.kotlin:kotlin-reflect:1.9.0) with MergeInstrumentationAnalysisTransform
Transforming commons-compress-1.21.jar (org.apache.commons:commons-compress:1.21) with InstrumentationAnalysisTransform
Transforming commons-compress-1.21.jar (org.apache.commons:commons-compress:1.21) with MergeInstrumentationAnalysisTransform
Transforming httpclient-4.5.14.jar (org.apache.httpcomponents:httpclient:4.5.14) with InstrumentationAnalysisTransform
Transforming httpclient-4.5.14.jar (org.apache.httpcomponents:httpclient:4.5.14) with MergeInstrumentationAnalysisTransform
Transforming httpcore-4.4.16.jar (org.apache.httpcomponents:httpcore:4.4.16) with InstrumentationAnalysisTransform
Transforming httpcore-4.4.16.jar (org.apache.httpcomponents:httpcore:4.4.16) with MergeInstrumentationAnalysisTransform
Transforming javax.activation-1.2.0.jar (com.sun.activation:javax.activation:1.2.0) with InstrumentationAnalysisTransform
Transforming javax.activation-1.2.0.jar (com.sun.activation:javax.activation:1.2.0) with MergeInstrumentationAnalysisTransform
Transforming kotlin-stdlib-jdk7-1.9.0.jar (org.jetbrains.kotlin:kotlin-stdlib-jdk7:1.9.0) with InstrumentationAnalysisTransform
Transforming kotlin-stdlib-jdk7-1.9.0.jar (org.jetbrains.kotlin:kotlin-stdlib-jdk7:1.9.0) with MergeInstrumentationAnalysisTransform
Transforming grpc-api-1.57.0.jar (io.grpc:grpc-api:1.57.0) with ExternalDependencyInstrumentingArtifactTransform
Transforming guava-32.0.1-jre.jar (com.google.guava:guava:32.0.1-jre) with ExternalDependencyInstrumentingArtifactTransform
Transforming dagger-2.28.3.jar (com.google.dagger:dagger:2.28.3) with ExternalDependencyInstrumentingArtifactTransform
Transforming javax.inject-1.jar (javax.inject:javax.inject:1) with ExternalDependencyInstrumentingArtifactTransform
Transforming kotlin-reflect-1.9.0.jar (org.jetbrains.kotlin:kotlin-reflect:1.9.0) with ExternalDependencyInstrumentingArtifactTransform
Transforming commons-compress-1.21.jar (org.apache.commons:commons-compress:1.21) with ExternalDependencyInstrumentingArtifactTransform
Transforming httpcore-4.4.16.jar (org.apache.httpcomponents:httpcore:4.4.16) with ExternalDependencyInstrumentingArtifactTransform
Transforming javax.activation-1.2.0.jar (com.sun.activation:javax.activation:1.2.0) with ExternalDependencyInstrumentingArtifactTransform
Transforming kotlin-stdlib-jdk7-1.9.0.jar (org.jetbrains.kotlin:kotlin-stdlib-jdk7:1.9.0) with ExternalDependencyInstrumentingArtifactTransform
Transforming grpc-protobuf-lite-1.57.0.jar (io.grpc:grpc-protobuf-lite:1.57.0) with ExternalDependencyInstrumentingArtifactTransform
Transforming grpc-context-1.57.0.jar (io.grpc:grpc-context:1.57.0) with ExternalDependencyInstrumentingArtifactTransform
Transforming kotlin-stdlib-1.9.0.jar (org.jetbrains.kotlin:kotlin-stdlib:1.9.0) with InstrumentationAnalysisTransform
Transforming trove4j-1.0.20200330.jar (org.jetbrains.intellij.deps:trove4j:1.0.20200330) with ExternalDependencyInstrumentingArtifactTransform
Transforming kotlin-stdlib-1.9.0.jar (org.jetbrains.kotlin:kotlin-stdlib:1.9.0) with MergeInstrumentationAnalysisTransform
Transforming annotations-23.0.0.jar (org.jetbrains:annotations:23.0.0) with InstrumentationAnalysisTransform
Transforming annotations-23.0.0.jar (org.jetbrains:annotations:23.0.0) with MergeInstrumentationAnalysisTransform
Transforming signflinger-8.3.2.jar (com.android:signflinger:8.3.2) with InstrumentationAnalysisTransform
Transforming httpclient-4.5.14.jar (org.apache.httpcomponents:httpclient:4.5.14) with ExternalDependencyInstrumentingArtifactTransform
Transforming bcprov-jdk15on-1.67.jar (org.bouncycastle:bcprov-jdk15on:1.67) with ExternalDependencyInstrumentingArtifactTransform
Transforming annotations-23.0.0.jar (org.jetbrains:annotations:23.0.0) with ExternalDependencyInstrumentingArtifactTransform
Transforming signflinger-8.3.2.jar (com.android:signflinger:8.3.2) with MergeInstrumentationAnalysisTransform
Transforming kotlin-stdlib-1.9.0.jar (org.jetbrains.kotlin:kotlin-stdlib:1.9.0) with ExternalDependencyInstrumentingArtifactTransform
Transforming zipflinger-8.3.2.jar (com.android:zipflinger:8.3.2) with InstrumentationAnalysisTransform
Transforming zipflinger-8.3.2.jar (com.android:zipflinger:8.3.2) with MergeInstrumentationAnalysisTransform
Transforming annotations-31.3.2.jar (com.android.tools:annotations:31.3.2) with InstrumentationAnalysisTransform
Transforming signflinger-8.3.2.jar (com.android:signflinger:8.3.2) with ExternalDependencyInstrumentingArtifactTransform
Transforming annotations-31.3.2.jar (com.android.tools:annotations:31.3.2) with MergeInstrumentationAnalysisTransform
Transforming jna-platform-5.6.0.jar (net.java.dev.jna:jna-platform:5.6.0) with InstrumentationAnalysisTransform
Transforming zipflinger-8.3.2.jar (com.android:zipflinger:8.3.2) with ExternalDependencyInstrumentingArtifactTransform
Transforming jna-platform-5.6.0.jar (net.java.dev.jna:jna-platform:5.6.0) with MergeInstrumentationAnalysisTransform
Transforming juniversalchardet-1.0.3.jar (com.googlecode.juniversalchardet:juniversalchardet:1.0.3) with InstrumentationAnalysisTransform
Transforming juniversalchardet-1.0.3.jar (com.googlecode.juniversalchardet:juniversalchardet:1.0.3) with MergeInstrumentationAnalysisTransform
Transforming annotations-31.3.2.jar (com.android.tools:annotations:31.3.2) with ExternalDependencyInstrumentingArtifactTransform
Transforming javax.annotation-api-1.3.2.jar (javax.annotation:javax.annotation-api:1.3.2) with InstrumentationAnalysisTransform
Transforming javax.annotation-api-1.3.2.jar (javax.annotation:javax.annotation-api:1.3.2) with MergeInstrumentationAnalysisTransform
Transforming stax-ex-1.8.1.jar (org.jvnet.staxex:stax-ex:1.8.1) with InstrumentationAnalysisTransform
Transforming jna-platform-5.6.0.jar (net.java.dev.jna:jna-platform:5.6.0) with ExternalDependencyInstrumentingArtifactTransform
Transforming juniversalchardet-1.0.3.jar (com.googlecode.juniversalchardet:juniversalchardet:1.0.3) with ExternalDependencyInstrumentingArtifactTransform
Transforming javax.annotation-api-1.3.2.jar (javax.annotation:javax.annotation-api:1.3.2) with ExternalDependencyInstrumentingArtifactTransform
Transforming stax-ex-1.8.1.jar (org.jvnet.staxex:stax-ex:1.8.1) with MergeInstrumentationAnalysisTransform
Transforming jakarta.xml.bind-api-2.3.2.jar (jakarta.xml.bind:jakarta.xml.bind-api:2.3.2) with InstrumentationAnalysisTransform
Transforming jakarta.xml.bind-api-2.3.2.jar (jakarta.xml.bind:jakarta.xml.bind-api:2.3.2) with MergeInstrumentationAnalysisTransform
Transforming txw2-2.3.2.jar (org.glassfish.jaxb:txw2:2.3.2) with InstrumentationAnalysisTransform
Transforming stax-ex-1.8.1.jar (org.jvnet.staxex:stax-ex:1.8.1) with ExternalDependencyInstrumentingArtifactTransform
Transforming txw2-2.3.2.jar (org.glassfish.jaxb:txw2:2.3.2) with MergeInstrumentationAnalysisTransform
Transforming istack-commons-runtime-3.0.8.jar (com.sun.istack:istack-commons-runtime:3.0.8) with InstrumentationAnalysisTransform
Transforming istack-commons-runtime-3.0.8.jar (com.sun.istack:istack-commons-runtime:3.0.8) with MergeInstrumentationAnalysisTransform
Transforming jakarta.xml.bind-api-2.3.2.jar (jakarta.xml.bind:jakarta.xml.bind-api:2.3.2) with ExternalDependencyInstrumentingArtifactTransform
Transforming FastInfoset-1.2.16.jar (com.sun.xml.fastinfoset:FastInfoset:1.2.16) with InstrumentationAnalysisTransform
Transforming FastInfoset-1.2.16.jar (com.sun.xml.fastinfoset:FastInfoset:1.2.16) with MergeInstrumentationAnalysisTransform
Transforming jakarta.activation-api-1.2.1.jar (jakarta.activation:jakarta.activation-api:1.2.1) with InstrumentationAnalysisTransform
Transforming istack-commons-runtime-3.0.8.jar (com.sun.istack:istack-commons-runtime:3.0.8) with ExternalDependencyInstrumentingArtifactTransform
Transforming jakarta.activation-api-1.2.1.jar (jakarta.activation:jakarta.activation-api:1.2.1) with MergeInstrumentationAnalysisTransform
Transforming txw2-2.3.2.jar (org.glassfish.jaxb:txw2:2.3.2) with ExternalDependencyInstrumentingArtifactTransform
Transforming auto-value-annotations-1.6.2.jar (com.google.auto.value:auto-value-annotations:1.6.2) with InstrumentationAnalysisTransform
Transforming FastInfoset-1.2.16.jar (com.sun.xml.fastinfoset:FastInfoset:1.2.16) with ExternalDependencyInstrumentingArtifactTransform
Transforming auto-value-annotations-1.6.2.jar (com.google.auto.value:auto-value-annotations:1.6.2) with MergeInstrumentationAnalysisTransform
Transforming jakarta.activation-api-1.2.1.jar (jakarta.activation:jakarta.activation-api:1.2.1) with ExternalDependencyInstrumentingArtifactTransform
Transforming error_prone_annotations-2.18.0.jar (com.google.errorprone:error_prone_annotations:2.18.0) with InstrumentationAnalysisTransform
Transforming auto-value-annotations-1.6.2.jar (com.google.auto.value:auto-value-annotations:1.6.2) with ExternalDependencyInstrumentingArtifactTransform
Transforming error_prone_annotations-2.18.0.jar (com.google.errorprone:error_prone_annotations:2.18.0) with MergeInstrumentationAnalysisTransform
Transforming jose4j-0.7.0.jar (org.bitbucket.b_c:jose4j:0.7.0) with InstrumentationAnalysisTransform
Transforming jose4j-0.7.0.jar (org.bitbucket.b_c:jose4j:0.7.0) with MergeInstrumentationAnalysisTransform
Transforming error_prone_annotations-2.18.0.jar (com.google.errorprone:error_prone_annotations:2.18.0) with ExternalDependencyInstrumentingArtifactTransform
Transforming slf4j-api-1.7.30.jar (org.slf4j:slf4j-api:1.7.30) with InstrumentationAnalysisTransform
Transforming slf4j-api-1.7.30.jar (org.slf4j:slf4j-api:1.7.30) with MergeInstrumentationAnalysisTransform
Transforming jdom2-2.0.6.jar (org.jdom:jdom2:2.0.6) with InstrumentationAnalysisTransform
Transforming jose4j-0.7.0.jar (org.bitbucket.b_c:jose4j:0.7.0) with ExternalDependencyInstrumentingArtifactTransform
Transforming jdom2-2.0.6.jar (org.jdom:jdom2:2.0.6) with MergeInstrumentationAnalysisTransform
Transforming jsr305-3.0.2.jar (com.google.code.findbugs:jsr305:3.0.2) with InstrumentationAnalysisTransform
Transforming slf4j-api-1.7.30.jar (org.slf4j:slf4j-api:1.7.30) with ExternalDependencyInstrumentingArtifactTransform
Transforming jsr305-3.0.2.jar (com.google.code.findbugs:jsr305:3.0.2) with MergeInstrumentationAnalysisTransform
Transforming jdom2-2.0.6.jar (org.jdom:jdom2:2.0.6) with ExternalDependencyInstrumentingArtifactTransform
Transforming j2objc-annotations-2.8.jar (com.google.j2objc:j2objc-annotations:2.8) with InstrumentationAnalysisTransform
Transforming j2objc-annotations-2.8.jar (com.google.j2objc:j2objc-annotations:2.8) with MergeInstrumentationAnalysisTransform
Transforming annotations-4.1.1.4.jar (com.google.android:annotations:4.1.1.4) with InstrumentationAnalysisTransform
Transforming jsr305-3.0.2.jar (com.google.code.findbugs:jsr305:3.0.2) with ExternalDependencyInstrumentingArtifactTransform
Transforming annotations-4.1.1.4.jar (com.google.android:annotations:4.1.1.4) with MergeInstrumentationAnalysisTransform
Transforming animal-sniffer-annotations-1.23.jar (org.codehaus.mojo:animal-sniffer-annotations:1.23) with InstrumentationAnalysisTransform
Transforming animal-sniffer-annotations-1.23.jar (org.codehaus.mojo:animal-sniffer-annotations:1.23) with MergeInstrumentationAnalysisTransform
Transforming perfmark-api-0.26.0.jar (io.perfmark:perfmark-api:0.26.0) with InstrumentationAnalysisTransform
Transforming j2objc-annotations-2.8.jar (com.google.j2objc:j2objc-annotations:2.8) with ExternalDependencyInstrumentingArtifactTransform
Transforming perfmark-api-0.26.0.jar (io.perfmark:perfmark-api:0.26.0) with MergeInstrumentationAnalysisTransform
Transforming netty-codec-http2-4.1.93.Final.jar (io.netty:netty-codec-http2:4.1.93.Final) with InstrumentationAnalysisTransform
Transforming annotations-4.1.1.4.jar (com.google.android:annotations:4.1.1.4) with ExternalDependencyInstrumentingArtifactTransform
Transforming netty-codec-http2-4.1.93.Final.jar (io.netty:netty-codec-http2:4.1.93.Final) with MergeInstrumentationAnalysisTransform
Transforming netty-handler-proxy-4.1.93.Final.jar (io.netty:netty-handler-proxy:4.1.93.Final) with InstrumentationAnalysisTransform
Transforming netty-handler-proxy-4.1.93.Final.jar (io.netty:netty-handler-proxy:4.1.93.Final) with MergeInstrumentationAnalysisTransform
Transforming animal-sniffer-annotations-1.23.jar (org.codehaus.mojo:animal-sniffer-annotations:1.23) with ExternalDependencyInstrumentingArtifactTransform
Transforming netty-codec-http-4.1.93.Final.jar (io.netty:netty-codec-http:4.1.93.Final) with InstrumentationAnalysisTransform
Transforming netty-codec-http-4.1.93.Final.jar (io.netty:netty-codec-http:4.1.93.Final) with MergeInstrumentationAnalysisTransform
Transforming perfmark-api-0.26.0.jar (io.perfmark:perfmark-api:0.26.0) with ExternalDependencyInstrumentingArtifactTransform
Transforming netty-handler-4.1.93.Final.jar (io.netty:netty-handler:4.1.93.Final) with InstrumentationAnalysisTransform
Transforming netty-handler-4.1.93.Final.jar (io.netty:netty-handler:4.1.93.Final) with MergeInstrumentationAnalysisTransform
Transforming netty-transport-native-unix-common-4.1.93.Final.jar (io.netty:netty-transport-native-unix-common:4.1.93.Final) with InstrumentationAnalysisTransform
Transforming netty-handler-proxy-4.1.93.Final.jar (io.netty:netty-handler-proxy:4.1.93.Final) with ExternalDependencyInstrumentingArtifactTransform
Transforming netty-codec-http-4.1.93.Final.jar (io.netty:netty-codec-http:4.1.93.Final) with ExternalDependencyInstrumentingArtifactTransform
Transforming netty-transport-native-unix-common-4.1.93.Final.jar (io.netty:netty-transport-native-unix-common:4.1.93.Final) with MergeInstrumentationAnalysisTransform
Transforming netty-handler-4.1.93.Final.jar (io.netty:netty-handler:4.1.93.Final) with ExternalDependencyInstrumentingArtifactTransform
Transforming netty-codec-http2-4.1.93.Final.jar (io.netty:netty-codec-http2:4.1.93.Final) with ExternalDependencyInstrumentingArtifactTransform
Transforming netty-transport-native-unix-common-4.1.93.Final.jar (io.netty:netty-transport-native-unix-common:4.1.93.Final) with ExternalDependencyInstrumentingArtifactTransform
Transforming checker-qual-3.33.0.jar (org.checkerframework:checker-qual:3.33.0) with InstrumentationAnalysisTransform
Transforming checker-qual-3.33.0.jar (org.checkerframework:checker-qual:3.33.0) with MergeInstrumentationAnalysisTransform
Transforming commons-codec-1.11.jar (commons-codec:commons-codec:1.11) with InstrumentationAnalysisTransform
Transforming commons-codec-1.11.jar (commons-codec:commons-codec:1.11) with MergeInstrumentationAnalysisTransform
Transforming checker-qual-3.33.0.jar (org.checkerframework:checker-qual:3.33.0) with ExternalDependencyInstrumentingArtifactTransform
Transforming apksig-8.3.2.jar (com.android.tools.build:apksig:8.3.2) with InstrumentationAnalysisTransform
Transforming commons-codec-1.11.jar (commons-codec:commons-codec:1.11) with ExternalDependencyInstrumentingArtifactTransform
Transforming apksig-8.3.2.jar (com.android.tools.build:apksig:8.3.2) with MergeInstrumentationAnalysisTransform
Transforming javawriter-2.5.0.jar (com.squareup:javawriter:2.5.0) with InstrumentationAnalysisTransform
Transforming javawriter-2.5.0.jar (com.squareup:javawriter:2.5.0) with MergeInstrumentationAnalysisTransform
Transforming failureaccess-1.0.1.jar (com.google.guava:failureaccess:1.0.1) with InstrumentationAnalysisTransform
Transforming apksig-8.3.2.jar (com.android.tools.build:apksig:8.3.2) with ExternalDependencyInstrumentingArtifactTransform
Transforming failureaccess-1.0.1.jar (com.google.guava:failureaccess:1.0.1) with MergeInstrumentationAnalysisTransform
Transforming javawriter-2.5.0.jar (com.squareup:javawriter:2.5.0) with ExternalDependencyInstrumentingArtifactTransform
Transforming listenablefuture-9999.0-empty-to-avoid-conflict-with-guava.jar (com.google.guava:listenablefuture:9999.0-empty-to-avoid-conflict-with-guava) with InstrumentationAnalysisTransform
Transforming failureaccess-1.0.1.jar (com.google.guava:failureaccess:1.0.1) with ExternalDependencyInstrumentingArtifactTransform
Transforming listenablefuture-9999.0-empty-to-avoid-conflict-with-guava.jar (com.google.guava:listenablefuture:9999.0-empty-to-avoid-conflict-with-guava) with MergeInstrumentationAnalysisTransform
Transforming commons-logging-1.2.jar (commons-logging:commons-logging:1.2) with InstrumentationAnalysisTransform
Transforming commons-logging-1.2.jar (commons-logging:commons-logging:1.2) with MergeInstrumentationAnalysisTransform
Transforming listenablefuture-9999.0-empty-to-avoid-conflict-with-guava.jar (com.google.guava:listenablefuture:9999.0-empty-to-avoid-conflict-with-guava) with ExternalDependencyInstrumentingArtifactTransform
Transforming jna-5.6.0.jar (net.java.dev.jna:jna:5.6.0) with InstrumentationAnalysisTransform
Transforming jna-5.6.0.jar (net.java.dev.jna:jna:5.6.0) with MergeInstrumentationAnalysisTransform
Transforming kotlin-stdlib-common-1.9.0.jar (org.jetbrains.kotlin:kotlin-stdlib-common:1.9.0) with InstrumentationAnalysisTransform
Transforming commons-logging-1.2.jar (commons-logging:commons-logging:1.2) with ExternalDependencyInstrumentingArtifactTransform
Transforming kotlin-stdlib-common-1.9.0.jar (org.jetbrains.kotlin:kotlin-stdlib-common:1.9.0) with MergeInstrumentationAnalysisTransform
Transforming netty-codec-socks-4.1.93.Final.jar (io.netty:netty-codec-socks:4.1.93.Final) with InstrumentationAnalysisTransform
Transforming netty-codec-socks-4.1.93.Final.jar (io.netty:netty-codec-socks:4.1.93.Final) with MergeInstrumentationAnalysisTransform
Transforming jna-5.6.0.jar (net.java.dev.jna:jna:5.6.0) with ExternalDependencyInstrumentingArtifactTransform
Transforming netty-codec-4.1.93.Final.jar (io.netty:netty-codec:4.1.93.Final) with InstrumentationAnalysisTransform
Transforming netty-codec-4.1.93.Final.jar (io.netty:netty-codec:4.1.93.Final) with MergeInstrumentationAnalysisTransform
Transforming netty-transport-4.1.93.Final.jar (io.netty:netty-transport:4.1.93.Final) with InstrumentationAnalysisTransform
Transforming netty-codec-socks-4.1.93.Final.jar (io.netty:netty-codec-socks:4.1.93.Final) with ExternalDependencyInstrumentingArtifactTransform
Transforming netty-transport-4.1.93.Final.jar (io.netty:netty-transport:4.1.93.Final) with MergeInstrumentationAnalysisTransform
Transforming kotlin-stdlib-common-1.9.0.jar (org.jetbrains.kotlin:kotlin-stdlib-common:1.9.0) with ExternalDependencyInstrumentingArtifactTransform
Transforming netty-codec-4.1.93.Final.jar (io.netty:netty-codec:4.1.93.Final) with ExternalDependencyInstrumentingArtifactTransform
Transforming netty-buffer-4.1.93.Final.jar (io.netty:netty-buffer:4.1.93.Final) with InstrumentationAnalysisTransform
Transforming netty-transport-4.1.93.Final.jar (io.netty:netty-transport:4.1.93.Final) with ExternalDependencyInstrumentingArtifactTransform
Transforming netty-buffer-4.1.93.Final.jar (io.netty:netty-buffer:4.1.93.Final) with MergeInstrumentationAnalysisTransform
Transforming netty-resolver-4.1.93.Final.jar (io.netty:netty-resolver:4.1.93.Final) with InstrumentationAnalysisTransform
Transforming netty-resolver-4.1.93.Final.jar (io.netty:netty-resolver:4.1.93.Final) with MergeInstrumentationAnalysisTransform
Transforming netty-common-4.1.93.Final.jar (io.netty:netty-common:4.1.93.Final) with InstrumentationAnalysisTransform
Transforming netty-buffer-4.1.93.Final.jar (io.netty:netty-buffer:4.1.93.Final) with ExternalDependencyInstrumentingArtifactTransform
Transforming netty-common-4.1.93.Final.jar (io.netty:netty-common:4.1.93.Final) with MergeInstrumentationAnalysisTransform
Transforming netty-resolver-4.1.93.Final.jar (io.netty:netty-resolver:4.1.93.Final) with ExternalDependencyInstrumentingArtifactTransform
Transforming netty-common-4.1.93.Final.jar (io.netty:netty-common:4.1.93.Final) with ExternalDependencyInstrumentingArtifactTransform
Using default execution profile

> Configure project :mic_stream
Evaluating project ':mic_stream' using build file '/home/cookie/.pub-cache/hosted/pub.dev/mic_stream-0.7.2/android/build.gradle'.
Transforming gradle-3.5.0.jar (com.android.tools.build:gradle:3.5.0) with InstrumentationAnalysisTransform
Transforming builder-3.5.0.jar (com.android.tools.build:builder:3.5.0) with InstrumentationAnalysisTransform
Transforming crash-26.5.0.jar (com.android.tools.analytics-library:crash:26.5.0) with InstrumentationAnalysisTransform
Transforming lint-gradle-api-26.5.0.jar (com.android.tools.lint:lint-gradle-api:26.5.0) with InstrumentationAnalysisTransform
Transforming gradle-api-3.5.0.jar (com.android.tools.build:gradle-api:3.5.0) with InstrumentationAnalysisTransform
Transforming databinding-compiler-common-3.5.0.jar (androidx.databinding:databinding-compiler-common:3.5.0) with InstrumentationAnalysisTransform
Transforming manifest-merger-26.5.0.jar (com.android.tools.build:manifest-merger:26.5.0) with InstrumentationAnalysisTransform
Transforming sdk-common-26.5.0.jar (com.android.tools:sdk-common:26.5.0) with InstrumentationAnalysisTransform
Transforming builder-test-api-3.5.0.jar (com.android.tools.build:builder-test-api:3.5.0) with InstrumentationAnalysisTransform
Transforming ddmlib-26.5.0.jar (com.android.tools.ddms:ddmlib:26.5.0) with InstrumentationAnalysisTransform
Transforming tracker-26.5.0.jar (com.android.tools.analytics-library:tracker:26.5.0) with InstrumentationAnalysisTransform
Transforming sdklib-26.5.0.jar (com.android.tools:sdklib:26.5.0) with InstrumentationAnalysisTransform
Transforming layoutlib-api-26.5.0.jar (com.android.tools.layoutlib:layoutlib-api:26.5.0) with InstrumentationAnalysisTransform
Transforming dvlib-26.5.0.jar (com.android.tools:dvlib:26.5.0) with InstrumentationAnalysisTransform
Transforming repository-26.5.0.jar (com.android.tools:repository:26.5.0) with InstrumentationAnalysisTransform
Transforming shared-26.5.0.jar (com.android.tools.analytics-library:shared:26.5.0) with InstrumentationAnalysisTransform
Transforming common-26.5.0.jar (com.android.tools:common:26.5.0) with InstrumentationAnalysisTransform
Transforming kotlin-stdlib-jdk8-1.9.0.jar (org.jetbrains.kotlin:kotlin-stdlib-jdk8:1.9.0) with InstrumentationAnalysisTransform
Transforming transform-api-2.0.0-deprecated-use-gradle-api.jar (com.android.tools.build:transform-api:2.0.0-deprecated-use-gradle-api) with InstrumentationAnalysisTransform
Transforming jetifier-processor-1.0.0-beta04.jar (com.android.tools.build.jetifier:jetifier-processor:1.0.0-beta04) with InstrumentationAnalysisTransform
Transforming asm-analysis-6.0.jar (org.ow2.asm:asm-analysis:6.0) with InstrumentationAnalysisTransform
Transforming asm-commons-6.0.jar (org.ow2.asm:asm-commons:6.0) with InstrumentationAnalysisTransform
Transforming asm-util-6.0.jar (org.ow2.asm:asm-util:6.0) with InstrumentationAnalysisTransform
Transforming asm-tree-6.0.jar (org.ow2.asm:asm-tree:6.0) with InstrumentationAnalysisTransform
Transforming asm-6.0.jar (org.ow2.asm:asm:6.0) with InstrumentationAnalysisTransform
Transforming jopt-simple-4.9.jar (net.sf.jopt-simple:jopt-simple:4.9) with InstrumentationAnalysisTransform
Transforming proguard-gradle-6.0.3.jar (net.sf.proguard:proguard-gradle:6.0.3) with InstrumentationAnalysisTransform
Transforming bundletool-0.9.0.jar (com.android.tools.build:bundletool:0.9.0) with InstrumentationAnalysisTransform
Transforming jetifier-core-1.0.0-beta04.jar (com.android.tools.build.jetifier:jetifier-core:1.0.0-beta04) with InstrumentationAnalysisTransform
Transforming protobuf-java-util-3.4.0.jar (com.google.protobuf:protobuf-java-util:3.4.0) with InstrumentationAnalysisTransform
Transforming protos-26.5.0.jar (com.android.tools.analytics-library:protos:26.5.0) with InstrumentationAnalysisTransform
Transforming aapt2-proto-0.4.0.jar (com.android.tools.build:aapt2-proto:0.4.0) with InstrumentationAnalysisTransform
Transforming protobuf-java-3.4.0.jar (com.google.protobuf:protobuf-java:3.4.0) with InstrumentationAnalysisTransform
Transforming builder-model-3.5.0.jar (com.android.tools.build:builder-model:3.5.0) with InstrumentationAnalysisTransform
Transforming apkzlib-3.5.0.jar (com.android.tools.build:apkzlib:3.5.0) with InstrumentationAnalysisTransform
Transforming apksig-3.5.0.jar (com.android.tools.build:apksig:3.5.0) with InstrumentationAnalysisTransform
Transforming javawriter-2.5.0.jar (com.squareup:javawriter:2.5.0) with InstrumentationAnalysisTransform
Transforming bcpkix-jdk15on-1.56.jar (org.bouncycastle:bcpkix-jdk15on:1.56) with InstrumentationAnalysisTransform
Transforming bcprov-jdk15on-1.56.jar (org.bouncycastle:bcprov-jdk15on:1.56) with InstrumentationAnalysisTransform
Transforming javax.inject-1.jar (javax.inject:javax.inject:1) with InstrumentationAnalysisTransform
Transforming fastutil-7.2.0.jar (it.unimi.dsi:fastutil:7.2.0) with InstrumentationAnalysisTransform
Transforming json-simple-1.1.jar (com.googlecode.json-simple:json-simple:1.1) with InstrumentationAnalysisTransform
Transforming annotations-26.5.0.jar (com.android.tools:annotations:26.5.0) with InstrumentationAnalysisTransform
Transforming jimfs-1.1.jar (com.google.jimfs:jimfs:1.1) with InstrumentationAnalysisTransform
Transforming guava-27.0.1-jre.jar (com.google.guava:guava:27.0.1-jre) with InstrumentationAnalysisTransform
Transforming httpmime-4.5.6.jar (org.apache.httpcomponents:httpmime:4.5.6) with InstrumentationAnalysisTransform
Transforming httpclient-4.5.6.jar (org.apache.httpcomponents:httpclient:4.5.6) with InstrumentationAnalysisTransform
Transforming httpcore-4.4.10.jar (org.apache.httpcomponents:httpcore:4.4.10) with InstrumentationAnalysisTransform
Transforming kotlin-reflect-1.9.0.jar (org.jetbrains.kotlin:kotlin-reflect:1.9.0) with InstrumentationAnalysisTransform
Transforming databinding-common-3.5.0.jar (androidx.databinding:databinding-common:3.5.0) with InstrumentationAnalysisTransform
Transforming baseLibrary-3.5.0.jar (com.android.databinding:baseLibrary:3.5.0) with InstrumentationAnalysisTransform
Transforming antlr4-4.5.3.jar (org.antlr:antlr4:4.5.3) with InstrumentationAnalysisTransform
Transforming commons-io-2.4.jar (commons-io:commons-io:2.4) with InstrumentationAnalysisTransform
Transforming juniversalchardet-1.0.3.jar (com.googlecode.juniversalchardet:juniversalchardet:1.0.3) with InstrumentationAnalysisTransform
Transforming javapoet-1.8.0.jar (com.squareup:javapoet:1.8.0) with InstrumentationAnalysisTransform
Transforming gson-2.8.5.jar (com.google.code.gson:gson:2.8.5) with InstrumentationAnalysisTransform
Transforming kotlin-stdlib-jdk7-1.9.0.jar (org.jetbrains.kotlin:kotlin-stdlib-jdk7:1.9.0) with InstrumentationAnalysisTransform
Transforming kotlin-stdlib-1.9.0.jar (org.jetbrains.kotlin:kotlin-stdlib:1.9.0) with InstrumentationAnalysisTransform
Transforming proguard-base-6.0.3.jar (net.sf.proguard:proguard-base:6.0.3) with InstrumentationAnalysisTransform
Transforming auto-value-1.5.2.jar (com.google.auto.value:auto-value:1.5.2) with InstrumentationAnalysisTransform
Transforming error_prone_annotations-2.3.1.jar (com.google.errorprone:error_prone_annotations:2.3.1) with InstrumentationAnalysisTransform
Transforming jdom2-2.0.6.jar (org.jdom:jdom2:2.0.6) with InstrumentationAnalysisTransform
Transforming commons-compress-1.12.jar (org.apache.commons:commons-compress:1.12) with InstrumentationAnalysisTransform
Transforming trove4j-20160824.jar (org.jetbrains.trove4j:trove4j:20160824) with InstrumentationAnalysisTransform
Transforming kxml2-2.3.0.jar (net.sf.kxml:kxml2:2.3.0) with InstrumentationAnalysisTransform
Transforming jsr305-3.0.2.jar (com.google.code.findbugs:jsr305:3.0.2) with InstrumentationAnalysisTransform
Transforming failureaccess-1.0.1.jar (com.google.guava:failureaccess:1.0.1) with InstrumentationAnalysisTransform
Transforming listenablefuture-9999.0-empty-to-avoid-conflict-with-guava.jar (com.google.guava:listenablefuture:9999.0-empty-to-avoid-conflict-with-guava) with InstrumentationAnalysisTransform
Transforming checker-qual-2.5.2.jar (org.checkerframework:checker-qual:2.5.2) with InstrumentationAnalysisTransform
Transforming j2objc-annotations-1.1.jar (com.google.j2objc:j2objc-annotations:1.1) with InstrumentationAnalysisTransform
Transforming animal-sniffer-annotations-1.17.jar (org.codehaus.mojo:animal-sniffer-annotations:1.17) with InstrumentationAnalysisTransform
Transforming commons-logging-1.2.jar (commons-logging:commons-logging:1.2) with InstrumentationAnalysisTransform
Transforming commons-codec-1.10.jar (commons-codec:commons-codec:1.10) with InstrumentationAnalysisTransform
Transforming kotlin-stdlib-common-1.9.0.jar (org.jetbrains.kotlin:kotlin-stdlib-common:1.9.0) with InstrumentationAnalysisTransform
Transforming annotations-13.0.jar (org.jetbrains:annotations:13.0) with InstrumentationAnalysisTransform
Transforming javax.activation-1.2.0.jar (com.sun.activation:javax.activation:1.2.0) with InstrumentationAnalysisTransform
Transforming jaxb-runtime-2.2.11.jar (org.glassfish.jaxb:jaxb-runtime:2.2.11) with InstrumentationAnalysisTransform
Transforming jaxb-core-2.2.11.jar (org.glassfish.jaxb:jaxb-core:2.2.11) with InstrumentationAnalysisTransform
Transforming stax-ex-1.7.7.jar (org.jvnet.staxex:stax-ex:1.7.7) with InstrumentationAnalysisTransform
Transforming FastInfoset-1.2.13.jar (com.sun.xml.fastinfoset:FastInfoset:1.2.13) with InstrumentationAnalysisTransform
Transforming jaxb-api-2.2.12-b140109.1041.jar (javax.xml.bind:jaxb-api:2.2.12-b140109.1041) with InstrumentationAnalysisTransform
Transforming txw2-2.2.11.jar (org.glassfish.jaxb:txw2:2.2.11) with InstrumentationAnalysisTransform
Transforming istack-commons-runtime-2.21.jar (com.sun.istack:istack-commons-runtime:2.21) with InstrumentationAnalysisTransform
Transforming gradle-3.5.0.jar (com.android.tools.build:gradle:3.5.0) with InstrumentationAnalysisTransform
Transforming gradle-3.5.0.jar (com.android.tools.build:gradle:3.5.0) with MergeInstrumentationAnalysisTransform
Transforming builder-3.5.0.jar (com.android.tools.build:builder:3.5.0) with InstrumentationAnalysisTransform
Transforming builder-3.5.0.jar (com.android.tools.build:builder:3.5.0) with MergeInstrumentationAnalysisTransform
Transforming crash-26.5.0.jar (com.android.tools.analytics-library:crash:26.5.0) with InstrumentationAnalysisTransform
Transforming crash-26.5.0.jar (com.android.tools.analytics-library:crash:26.5.0) with MergeInstrumentationAnalysisTransform
Transforming gradle-3.5.0.jar (com.android.tools.build:gradle:3.5.0) with ExternalDependencyInstrumentingArtifactTransform
Transforming builder-3.5.0.jar (com.android.tools.build:builder:3.5.0) with ExternalDependencyInstrumentingArtifactTransform
Transforming crash-26.5.0.jar (com.android.tools.analytics-library:crash:26.5.0) with ExternalDependencyInstrumentingArtifactTransform
Transforming lint-gradle-api-26.5.0.jar (com.android.tools.lint:lint-gradle-api:26.5.0) with InstrumentationAnalysisTransform
Transforming lint-gradle-api-26.5.0.jar (com.android.tools.lint:lint-gradle-api:26.5.0) with MergeInstrumentationAnalysisTransform
Transforming gradle-api-3.5.0.jar (com.android.tools.build:gradle-api:3.5.0) with InstrumentationAnalysisTransform
Transforming gradle-api-3.5.0.jar (com.android.tools.build:gradle-api:3.5.0) with MergeInstrumentationAnalysisTransform
Transforming lint-gradle-api-26.5.0.jar (com.android.tools.lint:lint-gradle-api:26.5.0) with ExternalDependencyInstrumentingArtifactTransform
Transforming databinding-compiler-common-3.5.0.jar (androidx.databinding:databinding-compiler-common:3.5.0) with InstrumentationAnalysisTransform
Transforming databinding-compiler-common-3.5.0.jar (androidx.databinding:databinding-compiler-common:3.5.0) with MergeInstrumentationAnalysisTransform
Transforming manifest-merger-26.5.0.jar (com.android.tools.build:manifest-merger:26.5.0) with InstrumentationAnalysisTransform
Transforming gradle-api-3.5.0.jar (com.android.tools.build:gradle-api:3.5.0) with ExternalDependencyInstrumentingArtifactTransform
Transforming manifest-merger-26.5.0.jar (com.android.tools.build:manifest-merger:26.5.0) with MergeInstrumentationAnalysisTransform
Transforming sdk-common-26.5.0.jar (com.android.tools:sdk-common:26.5.0) with InstrumentationAnalysisTransform
Transforming sdk-common-26.5.0.jar (com.android.tools:sdk-common:26.5.0) with MergeInstrumentationAnalysisTransform
Transforming databinding-compiler-common-3.5.0.jar (androidx.databinding:databinding-compiler-common:3.5.0) with ExternalDependencyInstrumentingArtifactTransform
Transforming builder-test-api-3.5.0.jar (com.android.tools.build:builder-test-api:3.5.0) with InstrumentationAnalysisTransform
Transforming builder-test-api-3.5.0.jar (com.android.tools.build:builder-test-api:3.5.0) with MergeInstrumentationAnalysisTransform
Transforming ddmlib-26.5.0.jar (com.android.tools.ddms:ddmlib:26.5.0) with InstrumentationAnalysisTransform
Transforming manifest-merger-26.5.0.jar (com.android.tools.build:manifest-merger:26.5.0) with ExternalDependencyInstrumentingArtifactTransform
Transforming ddmlib-26.5.0.jar (com.android.tools.ddms:ddmlib:26.5.0) with MergeInstrumentationAnalysisTransform
Transforming tracker-26.5.0.jar (com.android.tools.analytics-library:tracker:26.5.0) with InstrumentationAnalysisTransform
Transforming tracker-26.5.0.jar (com.android.tools.analytics-library:tracker:26.5.0) with MergeInstrumentationAnalysisTransform
Transforming builder-test-api-3.5.0.jar (com.android.tools.build:builder-test-api:3.5.0) with ExternalDependencyInstrumentingArtifactTransform
Transforming sdklib-26.5.0.jar (com.android.tools:sdklib:26.5.0) with InstrumentationAnalysisTransform
Transforming ddmlib-26.5.0.jar (com.android.tools.ddms:ddmlib:26.5.0) with ExternalDependencyInstrumentingArtifactTransform
Transforming sdklib-26.5.0.jar (com.android.tools:sdklib:26.5.0) with MergeInstrumentationAnalysisTransform
Transforming tracker-26.5.0.jar (com.android.tools.analytics-library:tracker:26.5.0) with ExternalDependencyInstrumentingArtifactTransform
Transforming sdk-common-26.5.0.jar (com.android.tools:sdk-common:26.5.0) with ExternalDependencyInstrumentingArtifactTransform
Transforming layoutlib-api-26.5.0.jar (com.android.tools.layoutlib:layoutlib-api:26.5.0) with InstrumentationAnalysisTransform
Transforming sdklib-26.5.0.jar (com.android.tools:sdklib:26.5.0) with ExternalDependencyInstrumentingArtifactTransform
Transforming layoutlib-api-26.5.0.jar (com.android.tools.layoutlib:layoutlib-api:26.5.0) with MergeInstrumentationAnalysisTransform
Transforming dvlib-26.5.0.jar (com.android.tools:dvlib:26.5.0) with InstrumentationAnalysisTransform
Transforming dvlib-26.5.0.jar (com.android.tools:dvlib:26.5.0) with MergeInstrumentationAnalysisTransform
Transforming layoutlib-api-26.5.0.jar (com.android.tools.layoutlib:layoutlib-api:26.5.0) with ExternalDependencyInstrumentingArtifactTransform
Transforming repository-26.5.0.jar (com.android.tools:repository:26.5.0) with InstrumentationAnalysisTransform
Transforming repository-26.5.0.jar (com.android.tools:repository:26.5.0) with MergeInstrumentationAnalysisTransform
Transforming dvlib-26.5.0.jar (com.android.tools:dvlib:26.5.0) with ExternalDependencyInstrumentingArtifactTransform
Transforming shared-26.5.0.jar (com.android.tools.analytics-library:shared:26.5.0) with InstrumentationAnalysisTransform
Transforming shared-26.5.0.jar (com.android.tools.analytics-library:shared:26.5.0) with MergeInstrumentationAnalysisTransform
Transforming common-26.5.0.jar (com.android.tools:common:26.5.0) with InstrumentationAnalysisTransform
Transforming common-26.5.0.jar (com.android.tools:common:26.5.0) with MergeInstrumentationAnalysisTransform
Transforming kotlin-stdlib-jdk8-1.9.0.jar (org.jetbrains.kotlin:kotlin-stdlib-jdk8:1.9.0) with InstrumentationAnalysisTransform
Transforming repository-26.5.0.jar (com.android.tools:repository:26.5.0) with ExternalDependencyInstrumentingArtifactTransform
Transforming shared-26.5.0.jar (com.android.tools.analytics-library:shared:26.5.0) with ExternalDependencyInstrumentingArtifactTransform
Transforming kotlin-stdlib-jdk8-1.9.0.jar (org.jetbrains.kotlin:kotlin-stdlib-jdk8:1.9.0) with MergeInstrumentationAnalysisTransform
Transforming transform-api-2.0.0-deprecated-use-gradle-api.jar (com.android.tools.build:transform-api:2.0.0-deprecated-use-gradle-api) with InstrumentationAnalysisTransform
Transforming transform-api-2.0.0-deprecated-use-gradle-api.jar (com.android.tools.build:transform-api:2.0.0-deprecated-use-gradle-api) with MergeInstrumentationAnalysisTransform
Transforming common-26.5.0.jar (com.android.tools:common:26.5.0) with ExternalDependencyInstrumentingArtifactTransform
Transforming jetifier-processor-1.0.0-beta04.jar (com.android.tools.build.jetifier:jetifier-processor:1.0.0-beta04) with InstrumentationAnalysisTransform
Transforming jetifier-processor-1.0.0-beta04.jar (com.android.tools.build.jetifier:jetifier-processor:1.0.0-beta04) with MergeInstrumentationAnalysisTransform
Transforming transform-api-2.0.0-deprecated-use-gradle-api.jar (com.android.tools.build:transform-api:2.0.0-deprecated-use-gradle-api) with ExternalDependencyInstrumentingArtifactTransform
Transforming asm-analysis-6.0.jar (org.ow2.asm:asm-analysis:6.0) with InstrumentationAnalysisTransform
Transforming kotlin-stdlib-jdk8-1.9.0.jar (org.jetbrains.kotlin:kotlin-stdlib-jdk8:1.9.0) with ExternalDependencyInstrumentingArtifactTransform
Transforming asm-analysis-6.0.jar (org.ow2.asm:asm-analysis:6.0) with MergeInstrumentationAnalysisTransform
Transforming asm-commons-6.0.jar (org.ow2.asm:asm-commons:6.0) with InstrumentationAnalysisTransform
Transforming jetifier-processor-1.0.0-beta04.jar (com.android.tools.build.jetifier:jetifier-processor:1.0.0-beta04) with ExternalDependencyInstrumentingArtifactTransform
Transforming asm-commons-6.0.jar (org.ow2.asm:asm-commons:6.0) with MergeInstrumentationAnalysisTransform
Transforming asm-util-6.0.jar (org.ow2.asm:asm-util:6.0) with InstrumentationAnalysisTransform
Transforming asm-util-6.0.jar (org.ow2.asm:asm-util:6.0) with MergeInstrumentationAnalysisTransform
Transforming asm-tree-6.0.jar (org.ow2.asm:asm-tree:6.0) with InstrumentationAnalysisTransform
Transforming asm-commons-6.0.jar (org.ow2.asm:asm-commons:6.0) with ExternalDependencyInstrumentingArtifactTransform
Transforming asm-util-6.0.jar (org.ow2.asm:asm-util:6.0) with ExternalDependencyInstrumentingArtifactTransform
Transforming asm-analysis-6.0.jar (org.ow2.asm:asm-analysis:6.0) with ExternalDependencyInstrumentingArtifactTransform
Transforming asm-tree-6.0.jar (org.ow2.asm:asm-tree:6.0) with MergeInstrumentationAnalysisTransform
Transforming asm-6.0.jar (org.ow2.asm:asm:6.0) with InstrumentationAnalysisTransform
Transforming asm-6.0.jar (org.ow2.asm:asm:6.0) with MergeInstrumentationAnalysisTransform
Transforming jopt-simple-4.9.jar (net.sf.jopt-simple:jopt-simple:4.9) with InstrumentationAnalysisTransform
Transforming jopt-simple-4.9.jar (net.sf.jopt-simple:jopt-simple:4.9) with MergeInstrumentationAnalysisTransform
Transforming proguard-gradle-6.0.3.jar (net.sf.proguard:proguard-gradle:6.0.3) with InstrumentationAnalysisTransform
Transforming asm-6.0.jar (org.ow2.asm:asm:6.0) with ExternalDependencyInstrumentingArtifactTransform
Transforming jopt-simple-4.9.jar (net.sf.jopt-simple:jopt-simple:4.9) with ExternalDependencyInstrumentingArtifactTransform
Transforming asm-tree-6.0.jar (org.ow2.asm:asm-tree:6.0) with ExternalDependencyInstrumentingArtifactTransform
Transforming proguard-gradle-6.0.3.jar (net.sf.proguard:proguard-gradle:6.0.3) with MergeInstrumentationAnalysisTransform
Transforming bundletool-0.9.0.jar (com.android.tools.build:bundletool:0.9.0) with InstrumentationAnalysisTransform
Transforming bundletool-0.9.0.jar (com.android.tools.build:bundletool:0.9.0) with MergeInstrumentationAnalysisTransform
Transforming proguard-gradle-6.0.3.jar (net.sf.proguard:proguard-gradle:6.0.3) with ExternalDependencyInstrumentingArtifactTransform
Transforming jetifier-core-1.0.0-beta04.jar (com.android.tools.build.jetifier:jetifier-core:1.0.0-beta04) with InstrumentationAnalysisTransform
Transforming jetifier-core-1.0.0-beta04.jar (com.android.tools.build.jetifier:jetifier-core:1.0.0-beta04) with MergeInstrumentationAnalysisTransform
Transforming protobuf-java-util-3.4.0.jar (com.google.protobuf:protobuf-java-util:3.4.0) with InstrumentationAnalysisTransform
Transforming bundletool-0.9.0.jar (com.android.tools.build:bundletool:0.9.0) with ExternalDependencyInstrumentingArtifactTransform
Transforming protobuf-java-util-3.4.0.jar (com.google.protobuf:protobuf-java-util:3.4.0) with MergeInstrumentationAnalysisTransform
Transforming protos-26.5.0.jar (com.android.tools.analytics-library:protos:26.5.0) with InstrumentationAnalysisTransform
Transforming protos-26.5.0.jar (com.android.tools.analytics-library:protos:26.5.0) with MergeInstrumentationAnalysisTransform
Transforming aapt2-proto-0.4.0.jar (com.android.tools.build:aapt2-proto:0.4.0) with InstrumentationAnalysisTransform
Transforming aapt2-proto-0.4.0.jar (com.android.tools.build:aapt2-proto:0.4.0) with MergeInstrumentationAnalysisTransform
Transforming protobuf-java-3.4.0.jar (com.google.protobuf:protobuf-java:3.4.0) with InstrumentationAnalysisTransform
Transforming protobuf-java-util-3.4.0.jar (com.google.protobuf:protobuf-java-util:3.4.0) with ExternalDependencyInstrumentingArtifactTransform
Transforming protos-26.5.0.jar (com.android.tools.analytics-library:protos:26.5.0) with ExternalDependencyInstrumentingArtifactTransform
Transforming aapt2-proto-0.4.0.jar (com.android.tools.build:aapt2-proto:0.4.0) with ExternalDependencyInstrumentingArtifactTransform
Transforming jetifier-core-1.0.0-beta04.jar (com.android.tools.build.jetifier:jetifier-core:1.0.0-beta04) with ExternalDependencyInstrumentingArtifactTransform
Transforming protobuf-java-3.4.0.jar (com.google.protobuf:protobuf-java:3.4.0) with MergeInstrumentationAnalysisTransform
Transforming builder-model-3.5.0.jar (com.android.tools.build:builder-model:3.5.0) with InstrumentationAnalysisTransform
Transforming builder-model-3.5.0.jar (com.android.tools.build:builder-model:3.5.0) with MergeInstrumentationAnalysisTransform
Transforming apkzlib-3.5.0.jar (com.android.tools.build:apkzlib:3.5.0) with InstrumentationAnalysisTransform
Transforming protobuf-java-3.4.0.jar (com.google.protobuf:protobuf-java:3.4.0) with ExternalDependencyInstrumentingArtifactTransform
Transforming apkzlib-3.5.0.jar (com.android.tools.build:apkzlib:3.5.0) with MergeInstrumentationAnalysisTransform
Transforming apksig-3.5.0.jar (com.android.tools.build:apksig:3.5.0) with InstrumentationAnalysisTransform
Transforming apksig-3.5.0.jar (com.android.tools.build:apksig:3.5.0) with MergeInstrumentationAnalysisTransform
Transforming javawriter-2.5.0.jar (com.squareup:javawriter:2.5.0) with InstrumentationAnalysisTransform
Transforming javawriter-2.5.0.jar (com.squareup:javawriter:2.5.0) with MergeInstrumentationAnalysisTransform
Transforming bcpkix-jdk15on-1.56.jar (org.bouncycastle:bcpkix-jdk15on:1.56) with InstrumentationAnalysisTransform
Transforming builder-model-3.5.0.jar (com.android.tools.build:builder-model:3.5.0) with ExternalDependencyInstrumentingArtifactTransform
Transforming bcpkix-jdk15on-1.56.jar (org.bouncycastle:bcpkix-jdk15on:1.56) with MergeInstrumentationAnalysisTransform
Transforming bcprov-jdk15on-1.56.jar (org.bouncycastle:bcprov-jdk15on:1.56) with InstrumentationAnalysisTransform
Transforming bcprov-jdk15on-1.56.jar (org.bouncycastle:bcprov-jdk15on:1.56) with MergeInstrumentationAnalysisTransform
Transforming apksig-3.5.0.jar (com.android.tools.build:apksig:3.5.0) with ExternalDependencyInstrumentingArtifactTransform
Transforming javax.inject-1.jar (javax.inject:javax.inject:1) with InstrumentationAnalysisTransform
Transforming bcpkix-jdk15on-1.56.jar (org.bouncycastle:bcpkix-jdk15on:1.56) with ExternalDependencyInstrumentingArtifactTransform
Transforming javax.inject-1.jar (javax.inject:javax.inject:1) with MergeInstrumentationAnalysisTransform
Transforming javawriter-2.5.0.jar (com.squareup:javawriter:2.5.0) with ExternalDependencyInstrumentingArtifactTransform
Transforming bcprov-jdk15on-1.56.jar (org.bouncycastle:bcprov-jdk15on:1.56) with ExternalDependencyInstrumentingArtifactTransform
Transforming fastutil-7.2.0.jar (it.unimi.dsi:fastutil:7.2.0) with InstrumentationAnalysisTransform
Transforming fastutil-7.2.0.jar (it.unimi.dsi:fastutil:7.2.0) with MergeInstrumentationAnalysisTransform
Transforming javax.inject-1.jar (javax.inject:javax.inject:1) with ExternalDependencyInstrumentingArtifactTransform
Transforming json-simple-1.1.jar (com.googlecode.json-simple:json-simple:1.1) with InstrumentationAnalysisTransform
Transforming apkzlib-3.5.0.jar (com.android.tools.build:apkzlib:3.5.0) with ExternalDependencyInstrumentingArtifactTransform
Transforming fastutil-7.2.0.jar (it.unimi.dsi:fastutil:7.2.0) with ExternalDependencyInstrumentingArtifactTransform
Transforming json-simple-1.1.jar (com.googlecode.json-simple:json-simple:1.1) with MergeInstrumentationAnalysisTransform
Transforming annotations-26.5.0.jar (com.android.tools:annotations:26.5.0) with InstrumentationAnalysisTransform
Transforming annotations-26.5.0.jar (com.android.tools:annotations:26.5.0) with MergeInstrumentationAnalysisTransform
Transforming jimfs-1.1.jar (com.google.jimfs:jimfs:1.1) with InstrumentationAnalysisTransform
Transforming json-simple-1.1.jar (com.googlecode.json-simple:json-simple:1.1) with ExternalDependencyInstrumentingArtifactTransform
Transforming jimfs-1.1.jar (com.google.jimfs:jimfs:1.1) with MergeInstrumentationAnalysisTransform
Transforming annotations-26.5.0.jar (com.android.tools:annotations:26.5.0) with ExternalDependencyInstrumentingArtifactTransform
Transforming guava-27.0.1-jre.jar (com.google.guava:guava:27.0.1-jre) with InstrumentationAnalysisTransform
Transforming guava-27.0.1-jre.jar (com.google.guava:guava:27.0.1-jre) with MergeInstrumentationAnalysisTransform
Transforming jimfs-1.1.jar (com.google.jimfs:jimfs:1.1) with ExternalDependencyInstrumentingArtifactTransform
Transforming httpmime-4.5.6.jar (org.apache.httpcomponents:httpmime:4.5.6) with InstrumentationAnalysisTransform
Transforming httpmime-4.5.6.jar (org.apache.httpcomponents:httpmime:4.5.6) with MergeInstrumentationAnalysisTransform
Transforming guava-27.0.1-jre.jar (com.google.guava:guava:27.0.1-jre) with ExternalDependencyInstrumentingArtifactTransform
Transforming httpclient-4.5.6.jar (org.apache.httpcomponents:httpclient:4.5.6) with InstrumentationAnalysisTransform
Transforming httpclient-4.5.6.jar (org.apache.httpcomponents:httpclient:4.5.6) with MergeInstrumentationAnalysisTransform
Transforming httpcore-4.4.10.jar (org.apache.httpcomponents:httpcore:4.4.10) with InstrumentationAnalysisTransform
Transforming httpmime-4.5.6.jar (org.apache.httpcomponents:httpmime:4.5.6) with ExternalDependencyInstrumentingArtifactTransform
Transforming httpcore-4.4.10.jar (org.apache.httpcomponents:httpcore:4.4.10) with MergeInstrumentationAnalysisTransform
Transforming httpclient-4.5.6.jar (org.apache.httpcomponents:httpclient:4.5.6) with ExternalDependencyInstrumentingArtifactTransform
Transforming kotlin-reflect-1.9.0.jar (org.jetbrains.kotlin:kotlin-reflect:1.9.0) with InstrumentationAnalysisTransform
Transforming kotlin-reflect-1.9.0.jar (org.jetbrains.kotlin:kotlin-reflect:1.9.0) with MergeInstrumentationAnalysisTransform
Transforming databinding-common-3.5.0.jar (androidx.databinding:databinding-common:3.5.0) with InstrumentationAnalysisTransform
Transforming databinding-common-3.5.0.jar (androidx.databinding:databinding-common:3.5.0) with MergeInstrumentationAnalysisTransform
Transforming httpcore-4.4.10.jar (org.apache.httpcomponents:httpcore:4.4.10) with ExternalDependencyInstrumentingArtifactTransform
Transforming baseLibrary-3.5.0.jar (com.android.databinding:baseLibrary:3.5.0) with InstrumentationAnalysisTransform
Transforming kotlin-reflect-1.9.0.jar (org.jetbrains.kotlin:kotlin-reflect:1.9.0) with ExternalDependencyInstrumentingArtifactTransform
Transforming baseLibrary-3.5.0.jar (com.android.databinding:baseLibrary:3.5.0) with MergeInstrumentationAnalysisTransform
Transforming antlr4-4.5.3.jar (org.antlr:antlr4:4.5.3) with InstrumentationAnalysisTransform
Transforming databinding-common-3.5.0.jar (androidx.databinding:databinding-common:3.5.0) with ExternalDependencyInstrumentingArtifactTransform
Transforming antlr4-4.5.3.jar (org.antlr:antlr4:4.5.3) with MergeInstrumentationAnalysisTransform
Transforming baseLibrary-3.5.0.jar (com.android.databinding:baseLibrary:3.5.0) with ExternalDependencyInstrumentingArtifactTransform
Transforming commons-io-2.4.jar (commons-io:commons-io:2.4) with InstrumentationAnalysisTransform
Transforming commons-io-2.4.jar (commons-io:commons-io:2.4) with MergeInstrumentationAnalysisTransform
Transforming juniversalchardet-1.0.3.jar (com.googlecode.juniversalchardet:juniversalchardet:1.0.3) with InstrumentationAnalysisTransform
Transforming juniversalchardet-1.0.3.jar (com.googlecode.juniversalchardet:juniversalchardet:1.0.3) with MergeInstrumentationAnalysisTransform
Transforming javapoet-1.8.0.jar (com.squareup:javapoet:1.8.0) with InstrumentationAnalysisTransform
Transforming commons-io-2.4.jar (commons-io:commons-io:2.4) with ExternalDependencyInstrumentingArtifactTransform
Transforming javapoet-1.8.0.jar (com.squareup:javapoet:1.8.0) with MergeInstrumentationAnalysisTransform
Transforming gson-2.8.5.jar (com.google.code.gson:gson:2.8.5) with InstrumentationAnalysisTransform
Transforming gson-2.8.5.jar (com.google.code.gson:gson:2.8.5) with MergeInstrumentationAnalysisTransform
Transforming javapoet-1.8.0.jar (com.squareup:javapoet:1.8.0) with ExternalDependencyInstrumentingArtifactTransform
Transforming gson-2.8.5.jar (com.google.code.gson:gson:2.8.5) with ExternalDependencyInstrumentingArtifactTransform
Transforming antlr4-4.5.3.jar (org.antlr:antlr4:4.5.3) with ExternalDependencyInstrumentingArtifactTransform
Transforming kotlin-stdlib-jdk7-1.9.0.jar (org.jetbrains.kotlin:kotlin-stdlib-jdk7:1.9.0) with InstrumentationAnalysisTransform
Transforming juniversalchardet-1.0.3.jar (com.googlecode.juniversalchardet:juniversalchardet:1.0.3) with ExternalDependencyInstrumentingArtifactTransform
Transforming kotlin-stdlib-jdk7-1.9.0.jar (org.jetbrains.kotlin:kotlin-stdlib-jdk7:1.9.0) with MergeInstrumentationAnalysisTransform
Transforming kotlin-stdlib-1.9.0.jar (org.jetbrains.kotlin:kotlin-stdlib:1.9.0) with InstrumentationAnalysisTransform
Transforming kotlin-stdlib-1.9.0.jar (org.jetbrains.kotlin:kotlin-stdlib:1.9.0) with MergeInstrumentationAnalysisTransform
Transforming proguard-base-6.0.3.jar (net.sf.proguard:proguard-base:6.0.3) with InstrumentationAnalysisTransform
Transforming kotlin-stdlib-jdk7-1.9.0.jar (org.jetbrains.kotlin:kotlin-stdlib-jdk7:1.9.0) with ExternalDependencyInstrumentingArtifactTransform
Transforming proguard-base-6.0.3.jar (net.sf.proguard:proguard-base:6.0.3) with MergeInstrumentationAnalysisTransform
Transforming auto-value-1.5.2.jar (com.google.auto.value:auto-value:1.5.2) with InstrumentationAnalysisTransform
Transforming kotlin-stdlib-1.9.0.jar (org.jetbrains.kotlin:kotlin-stdlib:1.9.0) with ExternalDependencyInstrumentingArtifactTransform
Transforming auto-value-1.5.2.jar (com.google.auto.value:auto-value:1.5.2) with MergeInstrumentationAnalysisTransform
Transforming error_prone_annotations-2.3.1.jar (com.google.errorprone:error_prone_annotations:2.3.1) with InstrumentationAnalysisTransform
Transforming error_prone_annotations-2.3.1.jar (com.google.errorprone:error_prone_annotations:2.3.1) with MergeInstrumentationAnalysisTransform
Transforming jdom2-2.0.6.jar (org.jdom:jdom2:2.0.6) with InstrumentationAnalysisTransform
Transforming jdom2-2.0.6.jar (org.jdom:jdom2:2.0.6) with MergeInstrumentationAnalysisTransform
Transforming proguard-base-6.0.3.jar (net.sf.proguard:proguard-base:6.0.3) with ExternalDependencyInstrumentingArtifactTransform
Transforming error_prone_annotations-2.3.1.jar (com.google.errorprone:error_prone_annotations:2.3.1) with ExternalDependencyInstrumentingArtifactTransform
Transforming commons-compress-1.12.jar (org.apache.commons:commons-compress:1.12) with InstrumentationAnalysisTransform
Transforming commons-compress-1.12.jar (org.apache.commons:commons-compress:1.12) with MergeInstrumentationAnalysisTransform
Transforming auto-value-1.5.2.jar (com.google.auto.value:auto-value:1.5.2) with ExternalDependencyInstrumentingArtifactTransform
Transforming trove4j-20160824.jar (org.jetbrains.trove4j:trove4j:20160824) with InstrumentationAnalysisTransform
Transforming jdom2-2.0.6.jar (org.jdom:jdom2:2.0.6) with ExternalDependencyInstrumentingArtifactTransform
Transforming trove4j-20160824.jar (org.jetbrains.trove4j:trove4j:20160824) with MergeInstrumentationAnalysisTransform
Transforming commons-compress-1.12.jar (org.apache.commons:commons-compress:1.12) with ExternalDependencyInstrumentingArtifactTransform
Transforming kxml2-2.3.0.jar (net.sf.kxml:kxml2:2.3.0) with InstrumentationAnalysisTransform
Transforming kxml2-2.3.0.jar (net.sf.kxml:kxml2:2.3.0) with MergeInstrumentationAnalysisTransform
Transforming jsr305-3.0.2.jar (com.google.code.findbugs:jsr305:3.0.2) with InstrumentationAnalysisTransform
Transforming jsr305-3.0.2.jar (com.google.code.findbugs:jsr305:3.0.2) with MergeInstrumentationAnalysisTransform
Transforming trove4j-20160824.jar (org.jetbrains.trove4j:trove4j:20160824) with ExternalDependencyInstrumentingArtifactTransform
Transforming kxml2-2.3.0.jar (net.sf.kxml:kxml2:2.3.0) with ExternalDependencyInstrumentingArtifactTransform
Transforming failureaccess-1.0.1.jar (com.google.guava:failureaccess:1.0.1) with InstrumentationAnalysisTransform
Transforming failureaccess-1.0.1.jar (com.google.guava:failureaccess:1.0.1) with MergeInstrumentationAnalysisTransform
Transforming listenablefuture-9999.0-empty-to-avoid-conflict-with-guava.jar (com.google.guava:listenablefuture:9999.0-empty-to-avoid-conflict-with-guava) with InstrumentationAnalysisTransform
Transforming jsr305-3.0.2.jar (com.google.code.findbugs:jsr305:3.0.2) with ExternalDependencyInstrumentingArtifactTransform
Transforming listenablefuture-9999.0-empty-to-avoid-conflict-with-guava.jar (com.google.guava:listenablefuture:9999.0-empty-to-avoid-conflict-with-guava) with MergeInstrumentationAnalysisTransform
Transforming failureaccess-1.0.1.jar (com.google.guava:failureaccess:1.0.1) with ExternalDependencyInstrumentingArtifactTransform
Transforming checker-qual-2.5.2.jar (org.checkerframework:checker-qual:2.5.2) with InstrumentationAnalysisTransform
Transforming checker-qual-2.5.2.jar (org.checkerframework:checker-qual:2.5.2) with MergeInstrumentationAnalysisTransform
Transforming listenablefuture-9999.0-empty-to-avoid-conflict-with-guava.jar (com.google.guava:listenablefuture:9999.0-empty-to-avoid-conflict-with-guava) with ExternalDependencyInstrumentingArtifactTransform
Transforming j2objc-annotations-1.1.jar (com.google.j2objc:j2objc-annotations:1.1) with InstrumentationAnalysisTransform
Transforming j2objc-annotations-1.1.jar (com.google.j2objc:j2objc-annotations:1.1) with MergeInstrumentationAnalysisTransform
Transforming animal-sniffer-annotations-1.17.jar (org.codehaus.mojo:animal-sniffer-annotations:1.17) with InstrumentationAnalysisTransform
Transforming animal-sniffer-annotations-1.17.jar (org.codehaus.mojo:animal-sniffer-annotations:1.17) with MergeInstrumentationAnalysisTransform
Transforming commons-logging-1.2.jar (commons-logging:commons-logging:1.2) with InstrumentationAnalysisTransform
Transforming commons-logging-1.2.jar (commons-logging:commons-logging:1.2) with MergeInstrumentationAnalysisTransform
Transforming checker-qual-2.5.2.jar (org.checkerframework:checker-qual:2.5.2) with ExternalDependencyInstrumentingArtifactTransform
Transforming commons-codec-1.10.jar (commons-codec:commons-codec:1.10) with InstrumentationAnalysisTransform
Transforming j2objc-annotations-1.1.jar (com.google.j2objc:j2objc-annotations:1.1) with ExternalDependencyInstrumentingArtifactTransform
Transforming commons-logging-1.2.jar (commons-logging:commons-logging:1.2) with ExternalDependencyInstrumentingArtifactTransform
Transforming commons-codec-1.10.jar (commons-codec:commons-codec:1.10) with MergeInstrumentationAnalysisTransform
Transforming animal-sniffer-annotations-1.17.jar (org.codehaus.mojo:animal-sniffer-annotations:1.17) with ExternalDependencyInstrumentingArtifactTransform
Transforming kotlin-stdlib-common-1.9.0.jar (org.jetbrains.kotlin:kotlin-stdlib-common:1.9.0) with InstrumentationAnalysisTransform
Transforming commons-codec-1.10.jar (commons-codec:commons-codec:1.10) with ExternalDependencyInstrumentingArtifactTransform
Transforming kotlin-stdlib-common-1.9.0.jar (org.jetbrains.kotlin:kotlin-stdlib-common:1.9.0) with MergeInstrumentationAnalysisTransform
Transforming annotations-13.0.jar (org.jetbrains:annotations:13.0) with InstrumentationAnalysisTransform
Transforming annotations-13.0.jar (org.jetbrains:annotations:13.0) with MergeInstrumentationAnalysisTransform
Transforming javax.activation-1.2.0.jar (com.sun.activation:javax.activation:1.2.0) with InstrumentationAnalysisTransform
Transforming kotlin-stdlib-common-1.9.0.jar (org.jetbrains.kotlin:kotlin-stdlib-common:1.9.0) with ExternalDependencyInstrumentingArtifactTransform
Transforming javax.activation-1.2.0.jar (com.sun.activation:javax.activation:1.2.0) with MergeInstrumentationAnalysisTransform
Transforming jaxb-runtime-2.2.11.jar (org.glassfish.jaxb:jaxb-runtime:2.2.11) with InstrumentationAnalysisTransform
Transforming annotations-13.0.jar (org.jetbrains:annotations:13.0) with ExternalDependencyInstrumentingArtifactTransform
Transforming jaxb-runtime-2.2.11.jar (org.glassfish.jaxb:jaxb-runtime:2.2.11) with MergeInstrumentationAnalysisTransform
Transforming javax.activation-1.2.0.jar (com.sun.activation:javax.activation:1.2.0) with ExternalDependencyInstrumentingArtifactTransform
Transforming jaxb-core-2.2.11.jar (org.glassfish.jaxb:jaxb-core:2.2.11) with InstrumentationAnalysisTransform
Transforming jaxb-core-2.2.11.jar (org.glassfish.jaxb:jaxb-core:2.2.11) with MergeInstrumentationAnalysisTransform
Transforming jaxb-runtime-2.2.11.jar (org.glassfish.jaxb:jaxb-runtime:2.2.11) with ExternalDependencyInstrumentingArtifactTransform
Transforming stax-ex-1.7.7.jar (org.jvnet.staxex:stax-ex:1.7.7) with InstrumentationAnalysisTransform
Transforming jaxb-core-2.2.11.jar (org.glassfish.jaxb:jaxb-core:2.2.11) with ExternalDependencyInstrumentingArtifactTransform
Transforming stax-ex-1.7.7.jar (org.jvnet.staxex:stax-ex:1.7.7) with MergeInstrumentationAnalysisTransform
Transforming FastInfoset-1.2.13.jar (com.sun.xml.fastinfoset:FastInfoset:1.2.13) with InstrumentationAnalysisTransform
Transforming FastInfoset-1.2.13.jar (com.sun.xml.fastinfoset:FastInfoset:1.2.13) with MergeInstrumentationAnalysisTransform
Transforming jaxb-api-2.2.12-b140109.1041.jar (javax.xml.bind:jaxb-api:2.2.12-b140109.1041) with InstrumentationAnalysisTransform
Transforming stax-ex-1.7.7.jar (org.jvnet.staxex:stax-ex:1.7.7) with ExternalDependencyInstrumentingArtifactTransform
Transforming jaxb-api-2.2.12-b140109.1041.jar (javax.xml.bind:jaxb-api:2.2.12-b140109.1041) with MergeInstrumentationAnalysisTransform
Transforming txw2-2.2.11.jar (org.glassfish.jaxb:txw2:2.2.11) with InstrumentationAnalysisTransform
Transforming txw2-2.2.11.jar (org.glassfish.jaxb:txw2:2.2.11) with MergeInstrumentationAnalysisTransform
Transforming istack-commons-runtime-2.21.jar (com.sun.istack:istack-commons-runtime:2.21) with InstrumentationAnalysisTransform
Transforming istack-commons-runtime-2.21.jar (com.sun.istack:istack-commons-runtime:2.21) with MergeInstrumentationAnalysisTransform
Transforming jaxb-api-2.2.12-b140109.1041.jar (javax.xml.bind:jaxb-api:2.2.12-b140109.1041) with ExternalDependencyInstrumentingArtifactTransform
Transforming txw2-2.2.11.jar (org.glassfish.jaxb:txw2:2.2.11) with ExternalDependencyInstrumentingArtifactTransform
Transforming FastInfoset-1.2.13.jar (com.sun.xml.fastinfoset:FastInfoset:1.2.13) with ExternalDependencyInstrumentingArtifactTransform
Transforming istack-commons-runtime-2.21.jar (com.sun.istack:istack-commons-runtime:2.21) with ExternalDependencyInstrumentingArtifactTransform
Using default execution profile

> Configure project :path_provider_android
Evaluating project ':path_provider_android' using build file '/home/cookie/.pub-cache/hosted/pub.dev/path_provider_android-2.2.22/android/build.gradle'.
Transforming gradle-8.13.1.jar (com.android.tools.build:gradle:8.13.1) with InstrumentationAnalysisTransform
Transforming gradle-api-8.13.1.jar (com.android.tools.build:gradle-api:8.13.1) with InstrumentationAnalysisTransform
Transforming gradle-common-api-8.13.1.jar (com.android.tools.build:gradle-common-api:8.13.1) with InstrumentationAnalysisTransform
Transforming gradle-settings-api-8.13.1.jar (com.android.tools.build:gradle-settings-api:8.13.1) with InstrumentationAnalysisTransform
Transforming lint-model-31.13.1.jar (com.android.tools.lint:lint-model:31.13.1) with InstrumentationAnalysisTransform
Transforming builder-8.13.1.jar (com.android.tools.build:builder:8.13.1) with InstrumentationAnalysisTransform
Transforming manifest-merger-31.13.1.jar (com.android.tools.build:manifest-merger:31.13.1) with InstrumentationAnalysisTransform
Transforming sdk-common-31.13.1.jar (com.android.tools:sdk-common:31.13.1) with InstrumentationAnalysisTransform
Transforming sdklib-31.13.1.jar (com.android.tools:sdklib:31.13.1) with InstrumentationAnalysisTransform
Transforming repository-31.13.1.jar (com.android.tools:repository:31.13.1) with InstrumentationAnalysisTransform
Transforming builder-test-api-8.13.1.jar (com.android.tools.build:builder-test-api:8.13.1) with InstrumentationAnalysisTransform
Transforming ddmlib-31.13.1.jar (com.android.tools.ddms:ddmlib:31.13.1) with InstrumentationAnalysisTransform
Transforming aaptcompiler-8.13.1.jar (com.android.tools.build:aaptcompiler:8.13.1) with InstrumentationAnalysisTransform
Transforming bundletool-1.18.1.jar (com.android.tools.build:bundletool:1.18.1) with InstrumentationAnalysisTransform
Transforming aapt2-proto-8.13.1-13719691.jar (com.android.tools.build:aapt2-proto:8.13.1-13719691) with InstrumentationAnalysisTransform
Transforming crash-31.13.1.jar (com.android.tools.analytics-library:crash:31.13.1) with InstrumentationAnalysisTransform
Transforming tracker-31.13.1.jar (com.android.tools.analytics-library:tracker:31.13.1) with InstrumentationAnalysisTransform
Transforming shared-31.13.1.jar (com.android.tools.analytics-library:shared:31.13.1) with InstrumentationAnalysisTransform
Transforming lint-typedef-remover-31.13.1.jar (com.android.tools.lint:lint-typedef-remover:31.13.1) with InstrumentationAnalysisTransform
Transforming databinding-compiler-common-8.13.1.jar (androidx.databinding:databinding-compiler-common:8.13.1) with InstrumentationAnalysisTransform
Transforming databinding-common-8.13.1.jar (androidx.databinding:databinding-common:8.13.1) with InstrumentationAnalysisTransform
Transforming baseLibrary-8.13.1.jar (com.android.databinding:baseLibrary:8.13.1) with InstrumentationAnalysisTransform
Transforming layoutlib-api-31.13.1.jar (com.android.tools.layoutlib:layoutlib-api:31.13.1) with InstrumentationAnalysisTransform
Transforming android-device-provider-ddmlib-proto-31.13.1.jar (com.android.tools.utp:android-device-provider-ddmlib-proto:31.13.1) with InstrumentationAnalysisTransform
Transforming android-device-provider-profile-proto-31.13.1.jar (com.android.tools.utp:android-device-provider-profile-proto:31.13.1) with InstrumentationAnalysisTransform
Transforming android-test-plugin-host-additional-test-output-proto-31.13.1.jar (com.android.tools.utp:android-test-plugin-host-additional-test-output-proto:31.13.1) with InstrumentationAnalysisTransform
Transforming android-test-plugin-host-coverage-proto-31.13.1.jar (com.android.tools.utp:android-test-plugin-host-coverage-proto:31.13.1) with InstrumentationAnalysisTransform
Transforming android-test-plugin-host-emulator-control-proto-31.13.1.jar (com.android.tools.utp:android-test-plugin-host-emulator-control-proto:31.13.1) with InstrumentationAnalysisTransform
Transforming android-test-plugin-host-logcat-proto-31.13.1.jar (com.android.tools.utp:android-test-plugin-host-logcat-proto:31.13.1) with InstrumentationAnalysisTransform
Transforming android-test-plugin-host-apk-installer-proto-31.13.1.jar (com.android.tools.utp:android-test-plugin-host-apk-installer-proto:31.13.1) with InstrumentationAnalysisTransform
Transforming android-test-plugin-result-listener-gradle-proto-31.13.1.jar (com.android.tools.utp:android-test-plugin-result-listener-gradle-proto:31.13.1) with InstrumentationAnalysisTransform
Transforming jetifier-processor-1.0.0-beta10.jar (com.android.tools.build.jetifier:jetifier-processor:1.0.0-beta10) with InstrumentationAnalysisTransform
Transforming jetifier-core-1.0.0-beta10.jar (com.android.tools.build.jetifier:jetifier-core:1.0.0-beta10) with InstrumentationAnalysisTransform
Transforming builder-model-8.13.1.jar (com.android.tools.build:builder-model:8.13.1) with InstrumentationAnalysisTransform
Transforming kotlin-reflect-1.9.0.jar (org.jetbrains.kotlin:kotlin-reflect:1.9.0) with InstrumentationAnalysisTransform
Transforming dvlib-31.13.1.jar (com.android.tools:dvlib:31.13.1) with InstrumentationAnalysisTransform
Transforming common-31.13.1.jar (com.android.tools:common:31.13.1) with InstrumentationAnalysisTransform
Transforming kotlin-stdlib-jdk8-1.9.0.jar (org.jetbrains.kotlin:kotlin-stdlib-jdk8:1.9.0) with InstrumentationAnalysisTransform
Transforming kotlin-stdlib-jdk7-1.9.0.jar (org.jetbrains.kotlin:kotlin-stdlib-jdk7:1.9.0) with InstrumentationAnalysisTransform
Transforming kotlinx-coroutines-core-jvm-1.9.0.jar (org.jetbrains.kotlinx:kotlinx-coroutines-core-jvm:1.9.0) with InstrumentationAnalysisTransform
Transforming kotlin-stdlib-1.9.0.jar (org.jetbrains.kotlin:kotlin-stdlib:1.9.0) with InstrumentationAnalysisTransform
Transforming transform-api-2.0.0-deprecated-use-gradle-api.jar (com.android.tools.build:transform-api:2.0.0-deprecated-use-gradle-api) with InstrumentationAnalysisTransform
Transforming httpmime-4.5.6.jar (org.apache.httpcomponents:httpmime:4.5.6) with InstrumentationAnalysisTransform
Transforming commons-io-2.16.1.jar (commons-io:commons-io:2.16.1) with InstrumentationAnalysisTransform
Transforming asm-commons-9.8.jar (org.ow2.asm:asm-commons:9.8) with InstrumentationAnalysisTransform
Transforming asm-util-9.8.jar (org.ow2.asm:asm-util:9.8) with InstrumentationAnalysisTransform
Transforming asm-analysis-9.8.jar (org.ow2.asm:asm-analysis:9.8) with InstrumentationAnalysisTransform
Transforming asm-tree-9.8.jar (org.ow2.asm:asm-tree:9.8) with InstrumentationAnalysisTransform
Transforming asm-9.8.jar (org.ow2.asm:asm:9.8) with InstrumentationAnalysisTransform
Transforming apkzlib-8.13.1.jar (com.android.tools.build:apkzlib:8.13.1) with InstrumentationAnalysisTransform
Transforming bcpkix-jdk18on-1.79.jar (org.bouncycastle:bcpkix-jdk18on:1.79) with InstrumentationAnalysisTransform
Transforming jaxb-runtime-2.3.2.jar (org.glassfish.jaxb:jaxb-runtime:2.3.2) with InstrumentationAnalysisTransform
Transforming jopt-simple-4.9.jar (net.sf.jopt-simple:jopt-simple:4.9) with InstrumentationAnalysisTransform
Transforming javapoet-1.10.0.jar (com.squareup:javapoet:1.10.0) with InstrumentationAnalysisTransform
Transforming protobuf-java-util-3.25.5.jar (com.google.protobuf:protobuf-java-util:3.25.5) with InstrumentationAnalysisTransform
Transforming grpc-protobuf-1.69.1.jar (io.grpc:grpc-protobuf:1.69.1) with InstrumentationAnalysisTransform
Transforming tink-1.7.0.jar (com.google.crypto.tink:tink:1.7.0) with InstrumentationAnalysisTransform
Transforming core-proto-0.0.9-alpha03.jar (com.google.testing.platform:core-proto:0.0.9-alpha03) with InstrumentationAnalysisTransform
Transforming protos-31.13.1.jar (com.android.tools.analytics-library:protos:31.13.1) with InstrumentationAnalysisTransform
Transforming proto-google-common-protos-2.48.0.jar (com.google.api.grpc:proto-google-common-protos:2.48.0) with InstrumentationAnalysisTransform
Transforming protobuf-java-3.25.5.jar (com.google.protobuf:protobuf-java:3.25.5) with InstrumentationAnalysisTransform
Transforming grpc-netty-1.69.1.jar (io.grpc:grpc-netty:1.69.1) with InstrumentationAnalysisTransform
Transforming grpc-inprocess-1.69.1.jar (io.grpc:grpc-inprocess:1.69.1) with InstrumentationAnalysisTransform
Transforming grpc-util-1.69.1.jar (io.grpc:grpc-util:1.69.1) with InstrumentationAnalysisTransform
Transforming grpc-core-1.69.1.jar (io.grpc:grpc-core:1.69.1) with InstrumentationAnalysisTransform
Transforming gson-2.11.0.jar (com.google.code.gson:gson:2.11.0) with InstrumentationAnalysisTransform
Transforming grpc-stub-1.69.1.jar (io.grpc:grpc-stub:1.69.1) with InstrumentationAnalysisTransform
Transforming tensorflow-lite-metadata-0.2.0.jar (org.tensorflow:tensorflow-lite-metadata:0.2.0) with InstrumentationAnalysisTransform
Transforming flatbuffers-java-1.12.0.jar (com.google.flatbuffers:flatbuffers-java:1.12.0) with InstrumentationAnalysisTransform
Transforming jimfs-1.1.jar (com.google.jimfs:jimfs:1.1) with InstrumentationAnalysisTransform
Transforming grpc-context-1.69.1.jar (io.grpc:grpc-context:1.69.1) with InstrumentationAnalysisTransform
Transforming grpc-protobuf-lite-1.69.1.jar (io.grpc:grpc-protobuf-lite:1.69.1) with InstrumentationAnalysisTransform
Transforming grpc-api-1.69.1.jar (io.grpc:grpc-api:1.69.1) with InstrumentationAnalysisTransform
Transforming guava-33.3.1-jre.jar (com.google.guava:guava:33.3.1-jre) with InstrumentationAnalysisTransform
Transforming dagger-2.28.3.jar (com.google.dagger:dagger:2.28.3) with InstrumentationAnalysisTransform
Transforming javax.inject-1.jar (javax.inject:javax.inject:1) with InstrumentationAnalysisTransform
Transforming kxml2-2.3.0.jar (net.sf.kxml:kxml2:2.3.0) with InstrumentationAnalysisTransform
Transforming commons-compress-1.21.jar (org.apache.commons:commons-compress:1.21) with InstrumentationAnalysisTransform
Transforming bcutil-jdk18on-1.79.jar (org.bouncycastle:bcutil-jdk18on:1.79) with InstrumentationAnalysisTransform
Transforming bcprov-jdk18on-1.79.jar (org.bouncycastle:bcprov-jdk18on:1.79) with InstrumentationAnalysisTransform
Transforming httpclient-4.5.14.jar (org.apache.httpcomponents:httpclient:4.5.14) with InstrumentationAnalysisTransform
Transforming httpcore-4.4.16.jar (org.apache.httpcomponents:httpcore:4.4.16) with InstrumentationAnalysisTransform
Transforming javax.activation-1.2.0.jar (com.sun.activation:javax.activation:1.2.0) with InstrumentationAnalysisTransform
Transforming annotations-23.0.0.jar (org.jetbrains:annotations:23.0.0) with InstrumentationAnalysisTransform
Transforming signflinger-8.13.1.jar (com.android:signflinger:8.13.1) with InstrumentationAnalysisTransform
Transforming zipflinger-8.13.1.jar (com.android:zipflinger:8.13.1) with InstrumentationAnalysisTransform
Transforming annotations-31.13.1.jar (com.android.tools:annotations:31.13.1) with InstrumentationAnalysisTransform
Transforming jna-platform-5.6.0.jar (net.java.dev.jna:jna-platform:5.6.0) with InstrumentationAnalysisTransform
Transforming juniversalchardet-1.0.3.jar (com.googlecode.juniversalchardet:juniversalchardet:1.0.3) with InstrumentationAnalysisTransform
Transforming javax.annotation-api-1.3.2.jar (javax.annotation:javax.annotation-api:1.3.2) with InstrumentationAnalysisTransform
Transforming kotlin-stdlib-common-1.9.0.jar (org.jetbrains.kotlin:kotlin-stdlib-common:1.9.0) with InstrumentationAnalysisTransform
Transforming stax-ex-1.8.1.jar (org.jvnet.staxex:stax-ex:1.8.1) with InstrumentationAnalysisTransform
Transforming jakarta.xml.bind-api-2.3.2.jar (jakarta.xml.bind:jakarta.xml.bind-api:2.3.2) with InstrumentationAnalysisTransform
Transforming txw2-2.3.2.jar (org.glassfish.jaxb:txw2:2.3.2) with InstrumentationAnalysisTransform
Transforming istack-commons-runtime-3.0.8.jar (com.sun.istack:istack-commons-runtime:3.0.8) with InstrumentationAnalysisTransform
Transforming FastInfoset-1.2.16.jar (com.sun.xml.fastinfoset:FastInfoset:1.2.16) with InstrumentationAnalysisTransform
Transforming jakarta.activation-api-1.2.1.jar (jakarta.activation:jakarta.activation-api:1.2.1) with InstrumentationAnalysisTransform
Transforming auto-value-annotations-1.6.2.jar (com.google.auto.value:auto-value-annotations:1.6.2) with InstrumentationAnalysisTransform
Transforming error_prone_annotations-2.30.0.jar (com.google.errorprone:error_prone_annotations:2.30.0) with InstrumentationAnalysisTransform
Transforming jose4j-0.9.5.jar (org.bitbucket.b_c:jose4j:0.9.5) with InstrumentationAnalysisTransform
Transforming slf4j-api-1.7.30.jar (org.slf4j:slf4j-api:1.7.30) with InstrumentationAnalysisTransform
Transforming jdom2-2.0.6.jar (org.jdom:jdom2:2.0.6) with InstrumentationAnalysisTransform
Transforming jsr305-3.0.2.jar (com.google.code.findbugs:jsr305:3.0.2) with InstrumentationAnalysisTransform
Transforming j2objc-annotations-3.0.0.jar (com.google.j2objc:j2objc-annotations:3.0.0) with InstrumentationAnalysisTransform
Transforming annotations-4.1.1.4.jar (com.google.android:annotations:4.1.1.4) with InstrumentationAnalysisTransform
Transforming animal-sniffer-annotations-1.24.jar (org.codehaus.mojo:animal-sniffer-annotations:1.24) with InstrumentationAnalysisTransform
Transforming perfmark-api-0.27.0.jar (io.perfmark:perfmark-api:0.27.0) with InstrumentationAnalysisTransform
Transforming netty-codec-http2-4.1.110.Final.jar (io.netty:netty-codec-http2:4.1.110.Final) with InstrumentationAnalysisTransform
Transforming netty-handler-proxy-4.1.110.Final.jar (io.netty:netty-handler-proxy:4.1.110.Final) with InstrumentationAnalysisTransform
Transforming netty-codec-http-4.1.110.Final.jar (io.netty:netty-codec-http:4.1.110.Final) with InstrumentationAnalysisTransform
Transforming netty-handler-4.1.110.Final.jar (io.netty:netty-handler:4.1.110.Final) with InstrumentationAnalysisTransform
Transforming netty-transport-native-unix-common-4.1.110.Final.jar (io.netty:netty-transport-native-unix-common:4.1.110.Final) with InstrumentationAnalysisTransform
Transforming checker-qual-3.43.0.jar (org.checkerframework:checker-qual:3.43.0) with InstrumentationAnalysisTransform
Transforming apksig-8.13.1.jar (com.android.tools.build:apksig:8.13.1) with InstrumentationAnalysisTransform
Transforming javawriter-2.5.0.jar (com.squareup:javawriter:2.5.0) with InstrumentationAnalysisTransform
Transforming failureaccess-1.0.2.jar (com.google.guava:failureaccess:1.0.2) with InstrumentationAnalysisTransform
Transforming listenablefuture-9999.0-empty-to-avoid-conflict-with-guava.jar (com.google.guava:listenablefuture:9999.0-empty-to-avoid-conflict-with-guava) with InstrumentationAnalysisTransform
Transforming commons-logging-1.2.jar (commons-logging:commons-logging:1.2) with InstrumentationAnalysisTransform
Transforming commons-codec-1.11.jar (commons-codec:commons-codec:1.11) with InstrumentationAnalysisTransform
Transforming jna-5.6.0.jar (net.java.dev.jna:jna:5.6.0) with InstrumentationAnalysisTransform
Transforming netty-codec-socks-4.1.110.Final.jar (io.netty:netty-codec-socks:4.1.110.Final) with InstrumentationAnalysisTransform
Transforming netty-codec-4.1.110.Final.jar (io.netty:netty-codec:4.1.110.Final) with InstrumentationAnalysisTransform
Transforming netty-transport-4.1.110.Final.jar (io.netty:netty-transport:4.1.110.Final) with InstrumentationAnalysisTransform
Transforming netty-buffer-4.1.110.Final.jar (io.netty:netty-buffer:4.1.110.Final) with InstrumentationAnalysisTransform
Transforming netty-resolver-4.1.110.Final.jar (io.netty:netty-resolver:4.1.110.Final) with InstrumentationAnalysisTransform
Transforming netty-common-4.1.110.Final.jar (io.netty:netty-common:4.1.110.Final) with InstrumentationAnalysisTransform
Transforming gradle-8.13.1.jar (com.android.tools.build:gradle:8.13.1) with InstrumentationAnalysisTransform
Transforming gradle-8.13.1.jar (com.android.tools.build:gradle:8.13.1) with MergeInstrumentationAnalysisTransform
Transforming gradle-api-8.13.1.jar (com.android.tools.build:gradle-api:8.13.1) with InstrumentationAnalysisTransform
Transforming gradle-api-8.13.1.jar (com.android.tools.build:gradle-api:8.13.1) with MergeInstrumentationAnalysisTransform
Transforming gradle-common-api-8.13.1.jar (com.android.tools.build:gradle-common-api:8.13.1) with InstrumentationAnalysisTransform
Transforming gradle-common-api-8.13.1.jar (com.android.tools.build:gradle-common-api:8.13.1) with MergeInstrumentationAnalysisTransform
Transforming gradle-settings-api-8.13.1.jar (com.android.tools.build:gradle-settings-api:8.13.1) with InstrumentationAnalysisTransform
Transforming gradle-api-8.13.1.jar (com.android.tools.build:gradle-api:8.13.1) with ExternalDependencyInstrumentingArtifactTransform
Transforming gradle-settings-api-8.13.1.jar (com.android.tools.build:gradle-settings-api:8.13.1) with MergeInstrumentationAnalysisTransform
Transforming gradle-8.13.1.jar (com.android.tools.build:gradle:8.13.1) with ExternalDependencyInstrumentingArtifactTransform
Transforming lint-model-31.13.1.jar (com.android.tools.lint:lint-model:31.13.1) with InstrumentationAnalysisTransform
Transforming gradle-common-api-8.13.1.jar (com.android.tools.build:gradle-common-api:8.13.1) with ExternalDependencyInstrumentingArtifactTransform
Transforming lint-model-31.13.1.jar (com.android.tools.lint:lint-model:31.13.1) with MergeInstrumentationAnalysisTransform
Transforming gradle-settings-api-8.13.1.jar (com.android.tools.build:gradle-settings-api:8.13.1) with ExternalDependencyInstrumentingArtifactTransform
Transforming builder-8.13.1.jar (com.android.tools.build:builder:8.13.1) with InstrumentationAnalysisTransform
Transforming lint-model-31.13.1.jar (com.android.tools.lint:lint-model:31.13.1) with ExternalDependencyInstrumentingArtifactTransform
Transforming builder-8.13.1.jar (com.android.tools.build:builder:8.13.1) with MergeInstrumentationAnalysisTransform
Transforming manifest-merger-31.13.1.jar (com.android.tools.build:manifest-merger:31.13.1) with InstrumentationAnalysisTransform
Transforming builder-8.13.1.jar (com.android.tools.build:builder:8.13.1) with ExternalDependencyInstrumentingArtifactTransform
Transforming manifest-merger-31.13.1.jar (com.android.tools.build:manifest-merger:31.13.1) with MergeInstrumentationAnalysisTransform
Transforming sdk-common-31.13.1.jar (com.android.tools:sdk-common:31.13.1) with InstrumentationAnalysisTransform
Transforming manifest-merger-31.13.1.jar (com.android.tools.build:manifest-merger:31.13.1) with ExternalDependencyInstrumentingArtifactTransform
Transforming sdk-common-31.13.1.jar (com.android.tools:sdk-common:31.13.1) with MergeInstrumentationAnalysisTransform
Transforming sdklib-31.13.1.jar (com.android.tools:sdklib:31.13.1) with InstrumentationAnalysisTransform
Transforming sdklib-31.13.1.jar (com.android.tools:sdklib:31.13.1) with MergeInstrumentationAnalysisTransform
Transforming sdk-common-31.13.1.jar (com.android.tools:sdk-common:31.13.1) with ExternalDependencyInstrumentingArtifactTransform
Transforming repository-31.13.1.jar (com.android.tools:repository:31.13.1) with InstrumentationAnalysisTransform
Transforming repository-31.13.1.jar (com.android.tools:repository:31.13.1) with MergeInstrumentationAnalysisTransform
Transforming sdklib-31.13.1.jar (com.android.tools:sdklib:31.13.1) with ExternalDependencyInstrumentingArtifactTransform
Transforming builder-test-api-8.13.1.jar (com.android.tools.build:builder-test-api:8.13.1) with InstrumentationAnalysisTransform
Transforming builder-test-api-8.13.1.jar (com.android.tools.build:builder-test-api:8.13.1) with MergeInstrumentationAnalysisTransform
Transforming ddmlib-31.13.1.jar (com.android.tools.ddms:ddmlib:31.13.1) with InstrumentationAnalysisTransform
Transforming ddmlib-31.13.1.jar (com.android.tools.ddms:ddmlib:31.13.1) with MergeInstrumentationAnalysisTransform
Transforming aaptcompiler-8.13.1.jar (com.android.tools.build:aaptcompiler:8.13.1) with InstrumentationAnalysisTransform
Transforming aaptcompiler-8.13.1.jar (com.android.tools.build:aaptcompiler:8.13.1) with MergeInstrumentationAnalysisTransform
Transforming bundletool-1.18.1.jar (com.android.tools.build:bundletool:1.18.1) with InstrumentationAnalysisTransform
Transforming builder-test-api-8.13.1.jar (com.android.tools.build:builder-test-api:8.13.1) with ExternalDependencyInstrumentingArtifactTransform
Transforming ddmlib-31.13.1.jar (com.android.tools.ddms:ddmlib:31.13.1) with ExternalDependencyInstrumentingArtifactTransform
Transforming aaptcompiler-8.13.1.jar (com.android.tools.build:aaptcompiler:8.13.1) with ExternalDependencyInstrumentingArtifactTransform
Transforming repository-31.13.1.jar (com.android.tools:repository:31.13.1) with ExternalDependencyInstrumentingArtifactTransform
Transforming bundletool-1.18.1.jar (com.android.tools.build:bundletool:1.18.1) with MergeInstrumentationAnalysisTransform
Transforming aapt2-proto-8.13.1-13719691.jar (com.android.tools.build:aapt2-proto:8.13.1-13719691) with InstrumentationAnalysisTransform
Transforming aapt2-proto-8.13.1-13719691.jar (com.android.tools.build:aapt2-proto:8.13.1-13719691) with MergeInstrumentationAnalysisTransform
Transforming bundletool-1.18.1.jar (com.android.tools.build:bundletool:1.18.1) with ExternalDependencyInstrumentingArtifactTransform
Transforming crash-31.13.1.jar (com.android.tools.analytics-library:crash:31.13.1) with InstrumentationAnalysisTransform
Transforming crash-31.13.1.jar (com.android.tools.analytics-library:crash:31.13.1) with MergeInstrumentationAnalysisTransform
Transforming tracker-31.13.1.jar (com.android.tools.analytics-library:tracker:31.13.1) with InstrumentationAnalysisTransform
Transforming tracker-31.13.1.jar (com.android.tools.analytics-library:tracker:31.13.1) with MergeInstrumentationAnalysisTransform
Transforming aapt2-proto-8.13.1-13719691.jar (com.android.tools.build:aapt2-proto:8.13.1-13719691) with ExternalDependencyInstrumentingArtifactTransform
Transforming shared-31.13.1.jar (com.android.tools.analytics-library:shared:31.13.1) with InstrumentationAnalysisTransform
Transforming shared-31.13.1.jar (com.android.tools.analytics-library:shared:31.13.1) with MergeInstrumentationAnalysisTransform
Transforming lint-typedef-remover-31.13.1.jar (com.android.tools.lint:lint-typedef-remover:31.13.1) with InstrumentationAnalysisTransform
Transforming lint-typedef-remover-31.13.1.jar (com.android.tools.lint:lint-typedef-remover:31.13.1) with MergeInstrumentationAnalysisTransform
Transforming databinding-compiler-common-8.13.1.jar (androidx.databinding:databinding-compiler-common:8.13.1) with InstrumentationAnalysisTransform
Transforming databinding-compiler-common-8.13.1.jar (androidx.databinding:databinding-compiler-common:8.13.1) with MergeInstrumentationAnalysisTransform
Transforming tracker-31.13.1.jar (com.android.tools.analytics-library:tracker:31.13.1) with ExternalDependencyInstrumentingArtifactTransform
Transforming crash-31.13.1.jar (com.android.tools.analytics-library:crash:31.13.1) with ExternalDependencyInstrumentingArtifactTransform
Transforming shared-31.13.1.jar (com.android.tools.analytics-library:shared:31.13.1) with ExternalDependencyInstrumentingArtifactTransform
Transforming lint-typedef-remover-31.13.1.jar (com.android.tools.lint:lint-typedef-remover:31.13.1) with ExternalDependencyInstrumentingArtifactTransform
Transforming databinding-common-8.13.1.jar (androidx.databinding:databinding-common:8.13.1) with InstrumentationAnalysisTransform
Transforming databinding-compiler-common-8.13.1.jar (androidx.databinding:databinding-compiler-common:8.13.1) with ExternalDependencyInstrumentingArtifactTransform
Transforming databinding-common-8.13.1.jar (androidx.databinding:databinding-common:8.13.1) with MergeInstrumentationAnalysisTransform
Transforming baseLibrary-8.13.1.jar (com.android.databinding:baseLibrary:8.13.1) with InstrumentationAnalysisTransform
Transforming baseLibrary-8.13.1.jar (com.android.databinding:baseLibrary:8.13.1) with MergeInstrumentationAnalysisTransform
Transforming layoutlib-api-31.13.1.jar (com.android.tools.layoutlib:layoutlib-api:31.13.1) with InstrumentationAnalysisTransform
Transforming databinding-common-8.13.1.jar (androidx.databinding:databinding-common:8.13.1) with ExternalDependencyInstrumentingArtifactTransform
Transforming layoutlib-api-31.13.1.jar (com.android.tools.layoutlib:layoutlib-api:31.13.1) with MergeInstrumentationAnalysisTransform
Transforming baseLibrary-8.13.1.jar (com.android.databinding:baseLibrary:8.13.1) with ExternalDependencyInstrumentingArtifactTransform
Transforming android-device-provider-ddmlib-proto-31.13.1.jar (com.android.tools.utp:android-device-provider-ddmlib-proto:31.13.1) with InstrumentationAnalysisTransform
Transforming android-device-provider-ddmlib-proto-31.13.1.jar (com.android.tools.utp:android-device-provider-ddmlib-proto:31.13.1) with MergeInstrumentationAnalysisTransform
Transforming layoutlib-api-31.13.1.jar (com.android.tools.layoutlib:layoutlib-api:31.13.1) with ExternalDependencyInstrumentingArtifactTransform
Transforming android-device-provider-profile-proto-31.13.1.jar (com.android.tools.utp:android-device-provider-profile-proto:31.13.1) with InstrumentationAnalysisTransform
Transforming android-device-provider-profile-proto-31.13.1.jar (com.android.tools.utp:android-device-provider-profile-proto:31.13.1) with MergeInstrumentationAnalysisTransform
Transforming android-test-plugin-host-additional-test-output-proto-31.13.1.jar (com.android.tools.utp:android-test-plugin-host-additional-test-output-proto:31.13.1) with InstrumentationAnalysisTransform
Transforming android-test-plugin-host-additional-test-output-proto-31.13.1.jar (com.android.tools.utp:android-test-plugin-host-additional-test-output-proto:31.13.1) with MergeInstrumentationAnalysisTransform
Transforming android-device-provider-profile-proto-31.13.1.jar (com.android.tools.utp:android-device-provider-profile-proto:31.13.1) with ExternalDependencyInstrumentingArtifactTransform
Transforming android-test-plugin-host-additional-test-output-proto-31.13.1.jar (com.android.tools.utp:android-test-plugin-host-additional-test-output-proto:31.13.1) with ExternalDependencyInstrumentingArtifactTransform
Transforming android-device-provider-ddmlib-proto-31.13.1.jar (com.android.tools.utp:android-device-provider-ddmlib-proto:31.13.1) with ExternalDependencyInstrumentingArtifactTransform
Transforming android-test-plugin-host-coverage-proto-31.13.1.jar (com.android.tools.utp:android-test-plugin-host-coverage-proto:31.13.1) with InstrumentationAnalysisTransform
Transforming android-test-plugin-host-coverage-proto-31.13.1.jar (com.android.tools.utp:android-test-plugin-host-coverage-proto:31.13.1) with MergeInstrumentationAnalysisTransform
Transforming android-test-plugin-host-emulator-control-proto-31.13.1.jar (com.android.tools.utp:android-test-plugin-host-emulator-control-proto:31.13.1) with InstrumentationAnalysisTransform
Transforming android-test-plugin-host-emulator-control-proto-31.13.1.jar (com.android.tools.utp:android-test-plugin-host-emulator-control-proto:31.13.1) with MergeInstrumentationAnalysisTransform
Transforming android-test-plugin-host-coverage-proto-31.13.1.jar (com.android.tools.utp:android-test-plugin-host-coverage-proto:31.13.1) with ExternalDependencyInstrumentingArtifactTransform
Transforming android-test-plugin-host-logcat-proto-31.13.1.jar (com.android.tools.utp:android-test-plugin-host-logcat-proto:31.13.1) with InstrumentationAnalysisTransform
Transforming android-test-plugin-host-logcat-proto-31.13.1.jar (com.android.tools.utp:android-test-plugin-host-logcat-proto:31.13.1) with MergeInstrumentationAnalysisTransform
Transforming android-test-plugin-host-emulator-control-proto-31.13.1.jar (com.android.tools.utp:android-test-plugin-host-emulator-control-proto:31.13.1) with ExternalDependencyInstrumentingArtifactTransform
Transforming android-test-plugin-host-apk-installer-proto-31.13.1.jar (com.android.tools.utp:android-test-plugin-host-apk-installer-proto:31.13.1) with InstrumentationAnalysisTransform
Transforming android-test-plugin-host-apk-installer-proto-31.13.1.jar (com.android.tools.utp:android-test-plugin-host-apk-installer-proto:31.13.1) with MergeInstrumentationAnalysisTransform
Transforming android-test-plugin-result-listener-gradle-proto-31.13.1.jar (com.android.tools.utp:android-test-plugin-result-listener-gradle-proto:31.13.1) with InstrumentationAnalysisTransform
Transforming android-test-plugin-result-listener-gradle-proto-31.13.1.jar (com.android.tools.utp:android-test-plugin-result-listener-gradle-proto:31.13.1) with MergeInstrumentationAnalysisTransform
Transforming jetifier-processor-1.0.0-beta10.jar (com.android.tools.build.jetifier:jetifier-processor:1.0.0-beta10) with InstrumentationAnalysisTransform
Transforming android-test-plugin-host-apk-installer-proto-31.13.1.jar (com.android.tools.utp:android-test-plugin-host-apk-installer-proto:31.13.1) with ExternalDependencyInstrumentingArtifactTransform
Transforming jetifier-processor-1.0.0-beta10.jar (com.android.tools.build.jetifier:jetifier-processor:1.0.0-beta10) with MergeInstrumentationAnalysisTransform
Transforming android-test-plugin-result-listener-gradle-proto-31.13.1.jar (com.android.tools.utp:android-test-plugin-result-listener-gradle-proto:31.13.1) with ExternalDependencyInstrumentingArtifactTransform
Transforming jetifier-core-1.0.0-beta10.jar (com.android.tools.build.jetifier:jetifier-core:1.0.0-beta10) with InstrumentationAnalysisTransform
Transforming android-test-plugin-host-logcat-proto-31.13.1.jar (com.android.tools.utp:android-test-plugin-host-logcat-proto:31.13.1) with ExternalDependencyInstrumentingArtifactTransform
Transforming jetifier-core-1.0.0-beta10.jar (com.android.tools.build.jetifier:jetifier-core:1.0.0-beta10) with MergeInstrumentationAnalysisTransform
Transforming jetifier-processor-1.0.0-beta10.jar (com.android.tools.build.jetifier:jetifier-processor:1.0.0-beta10) with ExternalDependencyInstrumentingArtifactTransform
Transforming builder-model-8.13.1.jar (com.android.tools.build:builder-model:8.13.1) with InstrumentationAnalysisTransform
Transforming builder-model-8.13.1.jar (com.android.tools.build:builder-model:8.13.1) with MergeInstrumentationAnalysisTransform
Transforming kotlin-reflect-1.9.0.jar (org.jetbrains.kotlin:kotlin-reflect:1.9.0) with InstrumentationAnalysisTransform
Transforming jetifier-core-1.0.0-beta10.jar (com.android.tools.build.jetifier:jetifier-core:1.0.0-beta10) with ExternalDependencyInstrumentingArtifactTransform
Transforming kotlin-reflect-1.9.0.jar (org.jetbrains.kotlin:kotlin-reflect:1.9.0) with MergeInstrumentationAnalysisTransform
Transforming dvlib-31.13.1.jar (com.android.tools:dvlib:31.13.1) with InstrumentationAnalysisTransform
Transforming builder-model-8.13.1.jar (com.android.tools.build:builder-model:8.13.1) with ExternalDependencyInstrumentingArtifactTransform
Transforming dvlib-31.13.1.jar (com.android.tools:dvlib:31.13.1) with MergeInstrumentationAnalysisTransform
Transforming kotlin-reflect-1.9.0.jar (org.jetbrains.kotlin:kotlin-reflect:1.9.0) with ExternalDependencyInstrumentingArtifactTransform
Transforming common-31.13.1.jar (com.android.tools:common:31.13.1) with InstrumentationAnalysisTransform
Transforming common-31.13.1.jar (com.android.tools:common:31.13.1) with MergeInstrumentationAnalysisTransform
Transforming dvlib-31.13.1.jar (com.android.tools:dvlib:31.13.1) with ExternalDependencyInstrumentingArtifactTransform
Transforming kotlin-stdlib-jdk8-1.9.0.jar (org.jetbrains.kotlin:kotlin-stdlib-jdk8:1.9.0) with InstrumentationAnalysisTransform
Transforming kotlin-stdlib-jdk8-1.9.0.jar (org.jetbrains.kotlin:kotlin-stdlib-jdk8:1.9.0) with MergeInstrumentationAnalysisTransform
Transforming common-31.13.1.jar (com.android.tools:common:31.13.1) with ExternalDependencyInstrumentingArtifactTransform
Transforming kotlin-stdlib-jdk7-1.9.0.jar (org.jetbrains.kotlin:kotlin-stdlib-jdk7:1.9.0) with InstrumentationAnalysisTransform
Transforming kotlin-stdlib-jdk7-1.9.0.jar (org.jetbrains.kotlin:kotlin-stdlib-jdk7:1.9.0) with MergeInstrumentationAnalysisTransform
Transforming kotlin-stdlib-jdk8-1.9.0.jar (org.jetbrains.kotlin:kotlin-stdlib-jdk8:1.9.0) with ExternalDependencyInstrumentingArtifactTransform
Transforming kotlinx-coroutines-core-jvm-1.9.0.jar (org.jetbrains.kotlinx:kotlinx-coroutines-core-jvm:1.9.0) with InstrumentationAnalysisTransform
Transforming kotlinx-coroutines-core-jvm-1.9.0.jar (org.jetbrains.kotlinx:kotlinx-coroutines-core-jvm:1.9.0) with MergeInstrumentationAnalysisTransform
Transforming kotlin-stdlib-jdk7-1.9.0.jar (org.jetbrains.kotlin:kotlin-stdlib-jdk7:1.9.0) with ExternalDependencyInstrumentingArtifactTransform
Transforming kotlin-stdlib-1.9.0.jar (org.jetbrains.kotlin:kotlin-stdlib:1.9.0) with InstrumentationAnalysisTransform
Transforming kotlin-stdlib-1.9.0.jar (org.jetbrains.kotlin:kotlin-stdlib:1.9.0) with MergeInstrumentationAnalysisTransform
Transforming transform-api-2.0.0-deprecated-use-gradle-api.jar (com.android.tools.build:transform-api:2.0.0-deprecated-use-gradle-api) with InstrumentationAnalysisTransform
Transforming kotlinx-coroutines-core-jvm-1.9.0.jar (org.jetbrains.kotlinx:kotlinx-coroutines-core-jvm:1.9.0) with ExternalDependencyInstrumentingArtifactTransform
Transforming transform-api-2.0.0-deprecated-use-gradle-api.jar (com.android.tools.build:transform-api:2.0.0-deprecated-use-gradle-api) with MergeInstrumentationAnalysisTransform
Transforming httpmime-4.5.6.jar (org.apache.httpcomponents:httpmime:4.5.6) with InstrumentationAnalysisTransform
Transforming httpmime-4.5.6.jar (org.apache.httpcomponents:httpmime:4.5.6) with MergeInstrumentationAnalysisTransform
Transforming commons-io-2.16.1.jar (commons-io:commons-io:2.16.1) with InstrumentationAnalysisTransform
Transforming kotlin-stdlib-1.9.0.jar (org.jetbrains.kotlin:kotlin-stdlib:1.9.0) with ExternalDependencyInstrumentingArtifactTransform
Transforming commons-io-2.16.1.jar (commons-io:commons-io:2.16.1) with MergeInstrumentationAnalysisTransform
Transforming asm-commons-9.8.jar (org.ow2.asm:asm-commons:9.8) with InstrumentationAnalysisTransform
Transforming asm-commons-9.8.jar (org.ow2.asm:asm-commons:9.8) with MergeInstrumentationAnalysisTransform
Transforming asm-util-9.8.jar (org.ow2.asm:asm-util:9.8) with InstrumentationAnalysisTransform
Transforming httpmime-4.5.6.jar (org.apache.httpcomponents:httpmime:4.5.6) with ExternalDependencyInstrumentingArtifactTransform
Transforming asm-util-9.8.jar (org.ow2.asm:asm-util:9.8) with MergeInstrumentationAnalysisTransform
Transforming asm-commons-9.8.jar (org.ow2.asm:asm-commons:9.8) with ExternalDependencyInstrumentingArtifactTransform
Transforming asm-analysis-9.8.jar (org.ow2.asm:asm-analysis:9.8) with InstrumentationAnalysisTransform
Transforming transform-api-2.0.0-deprecated-use-gradle-api.jar (com.android.tools.build:transform-api:2.0.0-deprecated-use-gradle-api) with ExternalDependencyInstrumentingArtifactTransform
Transforming asm-analysis-9.8.jar (org.ow2.asm:asm-analysis:9.8) with MergeInstrumentationAnalysisTransform
Transforming commons-io-2.16.1.jar (commons-io:commons-io:2.16.1) with ExternalDependencyInstrumentingArtifactTransform
Transforming asm-tree-9.8.jar (org.ow2.asm:asm-tree:9.8) with InstrumentationAnalysisTransform
Transforming asm-tree-9.8.jar (org.ow2.asm:asm-tree:9.8) with MergeInstrumentationAnalysisTransform
Transforming asm-analysis-9.8.jar (org.ow2.asm:asm-analysis:9.8) with ExternalDependencyInstrumentingArtifactTransform
Transforming asm-util-9.8.jar (org.ow2.asm:asm-util:9.8) with ExternalDependencyInstrumentingArtifactTransform
Transforming asm-tree-9.8.jar (org.ow2.asm:asm-tree:9.8) with ExternalDependencyInstrumentingArtifactTransform
Transforming asm-9.8.jar (org.ow2.asm:asm:9.8) with InstrumentationAnalysisTransform
Transforming asm-9.8.jar (org.ow2.asm:asm:9.8) with MergeInstrumentationAnalysisTransform
Transforming apkzlib-8.13.1.jar (com.android.tools.build:apkzlib:8.13.1) with InstrumentationAnalysisTransform
Transforming apkzlib-8.13.1.jar (com.android.tools.build:apkzlib:8.13.1) with MergeInstrumentationAnalysisTransform
Transforming bcpkix-jdk18on-1.79.jar (org.bouncycastle:bcpkix-jdk18on:1.79) with InstrumentationAnalysisTransform
Transforming asm-9.8.jar (org.ow2.asm:asm:9.8) with ExternalDependencyInstrumentingArtifactTransform
Transforming bcpkix-jdk18on-1.79.jar (org.bouncycastle:bcpkix-jdk18on:1.79) with MergeInstrumentationAnalysisTransform
Transforming jaxb-runtime-2.3.2.jar (org.glassfish.jaxb:jaxb-runtime:2.3.2) with InstrumentationAnalysisTransform
Transforming jaxb-runtime-2.3.2.jar (org.glassfish.jaxb:jaxb-runtime:2.3.2) with MergeInstrumentationAnalysisTransform
Transforming jopt-simple-4.9.jar (net.sf.jopt-simple:jopt-simple:4.9) with InstrumentationAnalysisTransform
Transforming apkzlib-8.13.1.jar (com.android.tools.build:apkzlib:8.13.1) with ExternalDependencyInstrumentingArtifactTransform
Transforming jopt-simple-4.9.jar (net.sf.jopt-simple:jopt-simple:4.9) with MergeInstrumentationAnalysisTransform
Transforming javapoet-1.10.0.jar (com.squareup:javapoet:1.10.0) with InstrumentationAnalysisTransform
Transforming javapoet-1.10.0.jar (com.squareup:javapoet:1.10.0) with MergeInstrumentationAnalysisTransform
Transforming protobuf-java-util-3.25.5.jar (com.google.protobuf:protobuf-java-util:3.25.5) with InstrumentationAnalysisTransform
Transforming bcpkix-jdk18on-1.79.jar (org.bouncycastle:bcpkix-jdk18on:1.79) with ExternalDependencyInstrumentingArtifactTransform
Transforming protobuf-java-util-3.25.5.jar (com.google.protobuf:protobuf-java-util:3.25.5) with MergeInstrumentationAnalysisTransform
Transforming grpc-protobuf-1.69.1.jar (io.grpc:grpc-protobuf:1.69.1) with InstrumentationAnalysisTransform
Transforming grpc-protobuf-1.69.1.jar (io.grpc:grpc-protobuf:1.69.1) with MergeInstrumentationAnalysisTransform
Transforming tink-1.7.0.jar (com.google.crypto.tink:tink:1.7.0) with InstrumentationAnalysisTransform
Transforming jaxb-runtime-2.3.2.jar (org.glassfish.jaxb:jaxb-runtime:2.3.2) with ExternalDependencyInstrumentingArtifactTransform
Transforming jopt-simple-4.9.jar (net.sf.jopt-simple:jopt-simple:4.9) with ExternalDependencyInstrumentingArtifactTransform
Transforming protobuf-java-util-3.25.5.jar (com.google.protobuf:protobuf-java-util:3.25.5) with ExternalDependencyInstrumentingArtifactTransform
Transforming grpc-protobuf-1.69.1.jar (io.grpc:grpc-protobuf:1.69.1) with ExternalDependencyInstrumentingArtifactTransform
Transforming tink-1.7.0.jar (com.google.crypto.tink:tink:1.7.0) with MergeInstrumentationAnalysisTransform
Transforming javapoet-1.10.0.jar (com.squareup:javapoet:1.10.0) with ExternalDependencyInstrumentingArtifactTransform
Transforming core-proto-0.0.9-alpha03.jar (com.google.testing.platform:core-proto:0.0.9-alpha03) with InstrumentationAnalysisTransform
Transforming core-proto-0.0.9-alpha03.jar (com.google.testing.platform:core-proto:0.0.9-alpha03) with MergeInstrumentationAnalysisTransform
Transforming protos-31.13.1.jar (com.android.tools.analytics-library:protos:31.13.1) with InstrumentationAnalysisTransform
Transforming protos-31.13.1.jar (com.android.tools.analytics-library:protos:31.13.1) with MergeInstrumentationAnalysisTransform
Transforming core-proto-0.0.9-alpha03.jar (com.google.testing.platform:core-proto:0.0.9-alpha03) with ExternalDependencyInstrumentingArtifactTransform
Transforming proto-google-common-protos-2.48.0.jar (com.google.api.grpc:proto-google-common-protos:2.48.0) with InstrumentationAnalysisTransform
Transforming proto-google-common-protos-2.48.0.jar (com.google.api.grpc:proto-google-common-protos:2.48.0) with MergeInstrumentationAnalysisTransform
Transforming protobuf-java-3.25.5.jar (com.google.protobuf:protobuf-java:3.25.5) with InstrumentationAnalysisTransform
Transforming protobuf-java-3.25.5.jar (com.google.protobuf:protobuf-java:3.25.5) with MergeInstrumentationAnalysisTransform
Transforming grpc-netty-1.69.1.jar (io.grpc:grpc-netty:1.69.1) with InstrumentationAnalysisTransform
Transforming proto-google-common-protos-2.48.0.jar (com.google.api.grpc:proto-google-common-protos:2.48.0) with ExternalDependencyInstrumentingArtifactTransform
Transforming grpc-netty-1.69.1.jar (io.grpc:grpc-netty:1.69.1) with MergeInstrumentationAnalysisTransform
Transforming grpc-inprocess-1.69.1.jar (io.grpc:grpc-inprocess:1.69.1) with InstrumentationAnalysisTransform
Transforming grpc-inprocess-1.69.1.jar (io.grpc:grpc-inprocess:1.69.1) with MergeInstrumentationAnalysisTransform
Transforming grpc-util-1.69.1.jar (io.grpc:grpc-util:1.69.1) with InstrumentationAnalysisTransform
Transforming protobuf-java-3.25.5.jar (com.google.protobuf:protobuf-java:3.25.5) with ExternalDependencyInstrumentingArtifactTransform
Transforming grpc-util-1.69.1.jar (io.grpc:grpc-util:1.69.1) with MergeInstrumentationAnalysisTransform
Transforming grpc-core-1.69.1.jar (io.grpc:grpc-core:1.69.1) with InstrumentationAnalysisTransform
Transforming grpc-core-1.69.1.jar (io.grpc:grpc-core:1.69.1) with MergeInstrumentationAnalysisTransform
Transforming gson-2.11.0.jar (com.google.code.gson:gson:2.11.0) with InstrumentationAnalysisTransform
Transforming grpc-netty-1.69.1.jar (io.grpc:grpc-netty:1.69.1) with ExternalDependencyInstrumentingArtifactTransform
Transforming gson-2.11.0.jar (com.google.code.gson:gson:2.11.0) with MergeInstrumentationAnalysisTransform
Transforming grpc-stub-1.69.1.jar (io.grpc:grpc-stub:1.69.1) with InstrumentationAnalysisTransform
Transforming grpc-stub-1.69.1.jar (io.grpc:grpc-stub:1.69.1) with MergeInstrumentationAnalysisTransform
Transforming tensorflow-lite-metadata-0.2.0.jar (org.tensorflow:tensorflow-lite-metadata:0.2.0) with InstrumentationAnalysisTransform
Transforming grpc-inprocess-1.69.1.jar (io.grpc:grpc-inprocess:1.69.1) with ExternalDependencyInstrumentingArtifactTransform
Transforming tensorflow-lite-metadata-0.2.0.jar (org.tensorflow:tensorflow-lite-metadata:0.2.0) with MergeInstrumentationAnalysisTransform
Transforming flatbuffers-java-1.12.0.jar (com.google.flatbuffers:flatbuffers-java:1.12.0) with InstrumentationAnalysisTransform
Transforming flatbuffers-java-1.12.0.jar (com.google.flatbuffers:flatbuffers-java:1.12.0) with MergeInstrumentationAnalysisTransform
Transforming grpc-util-1.69.1.jar (io.grpc:grpc-util:1.69.1) with ExternalDependencyInstrumentingArtifactTransform
Transforming jimfs-1.1.jar (com.google.jimfs:jimfs:1.1) with InstrumentationAnalysisTransform
Transforming jimfs-1.1.jar (com.google.jimfs:jimfs:1.1) with MergeInstrumentationAnalysisTransform
Transforming grpc-context-1.69.1.jar (io.grpc:grpc-context:1.69.1) with InstrumentationAnalysisTransform
Transforming grpc-context-1.69.1.jar (io.grpc:grpc-context:1.69.1) with MergeInstrumentationAnalysisTransform
Transforming grpc-protobuf-lite-1.69.1.jar (io.grpc:grpc-protobuf-lite:1.69.1) with InstrumentationAnalysisTransform
Transforming grpc-protobuf-lite-1.69.1.jar (io.grpc:grpc-protobuf-lite:1.69.1) with MergeInstrumentationAnalysisTransform
Transforming grpc-api-1.69.1.jar (io.grpc:grpc-api:1.69.1) with InstrumentationAnalysisTransform
Transforming grpc-api-1.69.1.jar (io.grpc:grpc-api:1.69.1) with MergeInstrumentationAnalysisTransform
Transforming grpc-core-1.69.1.jar (io.grpc:grpc-core:1.69.1) with ExternalDependencyInstrumentingArtifactTransform
Transforming guava-33.3.1-jre.jar (com.google.guava:guava:33.3.1-jre) with InstrumentationAnalysisTransform
Transforming guava-33.3.1-jre.jar (com.google.guava:guava:33.3.1-jre) with MergeInstrumentationAnalysisTransform
Transforming dagger-2.28.3.jar (com.google.dagger:dagger:2.28.3) with InstrumentationAnalysisTransform
Transforming gson-2.11.0.jar (com.google.code.gson:gson:2.11.0) with ExternalDependencyInstrumentingArtifactTransform
Transforming dagger-2.28.3.jar (com.google.dagger:dagger:2.28.3) with MergeInstrumentationAnalysisTransform
Transforming javax.inject-1.jar (javax.inject:javax.inject:1) with InstrumentationAnalysisTransform
Transforming javax.inject-1.jar (javax.inject:javax.inject:1) with MergeInstrumentationAnalysisTransform
Transforming kxml2-2.3.0.jar (net.sf.kxml:kxml2:2.3.0) with InstrumentationAnalysisTransform
Transforming grpc-stub-1.69.1.jar (io.grpc:grpc-stub:1.69.1) with ExternalDependencyInstrumentingArtifactTransform
Transforming kxml2-2.3.0.jar (net.sf.kxml:kxml2:2.3.0) with MergeInstrumentationAnalysisTransform
Transforming commons-compress-1.21.jar (org.apache.commons:commons-compress:1.21) with InstrumentationAnalysisTransform
Transforming commons-compress-1.21.jar (org.apache.commons:commons-compress:1.21) with MergeInstrumentationAnalysisTransform
Transforming bcutil-jdk18on-1.79.jar (org.bouncycastle:bcutil-jdk18on:1.79) with InstrumentationAnalysisTransform
Transforming tensorflow-lite-metadata-0.2.0.jar (org.tensorflow:tensorflow-lite-metadata:0.2.0) with ExternalDependencyInstrumentingArtifactTransform
Transforming grpc-api-1.69.1.jar (io.grpc:grpc-api:1.69.1) with ExternalDependencyInstrumentingArtifactTransform
Transforming guava-33.3.1-jre.jar (com.google.guava:guava:33.3.1-jre) with ExternalDependencyInstrumentingArtifactTransform
Transforming dagger-2.28.3.jar (com.google.dagger:dagger:2.28.3) with ExternalDependencyInstrumentingArtifactTransform
Transforming javax.inject-1.jar (javax.inject:javax.inject:1) with ExternalDependencyInstrumentingArtifactTransform
Transforming kxml2-2.3.0.jar (net.sf.kxml:kxml2:2.3.0) with ExternalDependencyInstrumentingArtifactTransform
Transforming commons-compress-1.21.jar (org.apache.commons:commons-compress:1.21) with ExternalDependencyInstrumentingArtifactTransform
Transforming jimfs-1.1.jar (com.google.jimfs:jimfs:1.1) with ExternalDependencyInstrumentingArtifactTransform
Transforming grpc-context-1.69.1.jar (io.grpc:grpc-context:1.69.1) with ExternalDependencyInstrumentingArtifactTransform
Transforming grpc-protobuf-lite-1.69.1.jar (io.grpc:grpc-protobuf-lite:1.69.1) with ExternalDependencyInstrumentingArtifactTransform
Transforming flatbuffers-java-1.12.0.jar (com.google.flatbuffers:flatbuffers-java:1.12.0) with ExternalDependencyInstrumentingArtifactTransform
Transforming protos-31.13.1.jar (com.android.tools.analytics-library:protos:31.13.1) with ExternalDependencyInstrumentingArtifactTransform
Transforming tink-1.7.0.jar (com.google.crypto.tink:tink:1.7.0) with ExternalDependencyInstrumentingArtifactTransform
Transforming bcutil-jdk18on-1.79.jar (org.bouncycastle:bcutil-jdk18on:1.79) with MergeInstrumentationAnalysisTransform
Transforming bcprov-jdk18on-1.79.jar (org.bouncycastle:bcprov-jdk18on:1.79) with InstrumentationAnalysisTransform
Transforming bcprov-jdk18on-1.79.jar (org.bouncycastle:bcprov-jdk18on:1.79) with MergeInstrumentationAnalysisTransform
Transforming httpclient-4.5.14.jar (org.apache.httpcomponents:httpclient:4.5.14) with InstrumentationAnalysisTransform
Transforming httpclient-4.5.14.jar (org.apache.httpcomponents:httpclient:4.5.14) with MergeInstrumentationAnalysisTransform
Transforming bcutil-jdk18on-1.79.jar (org.bouncycastle:bcutil-jdk18on:1.79) with ExternalDependencyInstrumentingArtifactTransform
Transforming httpcore-4.4.16.jar (org.apache.httpcomponents:httpcore:4.4.16) with InstrumentationAnalysisTransform
Transforming httpclient-4.5.14.jar (org.apache.httpcomponents:httpclient:4.5.14) with ExternalDependencyInstrumentingArtifactTransform
Transforming bcprov-jdk18on-1.79.jar (org.bouncycastle:bcprov-jdk18on:1.79) with ExternalDependencyInstrumentingArtifactTransform
Transforming httpcore-4.4.16.jar (org.apache.httpcomponents:httpcore:4.4.16) with MergeInstrumentationAnalysisTransform
Transforming javax.activation-1.2.0.jar (com.sun.activation:javax.activation:1.2.0) with InstrumentationAnalysisTransform
Transforming javax.activation-1.2.0.jar (com.sun.activation:javax.activation:1.2.0) with MergeInstrumentationAnalysisTransform
Transforming annotations-23.0.0.jar (org.jetbrains:annotations:23.0.0) with InstrumentationAnalysisTransform
Transforming httpcore-4.4.16.jar (org.apache.httpcomponents:httpcore:4.4.16) with ExternalDependencyInstrumentingArtifactTransform
Transforming annotations-23.0.0.jar (org.jetbrains:annotations:23.0.0) with MergeInstrumentationAnalysisTransform
Transforming signflinger-8.13.1.jar (com.android:signflinger:8.13.1) with InstrumentationAnalysisTransform
Transforming signflinger-8.13.1.jar (com.android:signflinger:8.13.1) with MergeInstrumentationAnalysisTransform
Transforming zipflinger-8.13.1.jar (com.android:zipflinger:8.13.1) with InstrumentationAnalysisTransform
Transforming zipflinger-8.13.1.jar (com.android:zipflinger:8.13.1) with MergeInstrumentationAnalysisTransform
Transforming annotations-31.13.1.jar (com.android.tools:annotations:31.13.1) with InstrumentationAnalysisTransform
Transforming annotations-23.0.0.jar (org.jetbrains:annotations:23.0.0) with ExternalDependencyInstrumentingArtifactTransform
Transforming annotations-31.13.1.jar (com.android.tools:annotations:31.13.1) with MergeInstrumentationAnalysisTransform
Transforming jna-platform-5.6.0.jar (net.java.dev.jna:jna-platform:5.6.0) with InstrumentationAnalysisTransform
Transforming jna-platform-5.6.0.jar (net.java.dev.jna:jna-platform:5.6.0) with MergeInstrumentationAnalysisTransform
Transforming juniversalchardet-1.0.3.jar (com.googlecode.juniversalchardet:juniversalchardet:1.0.3) with InstrumentationAnalysisTransform
Transforming signflinger-8.13.1.jar (com.android:signflinger:8.13.1) with ExternalDependencyInstrumentingArtifactTransform
Transforming juniversalchardet-1.0.3.jar (com.googlecode.juniversalchardet:juniversalchardet:1.0.3) with MergeInstrumentationAnalysisTransform
Transforming javax.annotation-api-1.3.2.jar (javax.annotation:javax.annotation-api:1.3.2) with InstrumentationAnalysisTransform
Transforming javax.annotation-api-1.3.2.jar (javax.annotation:javax.annotation-api:1.3.2) with MergeInstrumentationAnalysisTransform
Transforming kotlin-stdlib-common-1.9.0.jar (org.jetbrains.kotlin:kotlin-stdlib-common:1.9.0) with InstrumentationAnalysisTransform
Transforming kotlin-stdlib-common-1.9.0.jar (org.jetbrains.kotlin:kotlin-stdlib-common:1.9.0) with MergeInstrumentationAnalysisTransform
Transforming stax-ex-1.8.1.jar (org.jvnet.staxex:stax-ex:1.8.1) with InstrumentationAnalysisTransform
Transforming stax-ex-1.8.1.jar (org.jvnet.staxex:stax-ex:1.8.1) with MergeInstrumentationAnalysisTransform
Transforming jna-platform-5.6.0.jar (net.java.dev.jna:jna-platform:5.6.0) with ExternalDependencyInstrumentingArtifactTransform
Transforming juniversalchardet-1.0.3.jar (com.googlecode.juniversalchardet:juniversalchardet:1.0.3) with ExternalDependencyInstrumentingArtifactTransform
Transforming javax.activation-1.2.0.jar (com.sun.activation:javax.activation:1.2.0) with ExternalDependencyInstrumentingArtifactTransform
Transforming kotlin-stdlib-common-1.9.0.jar (org.jetbrains.kotlin:kotlin-stdlib-common:1.9.0) with ExternalDependencyInstrumentingArtifactTransform
Transforming stax-ex-1.8.1.jar (org.jvnet.staxex:stax-ex:1.8.1) with ExternalDependencyInstrumentingArtifactTransform
Transforming jakarta.xml.bind-api-2.3.2.jar (jakarta.xml.bind:jakarta.xml.bind-api:2.3.2) with InstrumentationAnalysisTransform
Transforming annotations-31.13.1.jar (com.android.tools:annotations:31.13.1) with ExternalDependencyInstrumentingArtifactTransform
Transforming jakarta.xml.bind-api-2.3.2.jar (jakarta.xml.bind:jakarta.xml.bind-api:2.3.2) with MergeInstrumentationAnalysisTransform
Transforming txw2-2.3.2.jar (org.glassfish.jaxb:txw2:2.3.2) with InstrumentationAnalysisTransform
Transforming txw2-2.3.2.jar (org.glassfish.jaxb:txw2:2.3.2) with MergeInstrumentationAnalysisTransform
Transforming istack-commons-runtime-3.0.8.jar (com.sun.istack:istack-commons-runtime:3.0.8) with InstrumentationAnalysisTransform
Transforming istack-commons-runtime-3.0.8.jar (com.sun.istack:istack-commons-runtime:3.0.8) with MergeInstrumentationAnalysisTransform
Transforming FastInfoset-1.2.16.jar (com.sun.xml.fastinfoset:FastInfoset:1.2.16) with InstrumentationAnalysisTransform
Transforming FastInfoset-1.2.16.jar (com.sun.xml.fastinfoset:FastInfoset:1.2.16) with MergeInstrumentationAnalysisTransform
Transforming jakarta.activation-api-1.2.1.jar (jakarta.activation:jakarta.activation-api:1.2.1) with InstrumentationAnalysisTransform
Transforming zipflinger-8.13.1.jar (com.android:zipflinger:8.13.1) with ExternalDependencyInstrumentingArtifactTransform
Transforming jakarta.activation-api-1.2.1.jar (jakarta.activation:jakarta.activation-api:1.2.1) with MergeInstrumentationAnalysisTransform
Transforming FastInfoset-1.2.16.jar (com.sun.xml.fastinfoset:FastInfoset:1.2.16) with ExternalDependencyInstrumentingArtifactTransform
Transforming jakarta.activation-api-1.2.1.jar (jakarta.activation:jakarta.activation-api:1.2.1) with ExternalDependencyInstrumentingArtifactTransform
Transforming txw2-2.3.2.jar (org.glassfish.jaxb:txw2:2.3.2) with ExternalDependencyInstrumentingArtifactTransform
Transforming istack-commons-runtime-3.0.8.jar (com.sun.istack:istack-commons-runtime:3.0.8) with ExternalDependencyInstrumentingArtifactTransform
Transforming jakarta.xml.bind-api-2.3.2.jar (jakarta.xml.bind:jakarta.xml.bind-api:2.3.2) with ExternalDependencyInstrumentingArtifactTransform
Transforming javax.annotation-api-1.3.2.jar (javax.annotation:javax.annotation-api:1.3.2) with ExternalDependencyInstrumentingArtifactTransform
Transforming auto-value-annotations-1.6.2.jar (com.google.auto.value:auto-value-annotations:1.6.2) with InstrumentationAnalysisTransform
Transforming auto-value-annotations-1.6.2.jar (com.google.auto.value:auto-value-annotations:1.6.2) with MergeInstrumentationAnalysisTransform
Transforming error_prone_annotations-2.30.0.jar (com.google.errorprone:error_prone_annotations:2.30.0) with InstrumentationAnalysisTransform
Transforming error_prone_annotations-2.30.0.jar (com.google.errorprone:error_prone_annotations:2.30.0) with MergeInstrumentationAnalysisTransform
Transforming jose4j-0.9.5.jar (org.bitbucket.b_c:jose4j:0.9.5) with InstrumentationAnalysisTransform
Transforming jose4j-0.9.5.jar (org.bitbucket.b_c:jose4j:0.9.5) with MergeInstrumentationAnalysisTransform
Transforming slf4j-api-1.7.30.jar (org.slf4j:slf4j-api:1.7.30) with InstrumentationAnalysisTransform
Transforming slf4j-api-1.7.30.jar (org.slf4j:slf4j-api:1.7.30) with MergeInstrumentationAnalysisTransform
Transforming jdom2-2.0.6.jar (org.jdom:jdom2:2.0.6) with InstrumentationAnalysisTransform
Transforming jdom2-2.0.6.jar (org.jdom:jdom2:2.0.6) with MergeInstrumentationAnalysisTransform
Transforming jsr305-3.0.2.jar (com.google.code.findbugs:jsr305:3.0.2) with InstrumentationAnalysisTransform
Transforming jsr305-3.0.2.jar (com.google.code.findbugs:jsr305:3.0.2) with MergeInstrumentationAnalysisTransform
Transforming j2objc-annotations-3.0.0.jar (com.google.j2objc:j2objc-annotations:3.0.0) with InstrumentationAnalysisTransform
Transforming j2objc-annotations-3.0.0.jar (com.google.j2objc:j2objc-annotations:3.0.0) with MergeInstrumentationAnalysisTransform
Transforming annotations-4.1.1.4.jar (com.google.android:annotations:4.1.1.4) with InstrumentationAnalysisTransform
Transforming annotations-4.1.1.4.jar (com.google.android:annotations:4.1.1.4) with MergeInstrumentationAnalysisTransform
Transforming animal-sniffer-annotations-1.24.jar (org.codehaus.mojo:animal-sniffer-annotations:1.24) with InstrumentationAnalysisTransform
Transforming animal-sniffer-annotations-1.24.jar (org.codehaus.mojo:animal-sniffer-annotations:1.24) with MergeInstrumentationAnalysisTransform
Transforming perfmark-api-0.27.0.jar (io.perfmark:perfmark-api:0.27.0) with InstrumentationAnalysisTransform
Transforming perfmark-api-0.27.0.jar (io.perfmark:perfmark-api:0.27.0) with MergeInstrumentationAnalysisTransform
Transforming netty-codec-http2-4.1.110.Final.jar (io.netty:netty-codec-http2:4.1.110.Final) with InstrumentationAnalysisTransform
Transforming netty-codec-http2-4.1.110.Final.jar (io.netty:netty-codec-http2:4.1.110.Final) with MergeInstrumentationAnalysisTransform
Transforming netty-handler-proxy-4.1.110.Final.jar (io.netty:netty-handler-proxy:4.1.110.Final) with InstrumentationAnalysisTransform
Transforming netty-handler-proxy-4.1.110.Final.jar (io.netty:netty-handler-proxy:4.1.110.Final) with MergeInstrumentationAnalysisTransform
Transforming netty-codec-http-4.1.110.Final.jar (io.netty:netty-codec-http:4.1.110.Final) with InstrumentationAnalysisTransform
Transforming netty-codec-http-4.1.110.Final.jar (io.netty:netty-codec-http:4.1.110.Final) with MergeInstrumentationAnalysisTransform
Transforming netty-handler-4.1.110.Final.jar (io.netty:netty-handler:4.1.110.Final) with InstrumentationAnalysisTransform
Transforming netty-handler-4.1.110.Final.jar (io.netty:netty-handler:4.1.110.Final) with MergeInstrumentationAnalysisTransform
Transforming netty-transport-native-unix-common-4.1.110.Final.jar (io.netty:netty-transport-native-unix-common:4.1.110.Final) with InstrumentationAnalysisTransform
Transforming netty-transport-native-unix-common-4.1.110.Final.jar (io.netty:netty-transport-native-unix-common:4.1.110.Final) with MergeInstrumentationAnalysisTransform
Transforming checker-qual-3.43.0.jar (org.checkerframework:checker-qual:3.43.0) with InstrumentationAnalysisTransform
Transforming checker-qual-3.43.0.jar (org.checkerframework:checker-qual:3.43.0) with MergeInstrumentationAnalysisTransform
Transforming apksig-8.13.1.jar (com.android.tools.build:apksig:8.13.1) with InstrumentationAnalysisTransform
Transforming apksig-8.13.1.jar (com.android.tools.build:apksig:8.13.1) with MergeInstrumentationAnalysisTransform
Transforming javawriter-2.5.0.jar (com.squareup:javawriter:2.5.0) with InstrumentationAnalysisTransform
Transforming error_prone_annotations-2.30.0.jar (com.google.errorprone:error_prone_annotations:2.30.0) with ExternalDependencyInstrumentingArtifactTransform
Transforming javawriter-2.5.0.jar (com.squareup:javawriter:2.5.0) with MergeInstrumentationAnalysisTransform
Transforming auto-value-annotations-1.6.2.jar (com.google.auto.value:auto-value-annotations:1.6.2) with ExternalDependencyInstrumentingArtifactTransform
Transforming jose4j-0.9.5.jar (org.bitbucket.b_c:jose4j:0.9.5) with ExternalDependencyInstrumentingArtifactTransform
Transforming slf4j-api-1.7.30.jar (org.slf4j:slf4j-api:1.7.30) with ExternalDependencyInstrumentingArtifactTransform
Transforming jdom2-2.0.6.jar (org.jdom:jdom2:2.0.6) with ExternalDependencyInstrumentingArtifactTransform
Transforming jsr305-3.0.2.jar (com.google.code.findbugs:jsr305:3.0.2) with ExternalDependencyInstrumentingArtifactTransform
Transforming j2objc-annotations-3.0.0.jar (com.google.j2objc:j2objc-annotations:3.0.0) with ExternalDependencyInstrumentingArtifactTransform
Transforming annotations-4.1.1.4.jar (com.google.android:annotations:4.1.1.4) with ExternalDependencyInstrumentingArtifactTransform
Transforming animal-sniffer-annotations-1.24.jar (org.codehaus.mojo:animal-sniffer-annotations:1.24) with ExternalDependencyInstrumentingArtifactTransform
Transforming perfmark-api-0.27.0.jar (io.perfmark:perfmark-api:0.27.0) with ExternalDependencyInstrumentingArtifactTransform
Transforming netty-codec-http2-4.1.110.Final.jar (io.netty:netty-codec-http2:4.1.110.Final) with ExternalDependencyInstrumentingArtifactTransform
Transforming netty-codec-http-4.1.110.Final.jar (io.netty:netty-codec-http:4.1.110.Final) with ExternalDependencyInstrumentingArtifactTransform
Transforming netty-handler-4.1.110.Final.jar (io.netty:netty-handler:4.1.110.Final) with ExternalDependencyInstrumentingArtifactTransform
Transforming failureaccess-1.0.2.jar (com.google.guava:failureaccess:1.0.2) with InstrumentationAnalysisTransform
Transforming failureaccess-1.0.2.jar (com.google.guava:failureaccess:1.0.2) with MergeInstrumentationAnalysisTransform
Transforming listenablefuture-9999.0-empty-to-avoid-conflict-with-guava.jar (com.google.guava:listenablefuture:9999.0-empty-to-avoid-conflict-with-guava) with InstrumentationAnalysisTransform
Transforming listenablefuture-9999.0-empty-to-avoid-conflict-with-guava.jar (com.google.guava:listenablefuture:9999.0-empty-to-avoid-conflict-with-guava) with MergeInstrumentationAnalysisTransform
Transforming commons-logging-1.2.jar (commons-logging:commons-logging:1.2) with InstrumentationAnalysisTransform
Transforming commons-logging-1.2.jar (commons-logging:commons-logging:1.2) with MergeInstrumentationAnalysisTransform
Transforming commons-codec-1.11.jar (commons-codec:commons-codec:1.11) with InstrumentationAnalysisTransform
Transforming commons-codec-1.11.jar (commons-codec:commons-codec:1.11) with MergeInstrumentationAnalysisTransform
Transforming jna-5.6.0.jar (net.java.dev.jna:jna:5.6.0) with InstrumentationAnalysisTransform
Transforming jna-5.6.0.jar (net.java.dev.jna:jna:5.6.0) with MergeInstrumentationAnalysisTransform
Transforming netty-codec-socks-4.1.110.Final.jar (io.netty:netty-codec-socks:4.1.110.Final) with InstrumentationAnalysisTransform
Transforming netty-codec-socks-4.1.110.Final.jar (io.netty:netty-codec-socks:4.1.110.Final) with MergeInstrumentationAnalysisTransform
Transforming netty-codec-4.1.110.Final.jar (io.netty:netty-codec:4.1.110.Final) with InstrumentationAnalysisTransform
Transforming javawriter-2.5.0.jar (com.squareup:javawriter:2.5.0) with ExternalDependencyInstrumentingArtifactTransform
Transforming netty-codec-4.1.110.Final.jar (io.netty:netty-codec:4.1.110.Final) with MergeInstrumentationAnalysisTransform
Transforming netty-transport-4.1.110.Final.jar (io.netty:netty-transport:4.1.110.Final) with InstrumentationAnalysisTransform
Transforming netty-handler-proxy-4.1.110.Final.jar (io.netty:netty-handler-proxy:4.1.110.Final) with ExternalDependencyInstrumentingArtifactTransform
Transforming netty-transport-4.1.110.Final.jar (io.netty:netty-transport:4.1.110.Final) with MergeInstrumentationAnalysisTransform
Transforming netty-buffer-4.1.110.Final.jar (io.netty:netty-buffer:4.1.110.Final) with InstrumentationAnalysisTransform
Transforming netty-buffer-4.1.110.Final.jar (io.netty:netty-buffer:4.1.110.Final) with MergeInstrumentationAnalysisTransform
Transforming netty-resolver-4.1.110.Final.jar (io.netty:netty-resolver:4.1.110.Final) with InstrumentationAnalysisTransform
Transforming commons-codec-1.11.jar (commons-codec:commons-codec:1.11) with ExternalDependencyInstrumentingArtifactTransform
Transforming jna-5.6.0.jar (net.java.dev.jna:jna:5.6.0) with ExternalDependencyInstrumentingArtifactTransform
Transforming netty-codec-socks-4.1.110.Final.jar (io.netty:netty-codec-socks:4.1.110.Final) with ExternalDependencyInstrumentingArtifactTransform
Transforming netty-codec-4.1.110.Final.jar (io.netty:netty-codec:4.1.110.Final) with ExternalDependencyInstrumentingArtifactTransform
Transforming netty-transport-4.1.110.Final.jar (io.netty:netty-transport:4.1.110.Final) with ExternalDependencyInstrumentingArtifactTransform
Transforming netty-buffer-4.1.110.Final.jar (io.netty:netty-buffer:4.1.110.Final) with ExternalDependencyInstrumentingArtifactTransform
Transforming commons-logging-1.2.jar (commons-logging:commons-logging:1.2) with ExternalDependencyInstrumentingArtifactTransform
Transforming netty-resolver-4.1.110.Final.jar (io.netty:netty-resolver:4.1.110.Final) with MergeInstrumentationAnalysisTransform
Transforming netty-common-4.1.110.Final.jar (io.netty:netty-common:4.1.110.Final) with InstrumentationAnalysisTransform
Transforming netty-common-4.1.110.Final.jar (io.netty:netty-common:4.1.110.Final) with MergeInstrumentationAnalysisTransform
Transforming netty-resolver-4.1.110.Final.jar (io.netty:netty-resolver:4.1.110.Final) with ExternalDependencyInstrumentingArtifactTransform
Transforming netty-common-4.1.110.Final.jar (io.netty:netty-common:4.1.110.Final) with ExternalDependencyInstrumentingArtifactTransform
Transforming listenablefuture-9999.0-empty-to-avoid-conflict-with-guava.jar (com.google.guava:listenablefuture:9999.0-empty-to-avoid-conflict-with-guava) with ExternalDependencyInstrumentingArtifactTransform
Transforming failureaccess-1.0.2.jar (com.google.guava:failureaccess:1.0.2) with ExternalDependencyInstrumentingArtifactTransform
Transforming apksig-8.13.1.jar (com.android.tools.build:apksig:8.13.1) with ExternalDependencyInstrumentingArtifactTransform
Transforming checker-qual-3.43.0.jar (org.checkerframework:checker-qual:3.43.0) with ExternalDependencyInstrumentingArtifactTransform
Transforming netty-transport-native-unix-common-4.1.110.Final.jar (io.netty:netty-transport-native-unix-common:4.1.110.Final) with ExternalDependencyInstrumentingArtifactTransform
Using default execution profile

> Configure project :permission_handler_android
Evaluating project ':permission_handler_android' using build file '/home/cookie/.pub-cache/hosted/pub.dev/permission_handler_android-12.1.0/android/build.gradle'.
Transforming gradle-8.0.0.jar (com.android.tools.build:gradle:8.0.0) with InstrumentationAnalysisTransform
Transforming gradle-settings-api-8.0.0.jar (com.android.tools.build:gradle-settings-api:8.0.0) with InstrumentationAnalysisTransform
Transforming lint-model-31.0.0.jar (com.android.tools.lint:lint-model:31.0.0) with InstrumentationAnalysisTransform
Transforming builder-8.0.0.jar (com.android.tools.build:builder:8.0.0) with InstrumentationAnalysisTransform
Transforming manifest-merger-31.0.0.jar (com.android.tools.build:manifest-merger:31.0.0) with InstrumentationAnalysisTransform
Transforming sdk-common-31.0.0.jar (com.android.tools:sdk-common:31.0.0) with InstrumentationAnalysisTransform
Transforming sdklib-31.0.0.jar (com.android.tools:sdklib:31.0.0) with InstrumentationAnalysisTransform
Transforming repository-31.0.0.jar (com.android.tools:repository:31.0.0) with InstrumentationAnalysisTransform
Transforming gradle-api-8.0.0.jar (com.android.tools.build:gradle-api:8.0.0) with InstrumentationAnalysisTransform
Transforming builder-test-api-8.0.0.jar (com.android.tools.build:builder-test-api:8.0.0) with InstrumentationAnalysisTransform
Transforming ddmlib-31.0.0.jar (com.android.tools.ddms:ddmlib:31.0.0) with InstrumentationAnalysisTransform
Transforming aaptcompiler-8.0.0.jar (com.android.tools.build:aaptcompiler:8.0.0) with InstrumentationAnalysisTransform
Transforming bundletool-1.13.2.jar (com.android.tools.build:bundletool:1.13.2) with InstrumentationAnalysisTransform
Transforming aapt2-proto-8.0.0-9289358.jar (com.android.tools.build:aapt2-proto:8.0.0-9289358) with InstrumentationAnalysisTransform
Transforming crash-31.0.0.jar (com.android.tools.analytics-library:crash:31.0.0) with InstrumentationAnalysisTransform
Transforming tracker-31.0.0.jar (com.android.tools.analytics-library:tracker:31.0.0) with InstrumentationAnalysisTransform
Transforming shared-31.0.0.jar (com.android.tools.analytics-library:shared:31.0.0) with InstrumentationAnalysisTransform
Transforming lint-typedef-remover-31.0.0.jar (com.android.tools.lint:lint-typedef-remover:31.0.0) with InstrumentationAnalysisTransform
Transforming databinding-compiler-common-8.0.0.jar (androidx.databinding:databinding-compiler-common:8.0.0) with InstrumentationAnalysisTransform
Transforming databinding-common-8.0.0.jar (androidx.databinding:databinding-common:8.0.0) with InstrumentationAnalysisTransform
Transforming baseLibrary-8.0.0.jar (com.android.databinding:baseLibrary:8.0.0) with InstrumentationAnalysisTransform
Transforming layoutlib-api-31.0.0.jar (com.android.tools.layoutlib:layoutlib-api:31.0.0) with InstrumentationAnalysisTransform
Transforming android-device-provider-ddmlib-proto-31.0.0.jar (com.android.tools.utp:android-device-provider-ddmlib-proto:31.0.0) with InstrumentationAnalysisTransform
Transforming android-device-provider-gradle-proto-31.0.0.jar (com.android.tools.utp:android-device-provider-gradle-proto:31.0.0) with InstrumentationAnalysisTransform
Transforming android-test-plugin-host-additional-test-output-proto-31.0.0.jar (com.android.tools.utp:android-test-plugin-host-additional-test-output-proto:31.0.0) with InstrumentationAnalysisTransform
Transforming android-test-plugin-host-coverage-proto-31.0.0.jar (com.android.tools.utp:android-test-plugin-host-coverage-proto:31.0.0) with InstrumentationAnalysisTransform
Transforming android-test-plugin-host-logcat-proto-31.0.0.jar (com.android.tools.utp:android-test-plugin-host-logcat-proto:31.0.0) with InstrumentationAnalysisTransform
Transforming android-test-plugin-host-retention-proto-31.0.0.jar (com.android.tools.utp:android-test-plugin-host-retention-proto:31.0.0) with InstrumentationAnalysisTransform
Transforming android-test-plugin-result-listener-gradle-proto-31.0.0.jar (com.android.tools.utp:android-test-plugin-result-listener-gradle-proto:31.0.0) with InstrumentationAnalysisTransform
Transforming builder-model-8.0.0.jar (com.android.tools.build:builder-model:8.0.0) with InstrumentationAnalysisTransform
Transforming dvlib-31.0.0.jar (com.android.tools:dvlib:31.0.0) with InstrumentationAnalysisTransform
Transforming common-31.0.0.jar (com.android.tools:common:31.0.0) with InstrumentationAnalysisTransform
Transforming kotlin-stdlib-jdk8-1.9.0.jar (org.jetbrains.kotlin:kotlin-stdlib-jdk8:1.9.0) with InstrumentationAnalysisTransform
Transforming transform-api-2.0.0-deprecated-use-gradle-api.jar (com.android.tools.build:transform-api:2.0.0-deprecated-use-gradle-api) with InstrumentationAnalysisTransform
Transforming httpmime-4.5.6.jar (org.apache.httpcomponents:httpmime:4.5.6) with InstrumentationAnalysisTransform
Transforming commons-io-2.4.jar (commons-io:commons-io:2.4) with InstrumentationAnalysisTransform
Transforming jetifier-processor-1.0.0-beta10.jar (com.android.tools.build.jetifier:jetifier-processor:1.0.0-beta10) with InstrumentationAnalysisTransform
Transforming asm-commons-9.2.jar (org.ow2.asm:asm-commons:9.2) with InstrumentationAnalysisTransform
Transforming asm-util-9.2.jar (org.ow2.asm:asm-util:9.2) with InstrumentationAnalysisTransform
Transforming asm-analysis-9.2.jar (org.ow2.asm:asm-analysis:9.2) with InstrumentationAnalysisTransform
Transforming asm-tree-9.2.jar (org.ow2.asm:asm-tree:9.2) with InstrumentationAnalysisTransform
Transforming asm-9.2.jar (org.ow2.asm:asm:9.2) with InstrumentationAnalysisTransform
Transforming apkzlib-8.0.0.jar (com.android.tools.build:apkzlib:8.0.0) with InstrumentationAnalysisTransform
Transforming bcpkix-jdk15on-1.67.jar (org.bouncycastle:bcpkix-jdk15on:1.67) with InstrumentationAnalysisTransform
Transforming jaxb-runtime-2.3.2.jar (org.glassfish.jaxb:jaxb-runtime:2.3.2) with InstrumentationAnalysisTransform
Transforming jopt-simple-4.9.jar (net.sf.jopt-simple:jopt-simple:4.9) with InstrumentationAnalysisTransform
Transforming jetifier-core-1.0.0-beta10.jar (com.android.tools.build.jetifier:jetifier-core:1.0.0-beta10) with InstrumentationAnalysisTransform
Transforming javapoet-1.10.0.jar (com.squareup:javapoet:1.10.0) with InstrumentationAnalysisTransform
Transforming protobuf-java-util-3.19.3.jar (com.google.protobuf:protobuf-java-util:3.19.3) with InstrumentationAnalysisTransform
Transforming grpc-protobuf-1.45.1.jar (io.grpc:grpc-protobuf:1.45.1) with InstrumentationAnalysisTransform
Transforming tink-1.7.0.jar (com.google.crypto.tink:tink:1.7.0) with InstrumentationAnalysisTransform
Transforming protos-31.0.0.jar (com.android.tools.analytics-library:protos:31.0.0) with InstrumentationAnalysisTransform
Transforming proto-google-common-protos-2.0.1.jar (com.google.api.grpc:proto-google-common-protos:2.0.1) with InstrumentationAnalysisTransform
Transforming protobuf-java-3.19.3.jar (com.google.protobuf:protobuf-java:3.19.3) with InstrumentationAnalysisTransform
Transforming grpc-netty-1.45.1.jar (io.grpc:grpc-netty:1.45.1) with InstrumentationAnalysisTransform
Transforming grpc-core-1.45.1.jar (io.grpc:grpc-core:1.45.1) with InstrumentationAnalysisTransform
Transforming gson-2.8.9.jar (com.google.code.gson:gson:2.8.9) with InstrumentationAnalysisTransform
Transforming grpc-stub-1.45.1.jar (io.grpc:grpc-stub:1.45.1) with InstrumentationAnalysisTransform
Transforming core-proto-0.0.8-alpha08.jar (com.google.testing.platform:core-proto:0.0.8-alpha08) with InstrumentationAnalysisTransform
Transforming tensorflow-lite-metadata-0.1.0-rc2.jar (org.tensorflow:tensorflow-lite-metadata:0.1.0-rc2) with InstrumentationAnalysisTransform
Transforming flatbuffers-java-1.12.0.jar (com.google.flatbuffers:flatbuffers-java:1.12.0) with InstrumentationAnalysisTransform
Transforming jimfs-1.1.jar (com.google.jimfs:jimfs:1.1) with InstrumentationAnalysisTransform
Transforming grpc-protobuf-lite-1.45.1.jar (io.grpc:grpc-protobuf-lite:1.45.1) with InstrumentationAnalysisTransform
Transforming grpc-api-1.45.1.jar (io.grpc:grpc-api:1.45.1) with InstrumentationAnalysisTransform
Transforming guava-31.0.1-jre.jar (com.google.guava:guava:31.0.1-jre) with InstrumentationAnalysisTransform
Transforming dagger-2.28.3.jar (com.google.dagger:dagger:2.28.3) with InstrumentationAnalysisTransform
Transforming javax.inject-1.jar (javax.inject:javax.inject:1) with InstrumentationAnalysisTransform
Transforming kxml2-2.3.0.jar (net.sf.kxml:kxml2:2.3.0) with InstrumentationAnalysisTransform
Transforming bcprov-jdk15on-1.67.jar (org.bouncycastle:bcprov-jdk15on:1.67) with InstrumentationAnalysisTransform
Transforming trove4j-1.0.20200330.jar (org.jetbrains.intellij.deps:trove4j:1.0.20200330) with InstrumentationAnalysisTransform
Transforming kotlin-reflect-1.9.0.jar (org.jetbrains.kotlin:kotlin-reflect:1.9.0) with InstrumentationAnalysisTransform
Transforming xercesImpl-2.12.0.jar (xerces:xercesImpl:2.12.0) with InstrumentationAnalysisTransform
Transforming commons-compress-1.20.jar (org.apache.commons:commons-compress:1.20) with InstrumentationAnalysisTransform
Transforming httpclient-4.5.13.jar (org.apache.httpcomponents:httpclient:4.5.13) with InstrumentationAnalysisTransform
Transforming httpcore-4.4.15.jar (org.apache.httpcomponents:httpcore:4.4.15) with InstrumentationAnalysisTransform
Transforming javax.activation-1.2.0.jar (com.sun.activation:javax.activation:1.2.0) with InstrumentationAnalysisTransform
Transforming kotlin-stdlib-jdk7-1.9.0.jar (org.jetbrains.kotlin:kotlin-stdlib-jdk7:1.9.0) with InstrumentationAnalysisTransform
Transforming kotlin-stdlib-1.9.0.jar (org.jetbrains.kotlin:kotlin-stdlib:1.9.0) with InstrumentationAnalysisTransform
Transforming annotations-13.0.jar (org.jetbrains:annotations:13.0) with InstrumentationAnalysisTransform
Transforming signflinger-8.0.0.jar (com.android:signflinger:8.0.0) with InstrumentationAnalysisTransform
Transforming zipflinger-8.0.0.jar (com.android:zipflinger:8.0.0) with InstrumentationAnalysisTransform
Transforming annotations-31.0.0.jar (com.android.tools:annotations:31.0.0) with InstrumentationAnalysisTransform
Transforming jna-platform-5.6.0.jar (net.java.dev.jna:jna-platform:5.6.0) with InstrumentationAnalysisTransform
Transforming juniversalchardet-1.0.3.jar (com.googlecode.juniversalchardet:juniversalchardet:1.0.3) with InstrumentationAnalysisTransform
Transforming javax.annotation-api-1.3.2.jar (javax.annotation:javax.annotation-api:1.3.2) with InstrumentationAnalysisTransform
Transforming stax-ex-1.8.1.jar (org.jvnet.staxex:stax-ex:1.8.1) with InstrumentationAnalysisTransform
Transforming jakarta.xml.bind-api-2.3.2.jar (jakarta.xml.bind:jakarta.xml.bind-api:2.3.2) with InstrumentationAnalysisTransform
Transforming txw2-2.3.2.jar (org.glassfish.jaxb:txw2:2.3.2) with InstrumentationAnalysisTransform
Transforming istack-commons-runtime-3.0.8.jar (com.sun.istack:istack-commons-runtime:3.0.8) with InstrumentationAnalysisTransform
Transforming FastInfoset-1.2.16.jar (com.sun.xml.fastinfoset:FastInfoset:1.2.16) with InstrumentationAnalysisTransform
Transforming jakarta.activation-api-1.2.1.jar (jakarta.activation:jakarta.activation-api:1.2.1) with InstrumentationAnalysisTransform
Transforming auto-value-annotations-1.6.2.jar (com.google.auto.value:auto-value-annotations:1.6.2) with InstrumentationAnalysisTransform
Transforming error_prone_annotations-2.10.0.jar (com.google.errorprone:error_prone_annotations:2.10.0) with InstrumentationAnalysisTransform
Transforming jose4j-0.7.0.jar (org.bitbucket.b_c:jose4j:0.7.0) with InstrumentationAnalysisTransform
Transforming slf4j-api-1.7.30.jar (org.slf4j:slf4j-api:1.7.30) with InstrumentationAnalysisTransform
Transforming jdom2-2.0.6.jar (org.jdom:jdom2:2.0.6) with InstrumentationAnalysisTransform
Transforming j2objc-annotations-1.3.jar (com.google.j2objc:j2objc-annotations:1.3) with InstrumentationAnalysisTransform
Transforming jsr305-3.0.2.jar (com.google.code.findbugs:jsr305:3.0.2) with InstrumentationAnalysisTransform
Transforming annotations-4.1.1.4.jar (com.google.android:annotations:4.1.1.4) with InstrumentationAnalysisTransform
Transforming animal-sniffer-annotations-1.19.jar (org.codehaus.mojo:animal-sniffer-annotations:1.19) with InstrumentationAnalysisTransform
Transforming perfmark-api-0.23.0.jar (io.perfmark:perfmark-api:0.23.0) with InstrumentationAnalysisTransform
Transforming netty-codec-http2-4.1.72.Final.jar (io.netty:netty-codec-http2:4.1.72.Final) with InstrumentationAnalysisTransform
Transforming netty-handler-proxy-4.1.72.Final.jar (io.netty:netty-handler-proxy:4.1.72.Final) with InstrumentationAnalysisTransform
Transforming checker-qual-3.12.0.jar (org.checkerframework:checker-qual:3.12.0) with InstrumentationAnalysisTransform
Transforming commons-codec-1.11.jar (commons-codec:commons-codec:1.11) with InstrumentationAnalysisTransform
Transforming apksig-8.0.0.jar (com.android.tools.build:apksig:8.0.0) with InstrumentationAnalysisTransform
Transforming javawriter-2.5.0.jar (com.squareup:javawriter:2.5.0) with InstrumentationAnalysisTransform
Transforming failureaccess-1.0.1.jar (com.google.guava:failureaccess:1.0.1) with InstrumentationAnalysisTransform
Transforming listenablefuture-9999.0-empty-to-avoid-conflict-with-guava.jar (com.google.guava:listenablefuture:9999.0-empty-to-avoid-conflict-with-guava) with InstrumentationAnalysisTransform
Transforming xml-apis-1.4.01.jar (xml-apis:xml-apis:1.4.01) with InstrumentationAnalysisTransform
Transforming commons-logging-1.2.jar (commons-logging:commons-logging:1.2) with InstrumentationAnalysisTransform
Transforming jna-5.6.0.jar (net.java.dev.jna:jna:5.6.0) with InstrumentationAnalysisTransform
Transforming kotlin-stdlib-common-1.9.0.jar (org.jetbrains.kotlin:kotlin-stdlib-common:1.9.0) with InstrumentationAnalysisTransform
Transforming grpc-context-1.45.1.jar (io.grpc:grpc-context:1.45.1) with InstrumentationAnalysisTransform
Transforming netty-codec-http-4.1.72.Final.jar (io.netty:netty-codec-http:4.1.72.Final) with InstrumentationAnalysisTransform
Transforming netty-handler-4.1.72.Final.jar (io.netty:netty-handler:4.1.72.Final) with InstrumentationAnalysisTransform
Transforming netty-codec-socks-4.1.72.Final.jar (io.netty:netty-codec-socks:4.1.72.Final) with InstrumentationAnalysisTransform
Transforming netty-codec-4.1.72.Final.jar (io.netty:netty-codec:4.1.72.Final) with InstrumentationAnalysisTransform
Transforming netty-transport-4.1.72.Final.jar (io.netty:netty-transport:4.1.72.Final) with InstrumentationAnalysisTransform
Transforming netty-buffer-4.1.72.Final.jar (io.netty:netty-buffer:4.1.72.Final) with InstrumentationAnalysisTransform
Transforming netty-resolver-4.1.72.Final.jar (io.netty:netty-resolver:4.1.72.Final) with InstrumentationAnalysisTransform
Transforming netty-common-4.1.72.Final.jar (io.netty:netty-common:4.1.72.Final) with InstrumentationAnalysisTransform
Transforming netty-tcnative-classes-2.0.46.Final.jar (io.netty:netty-tcnative-classes:2.0.46.Final) with InstrumentationAnalysisTransform
Transforming gradle-8.0.0.jar (com.android.tools.build:gradle:8.0.0) with InstrumentationAnalysisTransform
Transforming gradle-8.0.0.jar (com.android.tools.build:gradle:8.0.0) with MergeInstrumentationAnalysisTransform
Transforming gradle-settings-api-8.0.0.jar (com.android.tools.build:gradle-settings-api:8.0.0) with InstrumentationAnalysisTransform
Transforming gradle-settings-api-8.0.0.jar (com.android.tools.build:gradle-settings-api:8.0.0) with MergeInstrumentationAnalysisTransform
Transforming lint-model-31.0.0.jar (com.android.tools.lint:lint-model:31.0.0) with InstrumentationAnalysisTransform
Transforming lint-model-31.0.0.jar (com.android.tools.lint:lint-model:31.0.0) with MergeInstrumentationAnalysisTransform
Transforming gradle-8.0.0.jar (com.android.tools.build:gradle:8.0.0) with ExternalDependencyInstrumentingArtifactTransform
Transforming gradle-settings-api-8.0.0.jar (com.android.tools.build:gradle-settings-api:8.0.0) with ExternalDependencyInstrumentingArtifactTransform
Transforming builder-8.0.0.jar (com.android.tools.build:builder:8.0.0) with InstrumentationAnalysisTransform
Transforming lint-model-31.0.0.jar (com.android.tools.lint:lint-model:31.0.0) with ExternalDependencyInstrumentingArtifactTransform
Transforming builder-8.0.0.jar (com.android.tools.build:builder:8.0.0) with MergeInstrumentationAnalysisTransform
Transforming manifest-merger-31.0.0.jar (com.android.tools.build:manifest-merger:31.0.0) with InstrumentationAnalysisTransform
Transforming manifest-merger-31.0.0.jar (com.android.tools.build:manifest-merger:31.0.0) with MergeInstrumentationAnalysisTransform
Transforming builder-8.0.0.jar (com.android.tools.build:builder:8.0.0) with ExternalDependencyInstrumentingArtifactTransform
Transforming sdk-common-31.0.0.jar (com.android.tools:sdk-common:31.0.0) with InstrumentationAnalysisTransform
Transforming sdk-common-31.0.0.jar (com.android.tools:sdk-common:31.0.0) with MergeInstrumentationAnalysisTransform
Transforming manifest-merger-31.0.0.jar (com.android.tools.build:manifest-merger:31.0.0) with ExternalDependencyInstrumentingArtifactTransform
Transforming sdklib-31.0.0.jar (com.android.tools:sdklib:31.0.0) with InstrumentationAnalysisTransform
Transforming sdk-common-31.0.0.jar (com.android.tools:sdk-common:31.0.0) with ExternalDependencyInstrumentingArtifactTransform
Transforming sdklib-31.0.0.jar (com.android.tools:sdklib:31.0.0) with MergeInstrumentationAnalysisTransform
Transforming repository-31.0.0.jar (com.android.tools:repository:31.0.0) with InstrumentationAnalysisTransform
Transforming repository-31.0.0.jar (com.android.tools:repository:31.0.0) with MergeInstrumentationAnalysisTransform
Transforming gradle-api-8.0.0.jar (com.android.tools.build:gradle-api:8.0.0) with InstrumentationAnalysisTransform
Transforming sdklib-31.0.0.jar (com.android.tools:sdklib:31.0.0) with ExternalDependencyInstrumentingArtifactTransform
Transforming gradle-api-8.0.0.jar (com.android.tools.build:gradle-api:8.0.0) with MergeInstrumentationAnalysisTransform
Transforming builder-test-api-8.0.0.jar (com.android.tools.build:builder-test-api:8.0.0) with InstrumentationAnalysisTransform
Transforming builder-test-api-8.0.0.jar (com.android.tools.build:builder-test-api:8.0.0) with MergeInstrumentationAnalysisTransform
Transforming repository-31.0.0.jar (com.android.tools:repository:31.0.0) with ExternalDependencyInstrumentingArtifactTransform
Transforming ddmlib-31.0.0.jar (com.android.tools.ddms:ddmlib:31.0.0) with InstrumentationAnalysisTransform
Transforming ddmlib-31.0.0.jar (com.android.tools.ddms:ddmlib:31.0.0) with MergeInstrumentationAnalysisTransform
Transforming gradle-api-8.0.0.jar (com.android.tools.build:gradle-api:8.0.0) with ExternalDependencyInstrumentingArtifactTransform
Transforming builder-test-api-8.0.0.jar (com.android.tools.build:builder-test-api:8.0.0) with ExternalDependencyInstrumentingArtifactTransform
Transforming ddmlib-31.0.0.jar (com.android.tools.ddms:ddmlib:31.0.0) with ExternalDependencyInstrumentingArtifactTransform
Transforming aaptcompiler-8.0.0.jar (com.android.tools.build:aaptcompiler:8.0.0) with InstrumentationAnalysisTransform
Transforming aaptcompiler-8.0.0.jar (com.android.tools.build:aaptcompiler:8.0.0) with MergeInstrumentationAnalysisTransform
Transforming bundletool-1.13.2.jar (com.android.tools.build:bundletool:1.13.2) with InstrumentationAnalysisTransform
Transforming bundletool-1.13.2.jar (com.android.tools.build:bundletool:1.13.2) with MergeInstrumentationAnalysisTransform
Transforming aapt2-proto-8.0.0-9289358.jar (com.android.tools.build:aapt2-proto:8.0.0-9289358) with InstrumentationAnalysisTransform
Transforming aaptcompiler-8.0.0.jar (com.android.tools.build:aaptcompiler:8.0.0) with ExternalDependencyInstrumentingArtifactTransform
Transforming aapt2-proto-8.0.0-9289358.jar (com.android.tools.build:aapt2-proto:8.0.0-9289358) with MergeInstrumentationAnalysisTransform
Transforming crash-31.0.0.jar (com.android.tools.analytics-library:crash:31.0.0) with InstrumentationAnalysisTransform
Transforming crash-31.0.0.jar (com.android.tools.analytics-library:crash:31.0.0) with MergeInstrumentationAnalysisTransform
Transforming tracker-31.0.0.jar (com.android.tools.analytics-library:tracker:31.0.0) with InstrumentationAnalysisTransform
Transforming tracker-31.0.0.jar (com.android.tools.analytics-library:tracker:31.0.0) with MergeInstrumentationAnalysisTransform
Transforming shared-31.0.0.jar (com.android.tools.analytics-library:shared:31.0.0) with InstrumentationAnalysisTransform
Transforming shared-31.0.0.jar (com.android.tools.analytics-library:shared:31.0.0) with MergeInstrumentationAnalysisTransform
Transforming lint-typedef-remover-31.0.0.jar (com.android.tools.lint:lint-typedef-remover:31.0.0) with InstrumentationAnalysisTransform
Transforming lint-typedef-remover-31.0.0.jar (com.android.tools.lint:lint-typedef-remover:31.0.0) with MergeInstrumentationAnalysisTransform
Transforming databinding-compiler-common-8.0.0.jar (androidx.databinding:databinding-compiler-common:8.0.0) with InstrumentationAnalysisTransform
Transforming databinding-compiler-common-8.0.0.jar (androidx.databinding:databinding-compiler-common:8.0.0) with MergeInstrumentationAnalysisTransform
Transforming databinding-common-8.0.0.jar (androidx.databinding:databinding-common:8.0.0) with InstrumentationAnalysisTransform
Transforming tracker-31.0.0.jar (com.android.tools.analytics-library:tracker:31.0.0) with ExternalDependencyInstrumentingArtifactTransform
Transforming databinding-common-8.0.0.jar (androidx.databinding:databinding-common:8.0.0) with MergeInstrumentationAnalysisTransform
Transforming baseLibrary-8.0.0.jar (com.android.databinding:baseLibrary:8.0.0) with InstrumentationAnalysisTransform
Transforming shared-31.0.0.jar (com.android.tools.analytics-library:shared:31.0.0) with ExternalDependencyInstrumentingArtifactTransform
Transforming lint-typedef-remover-31.0.0.jar (com.android.tools.lint:lint-typedef-remover:31.0.0) with ExternalDependencyInstrumentingArtifactTransform
Transforming databinding-compiler-common-8.0.0.jar (androidx.databinding:databinding-compiler-common:8.0.0) with ExternalDependencyInstrumentingArtifactTransform
Transforming databinding-common-8.0.0.jar (androidx.databinding:databinding-common:8.0.0) with ExternalDependencyInstrumentingArtifactTransform
Transforming baseLibrary-8.0.0.jar (com.android.databinding:baseLibrary:8.0.0) with MergeInstrumentationAnalysisTransform
Transforming layoutlib-api-31.0.0.jar (com.android.tools.layoutlib:layoutlib-api:31.0.0) with InstrumentationAnalysisTransform
Transforming layoutlib-api-31.0.0.jar (com.android.tools.layoutlib:layoutlib-api:31.0.0) with MergeInstrumentationAnalysisTransform
Transforming baseLibrary-8.0.0.jar (com.android.databinding:baseLibrary:8.0.0) with ExternalDependencyInstrumentingArtifactTransform
Transforming android-device-provider-ddmlib-proto-31.0.0.jar (com.android.tools.utp:android-device-provider-ddmlib-proto:31.0.0) with InstrumentationAnalysisTransform
Transforming android-device-provider-ddmlib-proto-31.0.0.jar (com.android.tools.utp:android-device-provider-ddmlib-proto:31.0.0) with MergeInstrumentationAnalysisTransform
Transforming android-device-provider-gradle-proto-31.0.0.jar (com.android.tools.utp:android-device-provider-gradle-proto:31.0.0) with InstrumentationAnalysisTransform
Transforming layoutlib-api-31.0.0.jar (com.android.tools.layoutlib:layoutlib-api:31.0.0) with ExternalDependencyInstrumentingArtifactTransform
Transforming android-device-provider-gradle-proto-31.0.0.jar (com.android.tools.utp:android-device-provider-gradle-proto:31.0.0) with MergeInstrumentationAnalysisTransform
Transforming android-test-plugin-host-additional-test-output-proto-31.0.0.jar (com.android.tools.utp:android-test-plugin-host-additional-test-output-proto:31.0.0) with InstrumentationAnalysisTransform
Transforming android-device-provider-ddmlib-proto-31.0.0.jar (com.android.tools.utp:android-device-provider-ddmlib-proto:31.0.0) with ExternalDependencyInstrumentingArtifactTransform
Transforming android-device-provider-gradle-proto-31.0.0.jar (com.android.tools.utp:android-device-provider-gradle-proto:31.0.0) with ExternalDependencyInstrumentingArtifactTransform
Transforming crash-31.0.0.jar (com.android.tools.analytics-library:crash:31.0.0) with ExternalDependencyInstrumentingArtifactTransform
Transforming bundletool-1.13.2.jar (com.android.tools.build:bundletool:1.13.2) with ExternalDependencyInstrumentingArtifactTransform
Transforming android-test-plugin-host-additional-test-output-proto-31.0.0.jar (com.android.tools.utp:android-test-plugin-host-additional-test-output-proto:31.0.0) with MergeInstrumentationAnalysisTransform
Transforming aapt2-proto-8.0.0-9289358.jar (com.android.tools.build:aapt2-proto:8.0.0-9289358) with ExternalDependencyInstrumentingArtifactTransform
Transforming android-test-plugin-host-coverage-proto-31.0.0.jar (com.android.tools.utp:android-test-plugin-host-coverage-proto:31.0.0) with InstrumentationAnalysisTransform
Transforming android-test-plugin-host-additional-test-output-proto-31.0.0.jar (com.android.tools.utp:android-test-plugin-host-additional-test-output-proto:31.0.0) with ExternalDependencyInstrumentingArtifactTransform
Transforming android-test-plugin-host-coverage-proto-31.0.0.jar (com.android.tools.utp:android-test-plugin-host-coverage-proto:31.0.0) with MergeInstrumentationAnalysisTransform
Transforming android-test-plugin-host-logcat-proto-31.0.0.jar (com.android.tools.utp:android-test-plugin-host-logcat-proto:31.0.0) with InstrumentationAnalysisTransform
Transforming android-test-plugin-host-logcat-proto-31.0.0.jar (com.android.tools.utp:android-test-plugin-host-logcat-proto:31.0.0) with MergeInstrumentationAnalysisTransform
Transforming android-test-plugin-host-retention-proto-31.0.0.jar (com.android.tools.utp:android-test-plugin-host-retention-proto:31.0.0) with InstrumentationAnalysisTransform
Transforming android-test-plugin-host-coverage-proto-31.0.0.jar (com.android.tools.utp:android-test-plugin-host-coverage-proto:31.0.0) with ExternalDependencyInstrumentingArtifactTransform
Transforming android-test-plugin-host-retention-proto-31.0.0.jar (com.android.tools.utp:android-test-plugin-host-retention-proto:31.0.0) with MergeInstrumentationAnalysisTransform
Transforming android-test-plugin-result-listener-gradle-proto-31.0.0.jar (com.android.tools.utp:android-test-plugin-result-listener-gradle-proto:31.0.0) with InstrumentationAnalysisTransform
Transforming android-test-plugin-result-listener-gradle-proto-31.0.0.jar (com.android.tools.utp:android-test-plugin-result-listener-gradle-proto:31.0.0) with MergeInstrumentationAnalysisTransform
Transforming builder-model-8.0.0.jar (com.android.tools.build:builder-model:8.0.0) with InstrumentationAnalysisTransform
Transforming android-test-plugin-host-logcat-proto-31.0.0.jar (com.android.tools.utp:android-test-plugin-host-logcat-proto:31.0.0) with ExternalDependencyInstrumentingArtifactTransform
Transforming builder-model-8.0.0.jar (com.android.tools.build:builder-model:8.0.0) with MergeInstrumentationAnalysisTransform
Transforming dvlib-31.0.0.jar (com.android.tools:dvlib:31.0.0) with InstrumentationAnalysisTransform
Transforming dvlib-31.0.0.jar (com.android.tools:dvlib:31.0.0) with MergeInstrumentationAnalysisTransform
Transforming common-31.0.0.jar (com.android.tools:common:31.0.0) with InstrumentationAnalysisTransform
Transforming android-test-plugin-host-retention-proto-31.0.0.jar (com.android.tools.utp:android-test-plugin-host-retention-proto:31.0.0) with ExternalDependencyInstrumentingArtifactTransform
Transforming common-31.0.0.jar (com.android.tools:common:31.0.0) with MergeInstrumentationAnalysisTransform
Transforming kotlin-stdlib-jdk8-1.9.0.jar (org.jetbrains.kotlin:kotlin-stdlib-jdk8:1.9.0) with InstrumentationAnalysisTransform
Transforming kotlin-stdlib-jdk8-1.9.0.jar (org.jetbrains.kotlin:kotlin-stdlib-jdk8:1.9.0) with MergeInstrumentationAnalysisTransform
Transforming transform-api-2.0.0-deprecated-use-gradle-api.jar (com.android.tools.build:transform-api:2.0.0-deprecated-use-gradle-api) with InstrumentationAnalysisTransform
Transforming transform-api-2.0.0-deprecated-use-gradle-api.jar (com.android.tools.build:transform-api:2.0.0-deprecated-use-gradle-api) with MergeInstrumentationAnalysisTransform
Transforming builder-model-8.0.0.jar (com.android.tools.build:builder-model:8.0.0) with ExternalDependencyInstrumentingArtifactTransform
Transforming httpmime-4.5.6.jar (org.apache.httpcomponents:httpmime:4.5.6) with InstrumentationAnalysisTransform
Transforming dvlib-31.0.0.jar (com.android.tools:dvlib:31.0.0) with ExternalDependencyInstrumentingArtifactTransform
Transforming httpmime-4.5.6.jar (org.apache.httpcomponents:httpmime:4.5.6) with MergeInstrumentationAnalysisTransform
Transforming commons-io-2.4.jar (commons-io:commons-io:2.4) with InstrumentationAnalysisTransform
Transforming common-31.0.0.jar (com.android.tools:common:31.0.0) with ExternalDependencyInstrumentingArtifactTransform
Transforming commons-io-2.4.jar (commons-io:commons-io:2.4) with MergeInstrumentationAnalysisTransform
Transforming jetifier-processor-1.0.0-beta10.jar (com.android.tools.build.jetifier:jetifier-processor:1.0.0-beta10) with InstrumentationAnalysisTransform
Transforming kotlin-stdlib-jdk8-1.9.0.jar (org.jetbrains.kotlin:kotlin-stdlib-jdk8:1.9.0) with ExternalDependencyInstrumentingArtifactTransform
Transforming jetifier-processor-1.0.0-beta10.jar (com.android.tools.build.jetifier:jetifier-processor:1.0.0-beta10) with MergeInstrumentationAnalysisTransform
Transforming transform-api-2.0.0-deprecated-use-gradle-api.jar (com.android.tools.build:transform-api:2.0.0-deprecated-use-gradle-api) with ExternalDependencyInstrumentingArtifactTransform
Transforming asm-commons-9.2.jar (org.ow2.asm:asm-commons:9.2) with InstrumentationAnalysisTransform
Transforming asm-commons-9.2.jar (org.ow2.asm:asm-commons:9.2) with MergeInstrumentationAnalysisTransform
Transforming asm-util-9.2.jar (org.ow2.asm:asm-util:9.2) with InstrumentationAnalysisTransform
Transforming commons-io-2.4.jar (commons-io:commons-io:2.4) with ExternalDependencyInstrumentingArtifactTransform
Transforming asm-util-9.2.jar (org.ow2.asm:asm-util:9.2) with MergeInstrumentationAnalysisTransform
Transforming asm-analysis-9.2.jar (org.ow2.asm:asm-analysis:9.2) with InstrumentationAnalysisTransform
Transforming asm-analysis-9.2.jar (org.ow2.asm:asm-analysis:9.2) with MergeInstrumentationAnalysisTransform
Transforming asm-tree-9.2.jar (org.ow2.asm:asm-tree:9.2) with InstrumentationAnalysisTransform
Transforming jetifier-processor-1.0.0-beta10.jar (com.android.tools.build.jetifier:jetifier-processor:1.0.0-beta10) with ExternalDependencyInstrumentingArtifactTransform
Transforming asm-commons-9.2.jar (org.ow2.asm:asm-commons:9.2) with ExternalDependencyInstrumentingArtifactTransform
Transforming asm-util-9.2.jar (org.ow2.asm:asm-util:9.2) with ExternalDependencyInstrumentingArtifactTransform
Transforming asm-analysis-9.2.jar (org.ow2.asm:asm-analysis:9.2) with ExternalDependencyInstrumentingArtifactTransform
Transforming android-test-plugin-result-listener-gradle-proto-31.0.0.jar (com.android.tools.utp:android-test-plugin-result-listener-gradle-proto:31.0.0) with ExternalDependencyInstrumentingArtifactTransform
Transforming asm-tree-9.2.jar (org.ow2.asm:asm-tree:9.2) with MergeInstrumentationAnalysisTransform
Transforming httpmime-4.5.6.jar (org.apache.httpcomponents:httpmime:4.5.6) with ExternalDependencyInstrumentingArtifactTransform
Transforming asm-9.2.jar (org.ow2.asm:asm:9.2) with InstrumentationAnalysisTransform
Transforming asm-9.2.jar (org.ow2.asm:asm:9.2) with MergeInstrumentationAnalysisTransform
Transforming apkzlib-8.0.0.jar (com.android.tools.build:apkzlib:8.0.0) with InstrumentationAnalysisTransform
Transforming asm-tree-9.2.jar (org.ow2.asm:asm-tree:9.2) with ExternalDependencyInstrumentingArtifactTransform
Transforming asm-9.2.jar (org.ow2.asm:asm:9.2) with ExternalDependencyInstrumentingArtifactTransform
Transforming apkzlib-8.0.0.jar (com.android.tools.build:apkzlib:8.0.0) with MergeInstrumentationAnalysisTransform
Transforming bcpkix-jdk15on-1.67.jar (org.bouncycastle:bcpkix-jdk15on:1.67) with InstrumentationAnalysisTransform
Transforming bcpkix-jdk15on-1.67.jar (org.bouncycastle:bcpkix-jdk15on:1.67) with MergeInstrumentationAnalysisTransform
Transforming jaxb-runtime-2.3.2.jar (org.glassfish.jaxb:jaxb-runtime:2.3.2) with InstrumentationAnalysisTransform
Transforming jaxb-runtime-2.3.2.jar (org.glassfish.jaxb:jaxb-runtime:2.3.2) with MergeInstrumentationAnalysisTransform
Transforming jopt-simple-4.9.jar (net.sf.jopt-simple:jopt-simple:4.9) with InstrumentationAnalysisTransform
Transforming jopt-simple-4.9.jar (net.sf.jopt-simple:jopt-simple:4.9) with MergeInstrumentationAnalysisTransform
Transforming jetifier-core-1.0.0-beta10.jar (com.android.tools.build.jetifier:jetifier-core:1.0.0-beta10) with InstrumentationAnalysisTransform
Transforming jaxb-runtime-2.3.2.jar (org.glassfish.jaxb:jaxb-runtime:2.3.2) with ExternalDependencyInstrumentingArtifactTransform
Transforming jetifier-core-1.0.0-beta10.jar (com.android.tools.build.jetifier:jetifier-core:1.0.0-beta10) with MergeInstrumentationAnalysisTransform
Transforming javapoet-1.10.0.jar (com.squareup:javapoet:1.10.0) with InstrumentationAnalysisTransform
Transforming javapoet-1.10.0.jar (com.squareup:javapoet:1.10.0) with MergeInstrumentationAnalysisTransform
Transforming protobuf-java-util-3.19.3.jar (com.google.protobuf:protobuf-java-util:3.19.3) with InstrumentationAnalysisTransform
Transforming protobuf-java-util-3.19.3.jar (com.google.protobuf:protobuf-java-util:3.19.3) with MergeInstrumentationAnalysisTransform
Transforming grpc-protobuf-1.45.1.jar (io.grpc:grpc-protobuf:1.45.1) with InstrumentationAnalysisTransform
Transforming grpc-protobuf-1.45.1.jar (io.grpc:grpc-protobuf:1.45.1) with MergeInstrumentationAnalysisTransform
Transforming jetifier-core-1.0.0-beta10.jar (com.android.tools.build.jetifier:jetifier-core:1.0.0-beta10) with ExternalDependencyInstrumentingArtifactTransform
Transforming javapoet-1.10.0.jar (com.squareup:javapoet:1.10.0) with ExternalDependencyInstrumentingArtifactTransform
Transforming protobuf-java-util-3.19.3.jar (com.google.protobuf:protobuf-java-util:3.19.3) with ExternalDependencyInstrumentingArtifactTransform
Transforming grpc-protobuf-1.45.1.jar (io.grpc:grpc-protobuf:1.45.1) with ExternalDependencyInstrumentingArtifactTransform
Transforming bcpkix-jdk15on-1.67.jar (org.bouncycastle:bcpkix-jdk15on:1.67) with ExternalDependencyInstrumentingArtifactTransform
Transforming apkzlib-8.0.0.jar (com.android.tools.build:apkzlib:8.0.0) with ExternalDependencyInstrumentingArtifactTransform
Transforming tink-1.7.0.jar (com.google.crypto.tink:tink:1.7.0) with InstrumentationAnalysisTransform
Transforming jopt-simple-4.9.jar (net.sf.jopt-simple:jopt-simple:4.9) with ExternalDependencyInstrumentingArtifactTransform
Transforming tink-1.7.0.jar (com.google.crypto.tink:tink:1.7.0) with MergeInstrumentationAnalysisTransform
Transforming protos-31.0.0.jar (com.android.tools.analytics-library:protos:31.0.0) with InstrumentationAnalysisTransform
Transforming protos-31.0.0.jar (com.android.tools.analytics-library:protos:31.0.0) with MergeInstrumentationAnalysisTransform
Transforming proto-google-common-protos-2.0.1.jar (com.google.api.grpc:proto-google-common-protos:2.0.1) with InstrumentationAnalysisTransform
Transforming tink-1.7.0.jar (com.google.crypto.tink:tink:1.7.0) with ExternalDependencyInstrumentingArtifactTransform
Transforming proto-google-common-protos-2.0.1.jar (com.google.api.grpc:proto-google-common-protos:2.0.1) with MergeInstrumentationAnalysisTransform
Transforming protobuf-java-3.19.3.jar (com.google.protobuf:protobuf-java:3.19.3) with InstrumentationAnalysisTransform
Transforming protobuf-java-3.19.3.jar (com.google.protobuf:protobuf-java:3.19.3) with MergeInstrumentationAnalysisTransform
Transforming grpc-netty-1.45.1.jar (io.grpc:grpc-netty:1.45.1) with InstrumentationAnalysisTransform
Transforming protos-31.0.0.jar (com.android.tools.analytics-library:protos:31.0.0) with ExternalDependencyInstrumentingArtifactTransform
Transforming grpc-netty-1.45.1.jar (io.grpc:grpc-netty:1.45.1) with MergeInstrumentationAnalysisTransform
Transforming grpc-core-1.45.1.jar (io.grpc:grpc-core:1.45.1) with InstrumentationAnalysisTransform
Transforming grpc-core-1.45.1.jar (io.grpc:grpc-core:1.45.1) with MergeInstrumentationAnalysisTransform
Transforming gson-2.8.9.jar (com.google.code.gson:gson:2.8.9) with InstrumentationAnalysisTransform
Transforming gson-2.8.9.jar (com.google.code.gson:gson:2.8.9) with MergeInstrumentationAnalysisTransform
Transforming grpc-stub-1.45.1.jar (io.grpc:grpc-stub:1.45.1) with InstrumentationAnalysisTransform
Transforming proto-google-common-protos-2.0.1.jar (com.google.api.grpc:proto-google-common-protos:2.0.1) with ExternalDependencyInstrumentingArtifactTransform
Transforming grpc-stub-1.45.1.jar (io.grpc:grpc-stub:1.45.1) with MergeInstrumentationAnalysisTransform
Transforming core-proto-0.0.8-alpha08.jar (com.google.testing.platform:core-proto:0.0.8-alpha08) with InstrumentationAnalysisTransform
Transforming core-proto-0.0.8-alpha08.jar (com.google.testing.platform:core-proto:0.0.8-alpha08) with MergeInstrumentationAnalysisTransform
Transforming tensorflow-lite-metadata-0.1.0-rc2.jar (org.tensorflow:tensorflow-lite-metadata:0.1.0-rc2) with InstrumentationAnalysisTransform
Transforming tensorflow-lite-metadata-0.1.0-rc2.jar (org.tensorflow:tensorflow-lite-metadata:0.1.0-rc2) with MergeInstrumentationAnalysisTransform
Transforming protobuf-java-3.19.3.jar (com.google.protobuf:protobuf-java:3.19.3) with ExternalDependencyInstrumentingArtifactTransform
Transforming flatbuffers-java-1.12.0.jar (com.google.flatbuffers:flatbuffers-java:1.12.0) with InstrumentationAnalysisTransform
Transforming flatbuffers-java-1.12.0.jar (com.google.flatbuffers:flatbuffers-java:1.12.0) with MergeInstrumentationAnalysisTransform
Transforming grpc-netty-1.45.1.jar (io.grpc:grpc-netty:1.45.1) with ExternalDependencyInstrumentingArtifactTransform
Transforming jimfs-1.1.jar (com.google.jimfs:jimfs:1.1) with InstrumentationAnalysisTransform
Transforming jimfs-1.1.jar (com.google.jimfs:jimfs:1.1) with MergeInstrumentationAnalysisTransform
Transforming grpc-protobuf-lite-1.45.1.jar (io.grpc:grpc-protobuf-lite:1.45.1) with InstrumentationAnalysisTransform
Transforming grpc-core-1.45.1.jar (io.grpc:grpc-core:1.45.1) with ExternalDependencyInstrumentingArtifactTransform
Transforming gson-2.8.9.jar (com.google.code.gson:gson:2.8.9) with ExternalDependencyInstrumentingArtifactTransform
Transforming grpc-stub-1.45.1.jar (io.grpc:grpc-stub:1.45.1) with ExternalDependencyInstrumentingArtifactTransform
Transforming jimfs-1.1.jar (com.google.jimfs:jimfs:1.1) with ExternalDependencyInstrumentingArtifactTransform
Transforming grpc-protobuf-lite-1.45.1.jar (io.grpc:grpc-protobuf-lite:1.45.1) with MergeInstrumentationAnalysisTransform
Transforming grpc-api-1.45.1.jar (io.grpc:grpc-api:1.45.1) with InstrumentationAnalysisTransform
Transforming grpc-api-1.45.1.jar (io.grpc:grpc-api:1.45.1) with MergeInstrumentationAnalysisTransform
Transforming guava-31.0.1-jre.jar (com.google.guava:guava:31.0.1-jre) with InstrumentationAnalysisTransform
Transforming guava-31.0.1-jre.jar (com.google.guava:guava:31.0.1-jre) with MergeInstrumentationAnalysisTransform
Transforming grpc-protobuf-lite-1.45.1.jar (io.grpc:grpc-protobuf-lite:1.45.1) with ExternalDependencyInstrumentingArtifactTransform
Transforming flatbuffers-java-1.12.0.jar (com.google.flatbuffers:flatbuffers-java:1.12.0) with ExternalDependencyInstrumentingArtifactTransform
Transforming tensorflow-lite-metadata-0.1.0-rc2.jar (org.tensorflow:tensorflow-lite-metadata:0.1.0-rc2) with ExternalDependencyInstrumentingArtifactTransform
Transforming guava-31.0.1-jre.jar (com.google.guava:guava:31.0.1-jre) with ExternalDependencyInstrumentingArtifactTransform
Transforming core-proto-0.0.8-alpha08.jar (com.google.testing.platform:core-proto:0.0.8-alpha08) with ExternalDependencyInstrumentingArtifactTransform
Transforming dagger-2.28.3.jar (com.google.dagger:dagger:2.28.3) with InstrumentationAnalysisTransform
Transforming grpc-api-1.45.1.jar (io.grpc:grpc-api:1.45.1) with ExternalDependencyInstrumentingArtifactTransform
Transforming dagger-2.28.3.jar (com.google.dagger:dagger:2.28.3) with MergeInstrumentationAnalysisTransform
Transforming javax.inject-1.jar (javax.inject:javax.inject:1) with InstrumentationAnalysisTransform
Transforming javax.inject-1.jar (javax.inject:javax.inject:1) with MergeInstrumentationAnalysisTransform
Transforming kxml2-2.3.0.jar (net.sf.kxml:kxml2:2.3.0) with InstrumentationAnalysisTransform
Transforming dagger-2.28.3.jar (com.google.dagger:dagger:2.28.3) with ExternalDependencyInstrumentingArtifactTransform
Transforming javax.inject-1.jar (javax.inject:javax.inject:1) with ExternalDependencyInstrumentingArtifactTransform
Transforming kxml2-2.3.0.jar (net.sf.kxml:kxml2:2.3.0) with MergeInstrumentationAnalysisTransform
Transforming bcprov-jdk15on-1.67.jar (org.bouncycastle:bcprov-jdk15on:1.67) with InstrumentationAnalysisTransform
Transforming bcprov-jdk15on-1.67.jar (org.bouncycastle:bcprov-jdk15on:1.67) with MergeInstrumentationAnalysisTransform
Transforming trove4j-1.0.20200330.jar (org.jetbrains.intellij.deps:trove4j:1.0.20200330) with InstrumentationAnalysisTransform
Transforming trove4j-1.0.20200330.jar (org.jetbrains.intellij.deps:trove4j:1.0.20200330) with MergeInstrumentationAnalysisTransform
Transforming kotlin-reflect-1.9.0.jar (org.jetbrains.kotlin:kotlin-reflect:1.9.0) with InstrumentationAnalysisTransform
Transforming kotlin-reflect-1.9.0.jar (org.jetbrains.kotlin:kotlin-reflect:1.9.0) with MergeInstrumentationAnalysisTransform
Transforming xercesImpl-2.12.0.jar (xerces:xercesImpl:2.12.0) with InstrumentationAnalysisTransform
Transforming xercesImpl-2.12.0.jar (xerces:xercesImpl:2.12.0) with MergeInstrumentationAnalysisTransform
Transforming commons-compress-1.20.jar (org.apache.commons:commons-compress:1.20) with InstrumentationAnalysisTransform
Transforming commons-compress-1.20.jar (org.apache.commons:commons-compress:1.20) with MergeInstrumentationAnalysisTransform
Transforming httpclient-4.5.13.jar (org.apache.httpcomponents:httpclient:4.5.13) with InstrumentationAnalysisTransform
Transforming httpclient-4.5.13.jar (org.apache.httpcomponents:httpclient:4.5.13) with MergeInstrumentationAnalysisTransform
Transforming httpcore-4.4.15.jar (org.apache.httpcomponents:httpcore:4.4.15) with InstrumentationAnalysisTransform
Transforming httpcore-4.4.15.jar (org.apache.httpcomponents:httpcore:4.4.15) with MergeInstrumentationAnalysisTransform
Transforming javax.activation-1.2.0.jar (com.sun.activation:javax.activation:1.2.0) with InstrumentationAnalysisTransform
Transforming kxml2-2.3.0.jar (net.sf.kxml:kxml2:2.3.0) with ExternalDependencyInstrumentingArtifactTransform
Transforming javax.activation-1.2.0.jar (com.sun.activation:javax.activation:1.2.0) with MergeInstrumentationAnalysisTransform
Transforming kotlin-stdlib-jdk7-1.9.0.jar (org.jetbrains.kotlin:kotlin-stdlib-jdk7:1.9.0) with InstrumentationAnalysisTransform
Transforming kotlin-stdlib-jdk7-1.9.0.jar (org.jetbrains.kotlin:kotlin-stdlib-jdk7:1.9.0) with MergeInstrumentationAnalysisTransform
Transforming kotlin-stdlib-1.9.0.jar (org.jetbrains.kotlin:kotlin-stdlib:1.9.0) with InstrumentationAnalysisTransform
Transforming bcprov-jdk15on-1.67.jar (org.bouncycastle:bcprov-jdk15on:1.67) with ExternalDependencyInstrumentingArtifactTransform
Transforming kotlin-stdlib-1.9.0.jar (org.jetbrains.kotlin:kotlin-stdlib:1.9.0) with MergeInstrumentationAnalysisTransform
Transforming annotations-13.0.jar (org.jetbrains:annotations:13.0) with InstrumentationAnalysisTransform
Transforming annotations-13.0.jar (org.jetbrains:annotations:13.0) with MergeInstrumentationAnalysisTransform
Transforming signflinger-8.0.0.jar (com.android:signflinger:8.0.0) with InstrumentationAnalysisTransform
Transforming trove4j-1.0.20200330.jar (org.jetbrains.intellij.deps:trove4j:1.0.20200330) with ExternalDependencyInstrumentingArtifactTransform
Transforming kotlin-reflect-1.9.0.jar (org.jetbrains.kotlin:kotlin-reflect:1.9.0) with ExternalDependencyInstrumentingArtifactTransform
Transforming xercesImpl-2.12.0.jar (xerces:xercesImpl:2.12.0) with ExternalDependencyInstrumentingArtifactTransform
Transforming commons-compress-1.20.jar (org.apache.commons:commons-compress:1.20) with ExternalDependencyInstrumentingArtifactTransform
Transforming httpclient-4.5.13.jar (org.apache.httpcomponents:httpclient:4.5.13) with ExternalDependencyInstrumentingArtifactTransform
Transforming signflinger-8.0.0.jar (com.android:signflinger:8.0.0) with MergeInstrumentationAnalysisTransform
Transforming zipflinger-8.0.0.jar (com.android:zipflinger:8.0.0) with InstrumentationAnalysisTransform
Transforming httpcore-4.4.15.jar (org.apache.httpcomponents:httpcore:4.4.15) with ExternalDependencyInstrumentingArtifactTransform
Transforming zipflinger-8.0.0.jar (com.android:zipflinger:8.0.0) with MergeInstrumentationAnalysisTransform
Transforming annotations-31.0.0.jar (com.android.tools:annotations:31.0.0) with InstrumentationAnalysisTransform
Transforming annotations-31.0.0.jar (com.android.tools:annotations:31.0.0) with MergeInstrumentationAnalysisTransform
Transforming jna-platform-5.6.0.jar (net.java.dev.jna:jna-platform:5.6.0) with InstrumentationAnalysisTransform
Transforming javax.activation-1.2.0.jar (com.sun.activation:javax.activation:1.2.0) with ExternalDependencyInstrumentingArtifactTransform
Transforming jna-platform-5.6.0.jar (net.java.dev.jna:jna-platform:5.6.0) with MergeInstrumentationAnalysisTransform
Transforming juniversalchardet-1.0.3.jar (com.googlecode.juniversalchardet:juniversalchardet:1.0.3) with InstrumentationAnalysisTransform
Transforming juniversalchardet-1.0.3.jar (com.googlecode.juniversalchardet:juniversalchardet:1.0.3) with MergeInstrumentationAnalysisTransform
Transforming javax.annotation-api-1.3.2.jar (javax.annotation:javax.annotation-api:1.3.2) with InstrumentationAnalysisTransform
Transforming javax.annotation-api-1.3.2.jar (javax.annotation:javax.annotation-api:1.3.2) with MergeInstrumentationAnalysisTransform
Transforming stax-ex-1.8.1.jar (org.jvnet.staxex:stax-ex:1.8.1) with InstrumentationAnalysisTransform
Transforming stax-ex-1.8.1.jar (org.jvnet.staxex:stax-ex:1.8.1) with MergeInstrumentationAnalysisTransform
Transforming jakarta.xml.bind-api-2.3.2.jar (jakarta.xml.bind:jakarta.xml.bind-api:2.3.2) with InstrumentationAnalysisTransform
Transforming jakarta.xml.bind-api-2.3.2.jar (jakarta.xml.bind:jakarta.xml.bind-api:2.3.2) with MergeInstrumentationAnalysisTransform
Transforming txw2-2.3.2.jar (org.glassfish.jaxb:txw2:2.3.2) with InstrumentationAnalysisTransform
Transforming txw2-2.3.2.jar (org.glassfish.jaxb:txw2:2.3.2) with MergeInstrumentationAnalysisTransform
Transforming istack-commons-runtime-3.0.8.jar (com.sun.istack:istack-commons-runtime:3.0.8) with InstrumentationAnalysisTransform
Transforming istack-commons-runtime-3.0.8.jar (com.sun.istack:istack-commons-runtime:3.0.8) with MergeInstrumentationAnalysisTransform
Transforming FastInfoset-1.2.16.jar (com.sun.xml.fastinfoset:FastInfoset:1.2.16) with InstrumentationAnalysisTransform
Transforming kotlin-stdlib-jdk7-1.9.0.jar (org.jetbrains.kotlin:kotlin-stdlib-jdk7:1.9.0) with ExternalDependencyInstrumentingArtifactTransform
Transforming FastInfoset-1.2.16.jar (com.sun.xml.fastinfoset:FastInfoset:1.2.16) with MergeInstrumentationAnalysisTransform
Transforming kotlin-stdlib-1.9.0.jar (org.jetbrains.kotlin:kotlin-stdlib:1.9.0) with ExternalDependencyInstrumentingArtifactTransform
Transforming jakarta.activation-api-1.2.1.jar (jakarta.activation:jakarta.activation-api:1.2.1) with InstrumentationAnalysisTransform
Transforming jakarta.activation-api-1.2.1.jar (jakarta.activation:jakarta.activation-api:1.2.1) with MergeInstrumentationAnalysisTransform
Transforming auto-value-annotations-1.6.2.jar (com.google.auto.value:auto-value-annotations:1.6.2) with InstrumentationAnalysisTransform
Transforming auto-value-annotations-1.6.2.jar (com.google.auto.value:auto-value-annotations:1.6.2) with MergeInstrumentationAnalysisTransform
Transforming annotations-13.0.jar (org.jetbrains:annotations:13.0) with ExternalDependencyInstrumentingArtifactTransform
Transforming error_prone_annotations-2.10.0.jar (com.google.errorprone:error_prone_annotations:2.10.0) with InstrumentationAnalysisTransform
Transforming error_prone_annotations-2.10.0.jar (com.google.errorprone:error_prone_annotations:2.10.0) with MergeInstrumentationAnalysisTransform
Transforming jose4j-0.7.0.jar (org.bitbucket.b_c:jose4j:0.7.0) with InstrumentationAnalysisTransform
Transforming jose4j-0.7.0.jar (org.bitbucket.b_c:jose4j:0.7.0) with MergeInstrumentationAnalysisTransform
Transforming slf4j-api-1.7.30.jar (org.slf4j:slf4j-api:1.7.30) with InstrumentationAnalysisTransform
Transforming signflinger-8.0.0.jar (com.android:signflinger:8.0.0) with ExternalDependencyInstrumentingArtifactTransform
Transforming slf4j-api-1.7.30.jar (org.slf4j:slf4j-api:1.7.30) with MergeInstrumentationAnalysisTransform
Transforming jdom2-2.0.6.jar (org.jdom:jdom2:2.0.6) with InstrumentationAnalysisTransform
Transforming jdom2-2.0.6.jar (org.jdom:jdom2:2.0.6) with MergeInstrumentationAnalysisTransform
Transforming j2objc-annotations-1.3.jar (com.google.j2objc:j2objc-annotations:1.3) with InstrumentationAnalysisTransform
Transforming zipflinger-8.0.0.jar (com.android:zipflinger:8.0.0) with ExternalDependencyInstrumentingArtifactTransform
Transforming j2objc-annotations-1.3.jar (com.google.j2objc:j2objc-annotations:1.3) with MergeInstrumentationAnalysisTransform
Transforming jsr305-3.0.2.jar (com.google.code.findbugs:jsr305:3.0.2) with InstrumentationAnalysisTransform
Transforming jsr305-3.0.2.jar (com.google.code.findbugs:jsr305:3.0.2) with MergeInstrumentationAnalysisTransform
Transforming annotations-4.1.1.4.jar (com.google.android:annotations:4.1.1.4) with InstrumentationAnalysisTransform
Transforming annotations-31.0.0.jar (com.android.tools:annotations:31.0.0) with ExternalDependencyInstrumentingArtifactTransform
Transforming annotations-4.1.1.4.jar (com.google.android:annotations:4.1.1.4) with MergeInstrumentationAnalysisTransform
Transforming animal-sniffer-annotations-1.19.jar (org.codehaus.mojo:animal-sniffer-annotations:1.19) with InstrumentationAnalysisTransform
Transforming animal-sniffer-annotations-1.19.jar (org.codehaus.mojo:animal-sniffer-annotations:1.19) with MergeInstrumentationAnalysisTransform
Transforming perfmark-api-0.23.0.jar (io.perfmark:perfmark-api:0.23.0) with InstrumentationAnalysisTransform
Transforming jna-platform-5.6.0.jar (net.java.dev.jna:jna-platform:5.6.0) with ExternalDependencyInstrumentingArtifactTransform
Transforming perfmark-api-0.23.0.jar (io.perfmark:perfmark-api:0.23.0) with MergeInstrumentationAnalysisTransform
Transforming netty-codec-http2-4.1.72.Final.jar (io.netty:netty-codec-http2:4.1.72.Final) with InstrumentationAnalysisTransform
Transforming netty-codec-http2-4.1.72.Final.jar (io.netty:netty-codec-http2:4.1.72.Final) with MergeInstrumentationAnalysisTransform
Transforming netty-handler-proxy-4.1.72.Final.jar (io.netty:netty-handler-proxy:4.1.72.Final) with InstrumentationAnalysisTransform
Transforming juniversalchardet-1.0.3.jar (com.googlecode.juniversalchardet:juniversalchardet:1.0.3) with ExternalDependencyInstrumentingArtifactTransform
Transforming netty-handler-proxy-4.1.72.Final.jar (io.netty:netty-handler-proxy:4.1.72.Final) with MergeInstrumentationAnalysisTransform
Transforming javax.annotation-api-1.3.2.jar (javax.annotation:javax.annotation-api:1.3.2) with ExternalDependencyInstrumentingArtifactTransform
Transforming checker-qual-3.12.0.jar (org.checkerframework:checker-qual:3.12.0) with InstrumentationAnalysisTransform
Transforming checker-qual-3.12.0.jar (org.checkerframework:checker-qual:3.12.0) with MergeInstrumentationAnalysisTransform
Transforming stax-ex-1.8.1.jar (org.jvnet.staxex:stax-ex:1.8.1) with ExternalDependencyInstrumentingArtifactTransform
Transforming txw2-2.3.2.jar (org.glassfish.jaxb:txw2:2.3.2) with ExternalDependencyInstrumentingArtifactTransform
Transforming jakarta.xml.bind-api-2.3.2.jar (jakarta.xml.bind:jakarta.xml.bind-api:2.3.2) with ExternalDependencyInstrumentingArtifactTransform
Transforming commons-codec-1.11.jar (commons-codec:commons-codec:1.11) with InstrumentationAnalysisTransform
Transforming commons-codec-1.11.jar (commons-codec:commons-codec:1.11) with MergeInstrumentationAnalysisTransform
Transforming apksig-8.0.0.jar (com.android.tools.build:apksig:8.0.0) with InstrumentationAnalysisTransform
Transforming jakarta.activation-api-1.2.1.jar (jakarta.activation:jakarta.activation-api:1.2.1) with ExternalDependencyInstrumentingArtifactTransform
Transforming apksig-8.0.0.jar (com.android.tools.build:apksig:8.0.0) with MergeInstrumentationAnalysisTransform
Transforming javawriter-2.5.0.jar (com.squareup:javawriter:2.5.0) with InstrumentationAnalysisTransform
Transforming javawriter-2.5.0.jar (com.squareup:javawriter:2.5.0) with MergeInstrumentationAnalysisTransform
Transforming failureaccess-1.0.1.jar (com.google.guava:failureaccess:1.0.1) with InstrumentationAnalysisTransform
Transforming failureaccess-1.0.1.jar (com.google.guava:failureaccess:1.0.1) with MergeInstrumentationAnalysisTransform
Transforming listenablefuture-9999.0-empty-to-avoid-conflict-with-guava.jar (com.google.guava:listenablefuture:9999.0-empty-to-avoid-conflict-with-guava) with InstrumentationAnalysisTransform
Transforming istack-commons-runtime-3.0.8.jar (com.sun.istack:istack-commons-runtime:3.0.8) with ExternalDependencyInstrumentingArtifactTransform
Transforming error_prone_annotations-2.10.0.jar (com.google.errorprone:error_prone_annotations:2.10.0) with ExternalDependencyInstrumentingArtifactTransform
Transforming FastInfoset-1.2.16.jar (com.sun.xml.fastinfoset:FastInfoset:1.2.16) with ExternalDependencyInstrumentingArtifactTransform
Transforming jose4j-0.7.0.jar (org.bitbucket.b_c:jose4j:0.7.0) with ExternalDependencyInstrumentingArtifactTransform
Transforming slf4j-api-1.7.30.jar (org.slf4j:slf4j-api:1.7.30) with ExternalDependencyInstrumentingArtifactTransform
Transforming jdom2-2.0.6.jar (org.jdom:jdom2:2.0.6) with ExternalDependencyInstrumentingArtifactTransform
Transforming j2objc-annotations-1.3.jar (com.google.j2objc:j2objc-annotations:1.3) with ExternalDependencyInstrumentingArtifactTransform
Transforming jsr305-3.0.2.jar (com.google.code.findbugs:jsr305:3.0.2) with ExternalDependencyInstrumentingArtifactTransform
Transforming annotations-4.1.1.4.jar (com.google.android:annotations:4.1.1.4) with ExternalDependencyInstrumentingArtifactTransform
Transforming perfmark-api-0.23.0.jar (io.perfmark:perfmark-api:0.23.0) with ExternalDependencyInstrumentingArtifactTransform
Transforming netty-codec-http2-4.1.72.Final.jar (io.netty:netty-codec-http2:4.1.72.Final) with ExternalDependencyInstrumentingArtifactTransform
Transforming netty-handler-proxy-4.1.72.Final.jar (io.netty:netty-handler-proxy:4.1.72.Final) with ExternalDependencyInstrumentingArtifactTransform
Transforming checker-qual-3.12.0.jar (org.checkerframework:checker-qual:3.12.0) with ExternalDependencyInstrumentingArtifactTransform
Transforming commons-codec-1.11.jar (commons-codec:commons-codec:1.11) with ExternalDependencyInstrumentingArtifactTransform
Transforming apksig-8.0.0.jar (com.android.tools.build:apksig:8.0.0) with ExternalDependencyInstrumentingArtifactTransform
Transforming javawriter-2.5.0.jar (com.squareup:javawriter:2.5.0) with ExternalDependencyInstrumentingArtifactTransform
Transforming failureaccess-1.0.1.jar (com.google.guava:failureaccess:1.0.1) with ExternalDependencyInstrumentingArtifactTransform
Transforming auto-value-annotations-1.6.2.jar (com.google.auto.value:auto-value-annotations:1.6.2) with ExternalDependencyInstrumentingArtifactTransform
Transforming animal-sniffer-annotations-1.19.jar (org.codehaus.mojo:animal-sniffer-annotations:1.19) with ExternalDependencyInstrumentingArtifactTransform
Transforming listenablefuture-9999.0-empty-to-avoid-conflict-with-guava.jar (com.google.guava:listenablefuture:9999.0-empty-to-avoid-conflict-with-guava) with MergeInstrumentationAnalysisTransform
Transforming xml-apis-1.4.01.jar (xml-apis:xml-apis:1.4.01) with InstrumentationAnalysisTransform
Transforming xml-apis-1.4.01.jar (xml-apis:xml-apis:1.4.01) with MergeInstrumentationAnalysisTransform
Transforming commons-logging-1.2.jar (commons-logging:commons-logging:1.2) with InstrumentationAnalysisTransform
Transforming listenablefuture-9999.0-empty-to-avoid-conflict-with-guava.jar (com.google.guava:listenablefuture:9999.0-empty-to-avoid-conflict-with-guava) with ExternalDependencyInstrumentingArtifactTransform
Transforming commons-logging-1.2.jar (commons-logging:commons-logging:1.2) with MergeInstrumentationAnalysisTransform
Transforming jna-5.6.0.jar (net.java.dev.jna:jna:5.6.0) with InstrumentationAnalysisTransform
Transforming xml-apis-1.4.01.jar (xml-apis:xml-apis:1.4.01) with ExternalDependencyInstrumentingArtifactTransform
Transforming jna-5.6.0.jar (net.java.dev.jna:jna:5.6.0) with MergeInstrumentationAnalysisTransform
Transforming kotlin-stdlib-common-1.9.0.jar (org.jetbrains.kotlin:kotlin-stdlib-common:1.9.0) with InstrumentationAnalysisTransform
Transforming commons-logging-1.2.jar (commons-logging:commons-logging:1.2) with ExternalDependencyInstrumentingArtifactTransform
Transforming kotlin-stdlib-common-1.9.0.jar (org.jetbrains.kotlin:kotlin-stdlib-common:1.9.0) with MergeInstrumentationAnalysisTransform
Transforming grpc-context-1.45.1.jar (io.grpc:grpc-context:1.45.1) with InstrumentationAnalysisTransform
Transforming jna-5.6.0.jar (net.java.dev.jna:jna:5.6.0) with ExternalDependencyInstrumentingArtifactTransform
Transforming grpc-context-1.45.1.jar (io.grpc:grpc-context:1.45.1) with MergeInstrumentationAnalysisTransform
Transforming netty-codec-http-4.1.72.Final.jar (io.netty:netty-codec-http:4.1.72.Final) with InstrumentationAnalysisTransform
Transforming netty-codec-http-4.1.72.Final.jar (io.netty:netty-codec-http:4.1.72.Final) with MergeInstrumentationAnalysisTransform
Transforming netty-handler-4.1.72.Final.jar (io.netty:netty-handler:4.1.72.Final) with InstrumentationAnalysisTransform
Transforming netty-handler-4.1.72.Final.jar (io.netty:netty-handler:4.1.72.Final) with MergeInstrumentationAnalysisTransform
Transforming netty-codec-socks-4.1.72.Final.jar (io.netty:netty-codec-socks:4.1.72.Final) with InstrumentationAnalysisTransform
Transforming netty-codec-socks-4.1.72.Final.jar (io.netty:netty-codec-socks:4.1.72.Final) with MergeInstrumentationAnalysisTransform
Transforming netty-codec-http-4.1.72.Final.jar (io.netty:netty-codec-http:4.1.72.Final) with ExternalDependencyInstrumentingArtifactTransform
Transforming netty-codec-4.1.72.Final.jar (io.netty:netty-codec:4.1.72.Final) with InstrumentationAnalysisTransform
Transforming netty-codec-4.1.72.Final.jar (io.netty:netty-codec:4.1.72.Final) with MergeInstrumentationAnalysisTransform
Transforming netty-transport-4.1.72.Final.jar (io.netty:netty-transport:4.1.72.Final) with InstrumentationAnalysisTransform
Transforming netty-codec-socks-4.1.72.Final.jar (io.netty:netty-codec-socks:4.1.72.Final) with ExternalDependencyInstrumentingArtifactTransform
Transforming netty-transport-4.1.72.Final.jar (io.netty:netty-transport:4.1.72.Final) with MergeInstrumentationAnalysisTransform
Transforming netty-codec-4.1.72.Final.jar (io.netty:netty-codec:4.1.72.Final) with ExternalDependencyInstrumentingArtifactTransform
Transforming kotlin-stdlib-common-1.9.0.jar (org.jetbrains.kotlin:kotlin-stdlib-common:1.9.0) with ExternalDependencyInstrumentingArtifactTransform
Transforming netty-handler-4.1.72.Final.jar (io.netty:netty-handler:4.1.72.Final) with ExternalDependencyInstrumentingArtifactTransform
Transforming netty-transport-4.1.72.Final.jar (io.netty:netty-transport:4.1.72.Final) with ExternalDependencyInstrumentingArtifactTransform
Transforming netty-buffer-4.1.72.Final.jar (io.netty:netty-buffer:4.1.72.Final) with InstrumentationAnalysisTransform
Transforming grpc-context-1.45.1.jar (io.grpc:grpc-context:1.45.1) with ExternalDependencyInstrumentingArtifactTransform
Transforming netty-buffer-4.1.72.Final.jar (io.netty:netty-buffer:4.1.72.Final) with MergeInstrumentationAnalysisTransform
Transforming netty-resolver-4.1.72.Final.jar (io.netty:netty-resolver:4.1.72.Final) with InstrumentationAnalysisTransform
Transforming netty-resolver-4.1.72.Final.jar (io.netty:netty-resolver:4.1.72.Final) with MergeInstrumentationAnalysisTransform
Transforming netty-common-4.1.72.Final.jar (io.netty:netty-common:4.1.72.Final) with InstrumentationAnalysisTransform
Transforming netty-common-4.1.72.Final.jar (io.netty:netty-common:4.1.72.Final) with MergeInstrumentationAnalysisTransform
Transforming netty-resolver-4.1.72.Final.jar (io.netty:netty-resolver:4.1.72.Final) with ExternalDependencyInstrumentingArtifactTransform
Transforming netty-tcnative-classes-2.0.46.Final.jar (io.netty:netty-tcnative-classes:2.0.46.Final) with InstrumentationAnalysisTransform
Transforming netty-tcnative-classes-2.0.46.Final.jar (io.netty:netty-tcnative-classes:2.0.46.Final) with MergeInstrumentationAnalysisTransform
Transforming netty-common-4.1.72.Final.jar (io.netty:netty-common:4.1.72.Final) with ExternalDependencyInstrumentingArtifactTransform
Transforming netty-tcnative-classes-2.0.46.Final.jar (io.netty:netty-tcnative-classes:2.0.46.Final) with ExternalDependencyInstrumentingArtifactTransform
Transforming netty-buffer-4.1.72.Final.jar (io.netty:netty-buffer:4.1.72.Final) with ExternalDependencyInstrumentingArtifactTransform
Using default execution profile

> Configure project :sensors_plus
Evaluating project ':sensors_plus' using build file '/home/cookie/.pub-cache/hosted/pub.dev/sensors_plus-6.1.2/android/build.gradle'.
Transforming gradle-8.3.1.jar (com.android.tools.build:gradle:8.3.1) with InstrumentationAnalysisTransform
Transforming kotlin-gradle-plugin-model-1.9.0.jar (org.jetbrains.kotlin:kotlin-gradle-plugin-model:1.9.0) with InstrumentationAnalysisTransform
Transforming kotlin-gradle-plugin-api-1.9.0-gradle81.jar (org.jetbrains.kotlin:kotlin-gradle-plugin-api:1.9.0) with InstrumentationAnalysisTransform
Transforming kotlin-gradle-plugin-api-1.9.0.jar (org.jetbrains.kotlin:kotlin-gradle-plugin-api:1.9.0) with InstrumentationAnalysisTransform
Transforming kotlin-gradle-plugin-1.9.0-gradle81.jar (org.jetbrains.kotlin:kotlin-gradle-plugin:1.9.0) with InstrumentationAnalysisTransform
Transforming gradle-settings-api-8.3.1.jar (com.android.tools.build:gradle-settings-api:8.3.1) with InstrumentationAnalysisTransform
Transforming lint-model-31.3.1.jar (com.android.tools.lint:lint-model:31.3.1) with InstrumentationAnalysisTransform
Transforming builder-8.3.1.jar (com.android.tools.build:builder:8.3.1) with InstrumentationAnalysisTransform
Transforming manifest-merger-31.3.1.jar (com.android.tools.build:manifest-merger:31.3.1) with InstrumentationAnalysisTransform
Transforming sdk-common-31.3.1.jar (com.android.tools:sdk-common:31.3.1) with InstrumentationAnalysisTransform
Transforming sdklib-31.3.1.jar (com.android.tools:sdklib:31.3.1) with InstrumentationAnalysisTransform
Transforming repository-31.3.1.jar (com.android.tools:repository:31.3.1) with InstrumentationAnalysisTransform
Transforming gradle-api-8.3.1.jar (com.android.tools.build:gradle-api:8.3.1) with InstrumentationAnalysisTransform
Transforming builder-test-api-8.3.1.jar (com.android.tools.build:builder-test-api:8.3.1) with InstrumentationAnalysisTransform
Transforming ddmlib-31.3.1.jar (com.android.tools.ddms:ddmlib:31.3.1) with InstrumentationAnalysisTransform
Transforming aaptcompiler-8.3.1.jar (com.android.tools.build:aaptcompiler:8.3.1) with InstrumentationAnalysisTransform
Transforming bundletool-1.15.6.jar (com.android.tools.build:bundletool:1.15.6) with InstrumentationAnalysisTransform
Transforming aapt2-proto-8.3.1-10880808.jar (com.android.tools.build:aapt2-proto:8.3.1-10880808) with InstrumentationAnalysisTransform
Transforming crash-31.3.1.jar (com.android.tools.analytics-library:crash:31.3.1) with InstrumentationAnalysisTransform
Transforming tracker-31.3.1.jar (com.android.tools.analytics-library:tracker:31.3.1) with InstrumentationAnalysisTransform
Transforming shared-31.3.1.jar (com.android.tools.analytics-library:shared:31.3.1) with InstrumentationAnalysisTransform
Transforming lint-typedef-remover-31.3.1.jar (com.android.tools.lint:lint-typedef-remover:31.3.1) with InstrumentationAnalysisTransform
Transforming databinding-compiler-common-8.3.1.jar (androidx.databinding:databinding-compiler-common:8.3.1) with InstrumentationAnalysisTransform
Transforming databinding-common-8.3.1.jar (androidx.databinding:databinding-common:8.3.1) with InstrumentationAnalysisTransform
Transforming baseLibrary-8.3.1.jar (com.android.databinding:baseLibrary:8.3.1) with InstrumentationAnalysisTransform
Transforming layoutlib-api-31.3.1.jar (com.android.tools.layoutlib:layoutlib-api:31.3.1) with InstrumentationAnalysisTransform
Transforming android-device-provider-ddmlib-proto-31.3.1.jar (com.android.tools.utp:android-device-provider-ddmlib-proto:31.3.1) with InstrumentationAnalysisTransform
Transforming android-device-provider-gradle-proto-31.3.1.jar (com.android.tools.utp:android-device-provider-gradle-proto:31.3.1) with InstrumentationAnalysisTransform
Transforming android-test-plugin-host-additional-test-output-proto-31.3.1.jar (com.android.tools.utp:android-test-plugin-host-additional-test-output-proto:31.3.1) with InstrumentationAnalysisTransform
Transforming android-test-plugin-host-coverage-proto-31.3.1.jar (com.android.tools.utp:android-test-plugin-host-coverage-proto:31.3.1) with InstrumentationAnalysisTransform
Transforming android-test-plugin-host-emulator-control-proto-31.3.1.jar (com.android.tools.utp:android-test-plugin-host-emulator-control-proto:31.3.1) with InstrumentationAnalysisTransform
Transforming android-test-plugin-host-logcat-proto-31.3.1.jar (com.android.tools.utp:android-test-plugin-host-logcat-proto:31.3.1) with InstrumentationAnalysisTransform
Transforming android-test-plugin-host-apk-installer-proto-31.3.1.jar (com.android.tools.utp:android-test-plugin-host-apk-installer-proto:31.3.1) with InstrumentationAnalysisTransform
Transforming android-test-plugin-host-retention-proto-31.3.1.jar (com.android.tools.utp:android-test-plugin-host-retention-proto:31.3.1) with InstrumentationAnalysisTransform
Transforming android-test-plugin-result-listener-gradle-proto-31.3.1.jar (com.android.tools.utp:android-test-plugin-result-listener-gradle-proto:31.3.1) with InstrumentationAnalysisTransform
Transforming builder-model-8.3.1.jar (com.android.tools.build:builder-model:8.3.1) with InstrumentationAnalysisTransform
Transforming dvlib-31.3.1.jar (com.android.tools:dvlib:31.3.1) with InstrumentationAnalysisTransform
Transforming common-31.3.1.jar (com.android.tools:common:31.3.1) with InstrumentationAnalysisTransform
Transforming kotlin-stdlib-jdk8-1.9.0.jar (org.jetbrains.kotlin:kotlin-stdlib-jdk8:1.9.0) with InstrumentationAnalysisTransform
Transforming transform-api-2.0.0-deprecated-use-gradle-api.jar (com.android.tools.build:transform-api:2.0.0-deprecated-use-gradle-api) with InstrumentationAnalysisTransform
Transforming httpmime-4.5.6.jar (org.apache.httpcomponents:httpmime:4.5.6) with InstrumentationAnalysisTransform
Transforming commons-io-2.13.0.jar (commons-io:commons-io:2.13.0) with InstrumentationAnalysisTransform
Transforming jetifier-processor-1.0.0-beta10.jar (com.android.tools.build.jetifier:jetifier-processor:1.0.0-beta10) with InstrumentationAnalysisTransform
Transforming asm-commons-9.6.jar (org.ow2.asm:asm-commons:9.6) with InstrumentationAnalysisTransform
Transforming asm-util-9.6.jar (org.ow2.asm:asm-util:9.6) with InstrumentationAnalysisTransform
Transforming asm-analysis-9.6.jar (org.ow2.asm:asm-analysis:9.6) with InstrumentationAnalysisTransform
Transforming asm-tree-9.6.jar (org.ow2.asm:asm-tree:9.6) with InstrumentationAnalysisTransform
Transforming asm-9.6.jar (org.ow2.asm:asm:9.6) with InstrumentationAnalysisTransform
Transforming apkzlib-8.3.1.jar (com.android.tools.build:apkzlib:8.3.1) with InstrumentationAnalysisTransform
Transforming bcpkix-jdk15on-1.67.jar (org.bouncycastle:bcpkix-jdk15on:1.67) with InstrumentationAnalysisTransform
Transforming jaxb-runtime-2.3.2.jar (org.glassfish.jaxb:jaxb-runtime:2.3.2) with InstrumentationAnalysisTransform
Transforming jopt-simple-4.9.jar (net.sf.jopt-simple:jopt-simple:4.9) with InstrumentationAnalysisTransform
Transforming jetifier-core-1.0.0-beta10.jar (com.android.tools.build.jetifier:jetifier-core:1.0.0-beta10) with InstrumentationAnalysisTransform
Transforming javapoet-1.10.0.jar (com.squareup:javapoet:1.10.0) with InstrumentationAnalysisTransform
Transforming protobuf-java-util-3.22.3.jar (com.google.protobuf:protobuf-java-util:3.22.3) with InstrumentationAnalysisTransform
Transforming grpc-protobuf-1.57.0.jar (io.grpc:grpc-protobuf:1.57.0) with InstrumentationAnalysisTransform
Transforming tink-1.7.0.jar (com.google.crypto.tink:tink:1.7.0) with InstrumentationAnalysisTransform
Transforming protos-31.3.1.jar (com.android.tools.analytics-library:protos:31.3.1) with InstrumentationAnalysisTransform
Transforming proto-google-common-protos-2.17.0.jar (com.google.api.grpc:proto-google-common-protos:2.17.0) with InstrumentationAnalysisTransform
Transforming protobuf-java-3.22.3.jar (com.google.protobuf:protobuf-java:3.22.3) with InstrumentationAnalysisTransform
Transforming grpc-netty-1.57.0.jar (io.grpc:grpc-netty:1.57.0) with InstrumentationAnalysisTransform
Transforming grpc-core-1.57.0.jar (io.grpc:grpc-core:1.57.0) with InstrumentationAnalysisTransform
Transforming gson-2.10.1.jar (com.google.code.gson:gson:2.10.1) with InstrumentationAnalysisTransform
Transforming grpc-stub-1.57.0.jar (io.grpc:grpc-stub:1.57.0) with InstrumentationAnalysisTransform
Transforming core-proto-0.0.9-alpha02.jar (com.google.testing.platform:core-proto:0.0.9-alpha02) with InstrumentationAnalysisTransform
Transforming kxml2-2.3.0.jar (net.sf.kxml:kxml2:2.3.0) with InstrumentationAnalysisTransform
Transforming tensorflow-lite-metadata-0.1.0-rc2.jar (org.tensorflow:tensorflow-lite-metadata:0.1.0-rc2) with InstrumentationAnalysisTransform
Transforming flatbuffers-java-1.12.0.jar (com.google.flatbuffers:flatbuffers-java:1.12.0) with InstrumentationAnalysisTransform
Transforming kotlin-gradle-plugin-idea-proto-1.9.0.jar (org.jetbrains.kotlin:kotlin-gradle-plugin-idea-proto:1.9.0) with InstrumentationAnalysisTransform
Transforming kotlin-gradle-plugin-idea-1.9.0.jar (org.jetbrains.kotlin:kotlin-gradle-plugin-idea:1.9.0) with InstrumentationAnalysisTransform
Transforming kotlin-project-model-1.9.0.jar (org.jetbrains.kotlin:kotlin-project-model:1.9.0) with InstrumentationAnalysisTransform
Transforming kotlin-tooling-core-1.9.0.jar (org.jetbrains.kotlin:kotlin-tooling-core:1.9.0) with InstrumentationAnalysisTransform
Transforming kotlin-klib-commonizer-api-1.9.0.jar (org.jetbrains.kotlin:kotlin-klib-commonizer-api:1.9.0) with InstrumentationAnalysisTransform
Transforming kotlin-native-utils-1.9.0.jar (org.jetbrains.kotlin:kotlin-native-utils:1.9.0) with InstrumentationAnalysisTransform
Transforming kotlin-util-klib-1.9.0.jar (org.jetbrains.kotlin:kotlin-util-klib:1.9.0) with InstrumentationAnalysisTransform
Transforming kotlin-build-tools-api-1.9.0.jar (org.jetbrains.kotlin:kotlin-build-tools-api:1.9.0) with InstrumentationAnalysisTransform
Transforming kotlin-android-extensions-1.9.0.jar (org.jetbrains.kotlin:kotlin-android-extensions:1.9.0) with InstrumentationAnalysisTransform
Transforming kotlin-compiler-runner-1.9.0.jar (org.jetbrains.kotlin:kotlin-compiler-runner:1.9.0) with InstrumentationAnalysisTransform
Transforming kotlin-compiler-embeddable-1.9.0.jar (org.jetbrains.kotlin:kotlin-compiler-embeddable:1.9.0) with InstrumentationAnalysisTransform
Transforming kotlin-scripting-compiler-embeddable-1.9.0.jar (org.jetbrains.kotlin:kotlin-scripting-compiler-embeddable:1.9.0) with InstrumentationAnalysisTransform
Transforming kotlin-scripting-compiler-impl-embeddable-1.9.0.jar (org.jetbrains.kotlin:kotlin-scripting-compiler-impl-embeddable:1.9.0) with InstrumentationAnalysisTransform
Transforming jimfs-1.1.jar (com.google.jimfs:jimfs:1.1) with InstrumentationAnalysisTransform
Transforming grpc-context-1.57.0.jar (io.grpc:grpc-context:1.57.0) with InstrumentationAnalysisTransform
Transforming grpc-protobuf-lite-1.57.0.jar (io.grpc:grpc-protobuf-lite:1.57.0) with InstrumentationAnalysisTransform
Transforming grpc-api-1.57.0.jar (io.grpc:grpc-api:1.57.0) with InstrumentationAnalysisTransform
Transforming guava-32.0.1-jre.jar (com.google.guava:guava:32.0.1-jre) with InstrumentationAnalysisTransform
Transforming dagger-2.28.3.jar (com.google.dagger:dagger:2.28.3) with InstrumentationAnalysisTransform
Transforming javax.inject-1.jar (javax.inject:javax.inject:1) with InstrumentationAnalysisTransform
Transforming bcprov-jdk15on-1.67.jar (org.bouncycastle:bcprov-jdk15on:1.67) with InstrumentationAnalysisTransform
Transforming trove4j-1.0.20200330.jar (org.jetbrains.intellij.deps:trove4j:1.0.20200330) with InstrumentationAnalysisTransform
Transforming kotlin-reflect-1.9.0.jar (org.jetbrains.kotlin:kotlin-reflect:1.9.0) with InstrumentationAnalysisTransform
Transforming commons-compress-1.21.jar (org.apache.commons:commons-compress:1.21) with InstrumentationAnalysisTransform
Transforming httpclient-4.5.14.jar (org.apache.httpcomponents:httpclient:4.5.14) with InstrumentationAnalysisTransform
Transforming httpcore-4.4.16.jar (org.apache.httpcomponents:httpcore:4.4.16) with InstrumentationAnalysisTransform
Transforming javax.activation-1.2.0.jar (com.sun.activation:javax.activation:1.2.0) with InstrumentationAnalysisTransform
Transforming kotlin-stdlib-jdk7-1.9.0.jar (org.jetbrains.kotlin:kotlin-stdlib-jdk7:1.9.0) with InstrumentationAnalysisTransform
Transforming kotlin-stdlib-1.9.0.jar (org.jetbrains.kotlin:kotlin-stdlib:1.9.0) with InstrumentationAnalysisTransform
Transforming annotations-23.0.0.jar (org.jetbrains:annotations:23.0.0) with InstrumentationAnalysisTransform
Transforming signflinger-8.3.1.jar (com.android:signflinger:8.3.1) with InstrumentationAnalysisTransform
Transforming zipflinger-8.3.1.jar (com.android:zipflinger:8.3.1) with InstrumentationAnalysisTransform
Transforming annotations-31.3.1.jar (com.android.tools:annotations:31.3.1) with InstrumentationAnalysisTransform
Transforming jna-platform-5.6.0.jar (net.java.dev.jna:jna-platform:5.6.0) with InstrumentationAnalysisTransform
Transforming juniversalchardet-1.0.3.jar (com.googlecode.juniversalchardet:juniversalchardet:1.0.3) with InstrumentationAnalysisTransform
Transforming javax.annotation-api-1.3.2.jar (javax.annotation:javax.annotation-api:1.3.2) with InstrumentationAnalysisTransform
Transforming stax-ex-1.8.1.jar (org.jvnet.staxex:stax-ex:1.8.1) with InstrumentationAnalysisTransform
Transforming jakarta.xml.bind-api-2.3.2.jar (jakarta.xml.bind:jakarta.xml.bind-api:2.3.2) with InstrumentationAnalysisTransform
Transforming txw2-2.3.2.jar (org.glassfish.jaxb:txw2:2.3.2) with InstrumentationAnalysisTransform
Transforming istack-commons-runtime-3.0.8.jar (com.sun.istack:istack-commons-runtime:3.0.8) with InstrumentationAnalysisTransform
Transforming FastInfoset-1.2.16.jar (com.sun.xml.fastinfoset:FastInfoset:1.2.16) with InstrumentationAnalysisTransform
Transforming jakarta.activation-api-1.2.1.jar (jakarta.activation:jakarta.activation-api:1.2.1) with InstrumentationAnalysisTransform
Transforming auto-value-annotations-1.6.2.jar (com.google.auto.value:auto-value-annotations:1.6.2) with InstrumentationAnalysisTransform
Transforming error_prone_annotations-2.18.0.jar (com.google.errorprone:error_prone_annotations:2.18.0) with InstrumentationAnalysisTransform
Transforming jose4j-0.7.0.jar (org.bitbucket.b_c:jose4j:0.7.0) with InstrumentationAnalysisTransform
Transforming slf4j-api-1.7.30.jar (org.slf4j:slf4j-api:1.7.30) with InstrumentationAnalysisTransform
Transforming jdom2-2.0.6.jar (org.jdom:jdom2:2.0.6) with InstrumentationAnalysisTransform
Transforming jsr305-3.0.2.jar (com.google.code.findbugs:jsr305:3.0.2) with InstrumentationAnalysisTransform
Transforming j2objc-annotations-2.8.jar (com.google.j2objc:j2objc-annotations:2.8) with InstrumentationAnalysisTransform
Transforming annotations-4.1.1.4.jar (com.google.android:annotations:4.1.1.4) with InstrumentationAnalysisTransform
Transforming animal-sniffer-annotations-1.23.jar (org.codehaus.mojo:animal-sniffer-annotations:1.23) with InstrumentationAnalysisTransform
Transforming perfmark-api-0.26.0.jar (io.perfmark:perfmark-api:0.26.0) with InstrumentationAnalysisTransform
Transforming netty-codec-http2-4.1.93.Final.jar (io.netty:netty-codec-http2:4.1.93.Final) with InstrumentationAnalysisTransform
Transforming netty-handler-proxy-4.1.93.Final.jar (io.netty:netty-handler-proxy:4.1.93.Final) with InstrumentationAnalysisTransform
Transforming netty-codec-http-4.1.93.Final.jar (io.netty:netty-codec-http:4.1.93.Final) with InstrumentationAnalysisTransform
Transforming netty-handler-4.1.93.Final.jar (io.netty:netty-handler:4.1.93.Final) with InstrumentationAnalysisTransform
Transforming netty-transport-native-unix-common-4.1.93.Final.jar (io.netty:netty-transport-native-unix-common:4.1.93.Final) with InstrumentationAnalysisTransform
Transforming checker-qual-3.33.0.jar (org.checkerframework:checker-qual:3.33.0) with InstrumentationAnalysisTransform
Transforming commons-codec-1.11.jar (commons-codec:commons-codec:1.11) with InstrumentationAnalysisTransform
Transforming apksig-8.3.1.jar (com.android.tools.build:apksig:8.3.1) with InstrumentationAnalysisTransform
Transforming javawriter-2.5.0.jar (com.squareup:javawriter:2.5.0) with InstrumentationAnalysisTransform
Transforming kotlin-gradle-plugin-annotations-1.9.0.jar (org.jetbrains.kotlin:kotlin-gradle-plugin-annotations:1.9.0) with InstrumentationAnalysisTransform
Transforming kotlin-util-io-1.9.0.jar (org.jetbrains.kotlin:kotlin-util-io:1.9.0) with InstrumentationAnalysisTransform
Transforming kotlin-daemon-embeddable-1.9.0.jar (org.jetbrains.kotlin:kotlin-daemon-embeddable:1.9.0) with InstrumentationAnalysisTransform
Transforming kotlin-daemon-client-1.9.0.jar (org.jetbrains.kotlin:kotlin-daemon-client:1.9.0) with InstrumentationAnalysisTransform
Transforming kotlinx-coroutines-core-jvm-1.5.0.jar (org.jetbrains.kotlinx:kotlinx-coroutines-core-jvm:1.5.0) with InstrumentationAnalysisTransform
Transforming kotlin-scripting-jvm-1.9.0.jar (org.jetbrains.kotlin:kotlin-scripting-jvm:1.9.0) with InstrumentationAnalysisTransform
Transforming kotlin-scripting-common-1.9.0.jar (org.jetbrains.kotlin:kotlin-scripting-common:1.9.0) with InstrumentationAnalysisTransform
Transforming failureaccess-1.0.1.jar (com.google.guava:failureaccess:1.0.1) with InstrumentationAnalysisTransform
Transforming listenablefuture-9999.0-empty-to-avoid-conflict-with-guava.jar (com.google.guava:listenablefuture:9999.0-empty-to-avoid-conflict-with-guava) with InstrumentationAnalysisTransform
Transforming commons-logging-1.2.jar (commons-logging:commons-logging:1.2) with InstrumentationAnalysisTransform
Transforming jna-5.6.0.jar (net.java.dev.jna:jna:5.6.0) with InstrumentationAnalysisTransform
Transforming kotlin-stdlib-common-1.9.0.jar (org.jetbrains.kotlin:kotlin-stdlib-common:1.9.0) with InstrumentationAnalysisTransform
Transforming netty-codec-socks-4.1.93.Final.jar (io.netty:netty-codec-socks:4.1.93.Final) with InstrumentationAnalysisTransform
Transforming netty-codec-4.1.93.Final.jar (io.netty:netty-codec:4.1.93.Final) with InstrumentationAnalysisTransform
Transforming netty-transport-4.1.93.Final.jar (io.netty:netty-transport:4.1.93.Final) with InstrumentationAnalysisTransform
Transforming netty-buffer-4.1.93.Final.jar (io.netty:netty-buffer:4.1.93.Final) with InstrumentationAnalysisTransform
Transforming netty-resolver-4.1.93.Final.jar (io.netty:netty-resolver:4.1.93.Final) with InstrumentationAnalysisTransform
Transforming netty-common-4.1.93.Final.jar (io.netty:netty-common:4.1.93.Final) with InstrumentationAnalysisTransform
Transforming gradle-8.3.1.jar (com.android.tools.build:gradle:8.3.1) with InstrumentationAnalysisTransform
Transforming gradle-8.3.1.jar (com.android.tools.build:gradle:8.3.1) with MergeInstrumentationAnalysisTransform
Transforming kotlin-gradle-plugin-model-1.9.0.jar (org.jetbrains.kotlin:kotlin-gradle-plugin-model:1.9.0) with InstrumentationAnalysisTransform
Transforming kotlin-gradle-plugin-model-1.9.0.jar (org.jetbrains.kotlin:kotlin-gradle-plugin-model:1.9.0) with MergeInstrumentationAnalysisTransform
Transforming kotlin-gradle-plugin-api-1.9.0-gradle81.jar (org.jetbrains.kotlin:kotlin-gradle-plugin-api:1.9.0) with InstrumentationAnalysisTransform
Transforming gradle-8.3.1.jar (com.android.tools.build:gradle:8.3.1) with ExternalDependencyInstrumentingArtifactTransform
Transforming kotlin-gradle-plugin-api-1.9.0-gradle81.jar (org.jetbrains.kotlin:kotlin-gradle-plugin-api:1.9.0) with MergeInstrumentationAnalysisTransform
Transforming kotlin-gradle-plugin-model-1.9.0.jar (org.jetbrains.kotlin:kotlin-gradle-plugin-model:1.9.0) with ExternalDependencyInstrumentingArtifactTransform
Transforming kotlin-gradle-plugin-api-1.9.0.jar (org.jetbrains.kotlin:kotlin-gradle-plugin-api:1.9.0) with InstrumentationAnalysisTransform
Transforming kotlin-gradle-plugin-api-1.9.0.jar (org.jetbrains.kotlin:kotlin-gradle-plugin-api:1.9.0) with MergeInstrumentationAnalysisTransform
Transforming kotlin-gradle-plugin-api-1.9.0-gradle81.jar (org.jetbrains.kotlin:kotlin-gradle-plugin-api:1.9.0) with ExternalDependencyInstrumentingArtifactTransform
Transforming kotlin-gradle-plugin-1.9.0-gradle81.jar (org.jetbrains.kotlin:kotlin-gradle-plugin:1.9.0) with InstrumentationAnalysisTransform
Transforming kotlin-gradle-plugin-api-1.9.0.jar (org.jetbrains.kotlin:kotlin-gradle-plugin-api:1.9.0) with ExternalDependencyInstrumentingArtifactTransform
Transforming kotlin-gradle-plugin-1.9.0-gradle81.jar (org.jetbrains.kotlin:kotlin-gradle-plugin:1.9.0) with MergeInstrumentationAnalysisTransform
Transforming gradle-settings-api-8.3.1.jar (com.android.tools.build:gradle-settings-api:8.3.1) with InstrumentationAnalysisTransform
Transforming gradle-settings-api-8.3.1.jar (com.android.tools.build:gradle-settings-api:8.3.1) with MergeInstrumentationAnalysisTransform
Transforming kotlin-gradle-plugin-1.9.0-gradle81.jar (org.jetbrains.kotlin:kotlin-gradle-plugin:1.9.0) with ExternalDependencyInstrumentingArtifactTransform
Transforming gradle-settings-api-8.3.1.jar (com.android.tools.build:gradle-settings-api:8.3.1) with ExternalDependencyInstrumentingArtifactTransform
Transforming lint-model-31.3.1.jar (com.android.tools.lint:lint-model:31.3.1) with InstrumentationAnalysisTransform
Transforming lint-model-31.3.1.jar (com.android.tools.lint:lint-model:31.3.1) with MergeInstrumentationAnalysisTransform
Transforming builder-8.3.1.jar (com.android.tools.build:builder:8.3.1) with InstrumentationAnalysisTransform
Transforming builder-8.3.1.jar (com.android.tools.build:builder:8.3.1) with MergeInstrumentationAnalysisTransform
Transforming manifest-merger-31.3.1.jar (com.android.tools.build:manifest-merger:31.3.1) with InstrumentationAnalysisTransform
Transforming lint-model-31.3.1.jar (com.android.tools.lint:lint-model:31.3.1) with ExternalDependencyInstrumentingArtifactTransform
Transforming manifest-merger-31.3.1.jar (com.android.tools.build:manifest-merger:31.3.1) with MergeInstrumentationAnalysisTransform
Transforming sdk-common-31.3.1.jar (com.android.tools:sdk-common:31.3.1) with InstrumentationAnalysisTransform
Transforming sdk-common-31.3.1.jar (com.android.tools:sdk-common:31.3.1) with MergeInstrumentationAnalysisTransform
Transforming sdklib-31.3.1.jar (com.android.tools:sdklib:31.3.1) with InstrumentationAnalysisTransform
Transforming sdklib-31.3.1.jar (com.android.tools:sdklib:31.3.1) with MergeInstrumentationAnalysisTransform
Transforming repository-31.3.1.jar (com.android.tools:repository:31.3.1) with InstrumentationAnalysisTransform
Transforming manifest-merger-31.3.1.jar (com.android.tools.build:manifest-merger:31.3.1) with ExternalDependencyInstrumentingArtifactTransform
Transforming sdklib-31.3.1.jar (com.android.tools:sdklib:31.3.1) with ExternalDependencyInstrumentingArtifactTransform
Transforming builder-8.3.1.jar (com.android.tools.build:builder:8.3.1) with ExternalDependencyInstrumentingArtifactTransform
Transforming sdk-common-31.3.1.jar (com.android.tools:sdk-common:31.3.1) with ExternalDependencyInstrumentingArtifactTransform
Transforming repository-31.3.1.jar (com.android.tools:repository:31.3.1) with MergeInstrumentationAnalysisTransform
Transforming gradle-api-8.3.1.jar (com.android.tools.build:gradle-api:8.3.1) with InstrumentationAnalysisTransform
Transforming gradle-api-8.3.1.jar (com.android.tools.build:gradle-api:8.3.1) with MergeInstrumentationAnalysisTransform
Transforming builder-test-api-8.3.1.jar (com.android.tools.build:builder-test-api:8.3.1) with InstrumentationAnalysisTransform
Transforming builder-test-api-8.3.1.jar (com.android.tools.build:builder-test-api:8.3.1) with MergeInstrumentationAnalysisTransform
Transforming ddmlib-31.3.1.jar (com.android.tools.ddms:ddmlib:31.3.1) with InstrumentationAnalysisTransform
Transforming ddmlib-31.3.1.jar (com.android.tools.ddms:ddmlib:31.3.1) with MergeInstrumentationAnalysisTransform
Transforming aaptcompiler-8.3.1.jar (com.android.tools.build:aaptcompiler:8.3.1) with InstrumentationAnalysisTransform
Transforming aaptcompiler-8.3.1.jar (com.android.tools.build:aaptcompiler:8.3.1) with MergeInstrumentationAnalysisTransform
Transforming bundletool-1.15.6.jar (com.android.tools.build:bundletool:1.15.6) with InstrumentationAnalysisTransform
Transforming bundletool-1.15.6.jar (com.android.tools.build:bundletool:1.15.6) with MergeInstrumentationAnalysisTransform
Transforming aapt2-proto-8.3.1-10880808.jar (com.android.tools.build:aapt2-proto:8.3.1-10880808) with InstrumentationAnalysisTransform
Transforming aapt2-proto-8.3.1-10880808.jar (com.android.tools.build:aapt2-proto:8.3.1-10880808) with MergeInstrumentationAnalysisTransform
Transforming crash-31.3.1.jar (com.android.tools.analytics-library:crash:31.3.1) with InstrumentationAnalysisTransform
Transforming crash-31.3.1.jar (com.android.tools.analytics-library:crash:31.3.1) with MergeInstrumentationAnalysisTransform
Transforming tracker-31.3.1.jar (com.android.tools.analytics-library:tracker:31.3.1) with InstrumentationAnalysisTransform
Transforming tracker-31.3.1.jar (com.android.tools.analytics-library:tracker:31.3.1) with MergeInstrumentationAnalysisTransform
Transforming shared-31.3.1.jar (com.android.tools.analytics-library:shared:31.3.1) with InstrumentationAnalysisTransform
Transforming shared-31.3.1.jar (com.android.tools.analytics-library:shared:31.3.1) with MergeInstrumentationAnalysisTransform
Transforming lint-typedef-remover-31.3.1.jar (com.android.tools.lint:lint-typedef-remover:31.3.1) with InstrumentationAnalysisTransform
Transforming lint-typedef-remover-31.3.1.jar (com.android.tools.lint:lint-typedef-remover:31.3.1) with MergeInstrumentationAnalysisTransform
Transforming databinding-compiler-common-8.3.1.jar (androidx.databinding:databinding-compiler-common:8.3.1) with InstrumentationAnalysisTransform
Transforming databinding-compiler-common-8.3.1.jar (androidx.databinding:databinding-compiler-common:8.3.1) with MergeInstrumentationAnalysisTransform
Transforming databinding-common-8.3.1.jar (androidx.databinding:databinding-common:8.3.1) with InstrumentationAnalysisTransform
Transforming databinding-common-8.3.1.jar (androidx.databinding:databinding-common:8.3.1) with MergeInstrumentationAnalysisTransform
Transforming baseLibrary-8.3.1.jar (com.android.databinding:baseLibrary:8.3.1) with InstrumentationAnalysisTransform
Transforming baseLibrary-8.3.1.jar (com.android.databinding:baseLibrary:8.3.1) with MergeInstrumentationAnalysisTransform
Transforming layoutlib-api-31.3.1.jar (com.android.tools.layoutlib:layoutlib-api:31.3.1) with InstrumentationAnalysisTransform
Transforming layoutlib-api-31.3.1.jar (com.android.tools.layoutlib:layoutlib-api:31.3.1) with MergeInstrumentationAnalysisTransform
Transforming android-device-provider-ddmlib-proto-31.3.1.jar (com.android.tools.utp:android-device-provider-ddmlib-proto:31.3.1) with InstrumentationAnalysisTransform
Transforming android-device-provider-ddmlib-proto-31.3.1.jar (com.android.tools.utp:android-device-provider-ddmlib-proto:31.3.1) with MergeInstrumentationAnalysisTransform
Transforming android-device-provider-gradle-proto-31.3.1.jar (com.android.tools.utp:android-device-provider-gradle-proto:31.3.1) with InstrumentationAnalysisTransform
Transforming android-device-provider-gradle-proto-31.3.1.jar (com.android.tools.utp:android-device-provider-gradle-proto:31.3.1) with MergeInstrumentationAnalysisTransform
Transforming android-test-plugin-host-additional-test-output-proto-31.3.1.jar (com.android.tools.utp:android-test-plugin-host-additional-test-output-proto:31.3.1) with InstrumentationAnalysisTransform
Transforming android-test-plugin-host-additional-test-output-proto-31.3.1.jar (com.android.tools.utp:android-test-plugin-host-additional-test-output-proto:31.3.1) with MergeInstrumentationAnalysisTransform
Transforming android-test-plugin-host-coverage-proto-31.3.1.jar (com.android.tools.utp:android-test-plugin-host-coverage-proto:31.3.1) with InstrumentationAnalysisTransform
Transforming android-test-plugin-host-coverage-proto-31.3.1.jar (com.android.tools.utp:android-test-plugin-host-coverage-proto:31.3.1) with MergeInstrumentationAnalysisTransform
Transforming android-test-plugin-host-emulator-control-proto-31.3.1.jar (com.android.tools.utp:android-test-plugin-host-emulator-control-proto:31.3.1) with InstrumentationAnalysisTransform
Transforming android-test-plugin-host-emulator-control-proto-31.3.1.jar (com.android.tools.utp:android-test-plugin-host-emulator-control-proto:31.3.1) with MergeInstrumentationAnalysisTransform
Transforming android-test-plugin-host-logcat-proto-31.3.1.jar (com.android.tools.utp:android-test-plugin-host-logcat-proto:31.3.1) with InstrumentationAnalysisTransform
Transforming android-test-plugin-host-logcat-proto-31.3.1.jar (com.android.tools.utp:android-test-plugin-host-logcat-proto:31.3.1) with MergeInstrumentationAnalysisTransform
Transforming android-test-plugin-host-apk-installer-proto-31.3.1.jar (com.android.tools.utp:android-test-plugin-host-apk-installer-proto:31.3.1) with InstrumentationAnalysisTransform
Transforming android-test-plugin-host-apk-installer-proto-31.3.1.jar (com.android.tools.utp:android-test-plugin-host-apk-installer-proto:31.3.1) with MergeInstrumentationAnalysisTransform
Transforming android-test-plugin-host-retention-proto-31.3.1.jar (com.android.tools.utp:android-test-plugin-host-retention-proto:31.3.1) with InstrumentationAnalysisTransform
Transforming android-test-plugin-host-retention-proto-31.3.1.jar (com.android.tools.utp:android-test-plugin-host-retention-proto:31.3.1) with MergeInstrumentationAnalysisTransform
Transforming android-test-plugin-result-listener-gradle-proto-31.3.1.jar (com.android.tools.utp:android-test-plugin-result-listener-gradle-proto:31.3.1) with InstrumentationAnalysisTransform
Transforming android-test-plugin-result-listener-gradle-proto-31.3.1.jar (com.android.tools.utp:android-test-plugin-result-listener-gradle-proto:31.3.1) with MergeInstrumentationAnalysisTransform
Transforming builder-model-8.3.1.jar (com.android.tools.build:builder-model:8.3.1) with InstrumentationAnalysisTransform
Transforming builder-model-8.3.1.jar (com.android.tools.build:builder-model:8.3.1) with MergeInstrumentationAnalysisTransform
Transforming dvlib-31.3.1.jar (com.android.tools:dvlib:31.3.1) with InstrumentationAnalysisTransform
Transforming repository-31.3.1.jar (com.android.tools:repository:31.3.1) with ExternalDependencyInstrumentingArtifactTransform
Transforming gradle-api-8.3.1.jar (com.android.tools.build:gradle-api:8.3.1) with ExternalDependencyInstrumentingArtifactTransform
Transforming builder-test-api-8.3.1.jar (com.android.tools.build:builder-test-api:8.3.1) with ExternalDependencyInstrumentingArtifactTransform
Transforming ddmlib-31.3.1.jar (com.android.tools.ddms:ddmlib:31.3.1) with ExternalDependencyInstrumentingArtifactTransform
Transforming aaptcompiler-8.3.1.jar (com.android.tools.build:aaptcompiler:8.3.1) with ExternalDependencyInstrumentingArtifactTransform
Transforming bundletool-1.15.6.jar (com.android.tools.build:bundletool:1.15.6) with ExternalDependencyInstrumentingArtifactTransform
Transforming dvlib-31.3.1.jar (com.android.tools:dvlib:31.3.1) with MergeInstrumentationAnalysisTransform
Transforming aapt2-proto-8.3.1-10880808.jar (com.android.tools.build:aapt2-proto:8.3.1-10880808) with ExternalDependencyInstrumentingArtifactTransform
Transforming common-31.3.1.jar (com.android.tools:common:31.3.1) with InstrumentationAnalysisTransform
Transforming common-31.3.1.jar (com.android.tools:common:31.3.1) with MergeInstrumentationAnalysisTransform
Transforming kotlin-stdlib-jdk8-1.9.0.jar (org.jetbrains.kotlin:kotlin-stdlib-jdk8:1.9.0) with InstrumentationAnalysisTransform
Transforming kotlin-stdlib-jdk8-1.9.0.jar (org.jetbrains.kotlin:kotlin-stdlib-jdk8:1.9.0) with MergeInstrumentationAnalysisTransform
Transforming crash-31.3.1.jar (com.android.tools.analytics-library:crash:31.3.1) with ExternalDependencyInstrumentingArtifactTransform
Transforming transform-api-2.0.0-deprecated-use-gradle-api.jar (com.android.tools.build:transform-api:2.0.0-deprecated-use-gradle-api) with InstrumentationAnalysisTransform
Transforming transform-api-2.0.0-deprecated-use-gradle-api.jar (com.android.tools.build:transform-api:2.0.0-deprecated-use-gradle-api) with MergeInstrumentationAnalysisTransform
Transforming httpmime-4.5.6.jar (org.apache.httpcomponents:httpmime:4.5.6) with InstrumentationAnalysisTransform
Transforming httpmime-4.5.6.jar (org.apache.httpcomponents:httpmime:4.5.6) with MergeInstrumentationAnalysisTransform
Transforming tracker-31.3.1.jar (com.android.tools.analytics-library:tracker:31.3.1) with ExternalDependencyInstrumentingArtifactTransform
Transforming commons-io-2.13.0.jar (commons-io:commons-io:2.13.0) with InstrumentationAnalysisTransform
Transforming commons-io-2.13.0.jar (commons-io:commons-io:2.13.0) with MergeInstrumentationAnalysisTransform
Transforming jetifier-processor-1.0.0-beta10.jar (com.android.tools.build.jetifier:jetifier-processor:1.0.0-beta10) with InstrumentationAnalysisTransform
Transforming jetifier-processor-1.0.0-beta10.jar (com.android.tools.build.jetifier:jetifier-processor:1.0.0-beta10) with MergeInstrumentationAnalysisTransform
Transforming lint-typedef-remover-31.3.1.jar (com.android.tools.lint:lint-typedef-remover:31.3.1) with ExternalDependencyInstrumentingArtifactTransform
Transforming asm-commons-9.6.jar (org.ow2.asm:asm-commons:9.6) with InstrumentationAnalysisTransform
Transforming shared-31.3.1.jar (com.android.tools.analytics-library:shared:31.3.1) with ExternalDependencyInstrumentingArtifactTransform
Transforming asm-commons-9.6.jar (org.ow2.asm:asm-commons:9.6) with MergeInstrumentationAnalysisTransform
Transforming asm-util-9.6.jar (org.ow2.asm:asm-util:9.6) with InstrumentationAnalysisTransform
Transforming asm-util-9.6.jar (org.ow2.asm:asm-util:9.6) with MergeInstrumentationAnalysisTransform
Transforming databinding-compiler-common-8.3.1.jar (androidx.databinding:databinding-compiler-common:8.3.1) with ExternalDependencyInstrumentingArtifactTransform
Transforming layoutlib-api-31.3.1.jar (com.android.tools.layoutlib:layoutlib-api:31.3.1) with ExternalDependencyInstrumentingArtifactTransform
Transforming asm-analysis-9.6.jar (org.ow2.asm:asm-analysis:9.6) with InstrumentationAnalysisTransform
Transforming baseLibrary-8.3.1.jar (com.android.databinding:baseLibrary:8.3.1) with ExternalDependencyInstrumentingArtifactTransform
Transforming asm-analysis-9.6.jar (org.ow2.asm:asm-analysis:9.6) with MergeInstrumentationAnalysisTransform
Transforming asm-tree-9.6.jar (org.ow2.asm:asm-tree:9.6) with InstrumentationAnalysisTransform
Transforming android-device-provider-ddmlib-proto-31.3.1.jar (com.android.tools.utp:android-device-provider-ddmlib-proto:31.3.1) with ExternalDependencyInstrumentingArtifactTransform
Transforming asm-tree-9.6.jar (org.ow2.asm:asm-tree:9.6) with MergeInstrumentationAnalysisTransform
Transforming android-device-provider-gradle-proto-31.3.1.jar (com.android.tools.utp:android-device-provider-gradle-proto:31.3.1) with ExternalDependencyInstrumentingArtifactTransform
Transforming android-test-plugin-host-additional-test-output-proto-31.3.1.jar (com.android.tools.utp:android-test-plugin-host-additional-test-output-proto:31.3.1) with ExternalDependencyInstrumentingArtifactTransform
Transforming android-test-plugin-host-coverage-proto-31.3.1.jar (com.android.tools.utp:android-test-plugin-host-coverage-proto:31.3.1) with ExternalDependencyInstrumentingArtifactTransform
Transforming asm-9.6.jar (org.ow2.asm:asm:9.6) with InstrumentationAnalysisTransform
Transforming asm-9.6.jar (org.ow2.asm:asm:9.6) with MergeInstrumentationAnalysisTransform
Transforming apkzlib-8.3.1.jar (com.android.tools.build:apkzlib:8.3.1) with InstrumentationAnalysisTransform
Transforming android-test-plugin-host-retention-proto-31.3.1.jar (com.android.tools.utp:android-test-plugin-host-retention-proto:31.3.1) with ExternalDependencyInstrumentingArtifactTransform
Transforming android-test-plugin-result-listener-gradle-proto-31.3.1.jar (com.android.tools.utp:android-test-plugin-result-listener-gradle-proto:31.3.1) with ExternalDependencyInstrumentingArtifactTransform
Transforming dvlib-31.3.1.jar (com.android.tools:dvlib:31.3.1) with ExternalDependencyInstrumentingArtifactTransform
Transforming android-test-plugin-host-apk-installer-proto-31.3.1.jar (com.android.tools.utp:android-test-plugin-host-apk-installer-proto:31.3.1) with ExternalDependencyInstrumentingArtifactTransform
Transforming common-31.3.1.jar (com.android.tools:common:31.3.1) with ExternalDependencyInstrumentingArtifactTransform
Transforming databinding-common-8.3.1.jar (androidx.databinding:databinding-common:8.3.1) with ExternalDependencyInstrumentingArtifactTransform
Transforming android-test-plugin-host-logcat-proto-31.3.1.jar (com.android.tools.utp:android-test-plugin-host-logcat-proto:31.3.1) with ExternalDependencyInstrumentingArtifactTransform
Transforming android-test-plugin-host-emulator-control-proto-31.3.1.jar (com.android.tools.utp:android-test-plugin-host-emulator-control-proto:31.3.1) with ExternalDependencyInstrumentingArtifactTransform
Transforming builder-model-8.3.1.jar (com.android.tools.build:builder-model:8.3.1) with ExternalDependencyInstrumentingArtifactTransform
Transforming httpmime-4.5.6.jar (org.apache.httpcomponents:httpmime:4.5.6) with ExternalDependencyInstrumentingArtifactTransform
Transforming kotlin-stdlib-jdk8-1.9.0.jar (org.jetbrains.kotlin:kotlin-stdlib-jdk8:1.9.0) with ExternalDependencyInstrumentingArtifactTransform
Transforming commons-io-2.13.0.jar (commons-io:commons-io:2.13.0) with ExternalDependencyInstrumentingArtifactTransform
Transforming jetifier-processor-1.0.0-beta10.jar (com.android.tools.build.jetifier:jetifier-processor:1.0.0-beta10) with ExternalDependencyInstrumentingArtifactTransform
Transforming asm-commons-9.6.jar (org.ow2.asm:asm-commons:9.6) with ExternalDependencyInstrumentingArtifactTransform
Transforming asm-analysis-9.6.jar (org.ow2.asm:asm-analysis:9.6) with ExternalDependencyInstrumentingArtifactTransform
Transforming asm-tree-9.6.jar (org.ow2.asm:asm-tree:9.6) with ExternalDependencyInstrumentingArtifactTransform
Transforming asm-9.6.jar (org.ow2.asm:asm:9.6) with ExternalDependencyInstrumentingArtifactTransform
Transforming apkzlib-8.3.1.jar (com.android.tools.build:apkzlib:8.3.1) with MergeInstrumentationAnalysisTransform
Transforming bcpkix-jdk15on-1.67.jar (org.bouncycastle:bcpkix-jdk15on:1.67) with InstrumentationAnalysisTransform
Transforming bcpkix-jdk15on-1.67.jar (org.bouncycastle:bcpkix-jdk15on:1.67) with MergeInstrumentationAnalysisTransform
Transforming jaxb-runtime-2.3.2.jar (org.glassfish.jaxb:jaxb-runtime:2.3.2) with InstrumentationAnalysisTransform
Transforming jaxb-runtime-2.3.2.jar (org.glassfish.jaxb:jaxb-runtime:2.3.2) with MergeInstrumentationAnalysisTransform
Transforming jopt-simple-4.9.jar (net.sf.jopt-simple:jopt-simple:4.9) with InstrumentationAnalysisTransform
Transforming bcpkix-jdk15on-1.67.jar (org.bouncycastle:bcpkix-jdk15on:1.67) with ExternalDependencyInstrumentingArtifactTransform
Transforming jaxb-runtime-2.3.2.jar (org.glassfish.jaxb:jaxb-runtime:2.3.2) with ExternalDependencyInstrumentingArtifactTransform
Transforming asm-util-9.6.jar (org.ow2.asm:asm-util:9.6) with ExternalDependencyInstrumentingArtifactTransform
Transforming transform-api-2.0.0-deprecated-use-gradle-api.jar (com.android.tools.build:transform-api:2.0.0-deprecated-use-gradle-api) with ExternalDependencyInstrumentingArtifactTransform
Transforming jopt-simple-4.9.jar (net.sf.jopt-simple:jopt-simple:4.9) with MergeInstrumentationAnalysisTransform
Transforming apkzlib-8.3.1.jar (com.android.tools.build:apkzlib:8.3.1) with ExternalDependencyInstrumentingArtifactTransform
Transforming jetifier-core-1.0.0-beta10.jar (com.android.tools.build.jetifier:jetifier-core:1.0.0-beta10) with InstrumentationAnalysisTransform
Transforming jetifier-core-1.0.0-beta10.jar (com.android.tools.build.jetifier:jetifier-core:1.0.0-beta10) with MergeInstrumentationAnalysisTransform
Transforming jopt-simple-4.9.jar (net.sf.jopt-simple:jopt-simple:4.9) with ExternalDependencyInstrumentingArtifactTransform
Transforming javapoet-1.10.0.jar (com.squareup:javapoet:1.10.0) with InstrumentationAnalysisTransform
Transforming javapoet-1.10.0.jar (com.squareup:javapoet:1.10.0) with MergeInstrumentationAnalysisTransform
Transforming protobuf-java-util-3.22.3.jar (com.google.protobuf:protobuf-java-util:3.22.3) with InstrumentationAnalysisTransform
Transforming protobuf-java-util-3.22.3.jar (com.google.protobuf:protobuf-java-util:3.22.3) with MergeInstrumentationAnalysisTransform
Transforming jetifier-core-1.0.0-beta10.jar (com.android.tools.build.jetifier:jetifier-core:1.0.0-beta10) with ExternalDependencyInstrumentingArtifactTransform
Transforming grpc-protobuf-1.57.0.jar (io.grpc:grpc-protobuf:1.57.0) with InstrumentationAnalysisTransform
Transforming grpc-protobuf-1.57.0.jar (io.grpc:grpc-protobuf:1.57.0) with MergeInstrumentationAnalysisTransform
Transforming tink-1.7.0.jar (com.google.crypto.tink:tink:1.7.0) with InstrumentationAnalysisTransform
Transforming tink-1.7.0.jar (com.google.crypto.tink:tink:1.7.0) with MergeInstrumentationAnalysisTransform
Transforming javapoet-1.10.0.jar (com.squareup:javapoet:1.10.0) with ExternalDependencyInstrumentingArtifactTransform
Transforming protos-31.3.1.jar (com.android.tools.analytics-library:protos:31.3.1) with InstrumentationAnalysisTransform
Transforming protos-31.3.1.jar (com.android.tools.analytics-library:protos:31.3.1) with MergeInstrumentationAnalysisTransform
Transforming proto-google-common-protos-2.17.0.jar (com.google.api.grpc:proto-google-common-protos:2.17.0) with InstrumentationAnalysisTransform
Transforming proto-google-common-protos-2.17.0.jar (com.google.api.grpc:proto-google-common-protos:2.17.0) with MergeInstrumentationAnalysisTransform
Transforming protobuf-java-util-3.22.3.jar (com.google.protobuf:protobuf-java-util:3.22.3) with ExternalDependencyInstrumentingArtifactTransform
Transforming protobuf-java-3.22.3.jar (com.google.protobuf:protobuf-java:3.22.3) with InstrumentationAnalysisTransform
Transforming protobuf-java-3.22.3.jar (com.google.protobuf:protobuf-java:3.22.3) with MergeInstrumentationAnalysisTransform
Transforming grpc-netty-1.57.0.jar (io.grpc:grpc-netty:1.57.0) with InstrumentationAnalysisTransform
Transforming grpc-netty-1.57.0.jar (io.grpc:grpc-netty:1.57.0) with MergeInstrumentationAnalysisTransform
Transforming grpc-protobuf-1.57.0.jar (io.grpc:grpc-protobuf:1.57.0) with ExternalDependencyInstrumentingArtifactTransform
Transforming grpc-core-1.57.0.jar (io.grpc:grpc-core:1.57.0) with InstrumentationAnalysisTransform
Transforming grpc-core-1.57.0.jar (io.grpc:grpc-core:1.57.0) with MergeInstrumentationAnalysisTransform
Transforming gson-2.10.1.jar (com.google.code.gson:gson:2.10.1) with InstrumentationAnalysisTransform
Transforming gson-2.10.1.jar (com.google.code.gson:gson:2.10.1) with MergeInstrumentationAnalysisTransform
Transforming tink-1.7.0.jar (com.google.crypto.tink:tink:1.7.0) with ExternalDependencyInstrumentingArtifactTransform
Transforming grpc-stub-1.57.0.jar (io.grpc:grpc-stub:1.57.0) with InstrumentationAnalysisTransform
Transforming grpc-stub-1.57.0.jar (io.grpc:grpc-stub:1.57.0) with MergeInstrumentationAnalysisTransform
Transforming core-proto-0.0.9-alpha02.jar (com.google.testing.platform:core-proto:0.0.9-alpha02) with InstrumentationAnalysisTransform
Transforming core-proto-0.0.9-alpha02.jar (com.google.testing.platform:core-proto:0.0.9-alpha02) with MergeInstrumentationAnalysisTransform
Transforming kxml2-2.3.0.jar (net.sf.kxml:kxml2:2.3.0) with InstrumentationAnalysisTransform
Transforming protos-31.3.1.jar (com.android.tools.analytics-library:protos:31.3.1) with ExternalDependencyInstrumentingArtifactTransform
Transforming kxml2-2.3.0.jar (net.sf.kxml:kxml2:2.3.0) with MergeInstrumentationAnalysisTransform
Transforming tensorflow-lite-metadata-0.1.0-rc2.jar (org.tensorflow:tensorflow-lite-metadata:0.1.0-rc2) with InstrumentationAnalysisTransform
Transforming tensorflow-lite-metadata-0.1.0-rc2.jar (org.tensorflow:tensorflow-lite-metadata:0.1.0-rc2) with MergeInstrumentationAnalysisTransform
Transforming flatbuffers-java-1.12.0.jar (com.google.flatbuffers:flatbuffers-java:1.12.0) with InstrumentationAnalysisTransform
Transforming proto-google-common-protos-2.17.0.jar (com.google.api.grpc:proto-google-common-protos:2.17.0) with ExternalDependencyInstrumentingArtifactTransform
Transforming flatbuffers-java-1.12.0.jar (com.google.flatbuffers:flatbuffers-java:1.12.0) with MergeInstrumentationAnalysisTransform
Transforming kotlin-gradle-plugin-idea-proto-1.9.0.jar (org.jetbrains.kotlin:kotlin-gradle-plugin-idea-proto:1.9.0) with InstrumentationAnalysisTransform
Transforming kotlin-gradle-plugin-idea-proto-1.9.0.jar (org.jetbrains.kotlin:kotlin-gradle-plugin-idea-proto:1.9.0) with MergeInstrumentationAnalysisTransform
Transforming kotlin-gradle-plugin-idea-1.9.0.jar (org.jetbrains.kotlin:kotlin-gradle-plugin-idea:1.9.0) with InstrumentationAnalysisTransform
Transforming protobuf-java-3.22.3.jar (com.google.protobuf:protobuf-java:3.22.3) with ExternalDependencyInstrumentingArtifactTransform
Transforming kotlin-gradle-plugin-idea-1.9.0.jar (org.jetbrains.kotlin:kotlin-gradle-plugin-idea:1.9.0) with MergeInstrumentationAnalysisTransform
Transforming kotlin-project-model-1.9.0.jar (org.jetbrains.kotlin:kotlin-project-model:1.9.0) with InstrumentationAnalysisTransform
Transforming kotlin-project-model-1.9.0.jar (org.jetbrains.kotlin:kotlin-project-model:1.9.0) with MergeInstrumentationAnalysisTransform
Transforming kotlin-tooling-core-1.9.0.jar (org.jetbrains.kotlin:kotlin-tooling-core:1.9.0) with InstrumentationAnalysisTransform
Transforming grpc-netty-1.57.0.jar (io.grpc:grpc-netty:1.57.0) with ExternalDependencyInstrumentingArtifactTransform
Transforming kotlin-tooling-core-1.9.0.jar (org.jetbrains.kotlin:kotlin-tooling-core:1.9.0) with MergeInstrumentationAnalysisTransform
Transforming kotlin-klib-commonizer-api-1.9.0.jar (org.jetbrains.kotlin:kotlin-klib-commonizer-api:1.9.0) with InstrumentationAnalysisTransform
Transforming grpc-core-1.57.0.jar (io.grpc:grpc-core:1.57.0) with ExternalDependencyInstrumentingArtifactTransform
Transforming kotlin-klib-commonizer-api-1.9.0.jar (org.jetbrains.kotlin:kotlin-klib-commonizer-api:1.9.0) with MergeInstrumentationAnalysisTransform
Transforming gson-2.10.1.jar (com.google.code.gson:gson:2.10.1) with ExternalDependencyInstrumentingArtifactTransform
Transforming kotlin-native-utils-1.9.0.jar (org.jetbrains.kotlin:kotlin-native-utils:1.9.0) with InstrumentationAnalysisTransform
Transforming kotlin-native-utils-1.9.0.jar (org.jetbrains.kotlin:kotlin-native-utils:1.9.0) with MergeInstrumentationAnalysisTransform
Transforming kotlin-util-klib-1.9.0.jar (org.jetbrains.kotlin:kotlin-util-klib:1.9.0) with InstrumentationAnalysisTransform
Transforming grpc-stub-1.57.0.jar (io.grpc:grpc-stub:1.57.0) with ExternalDependencyInstrumentingArtifactTransform
Transforming core-proto-0.0.9-alpha02.jar (com.google.testing.platform:core-proto:0.0.9-alpha02) with ExternalDependencyInstrumentingArtifactTransform
Transforming kotlin-util-klib-1.9.0.jar (org.jetbrains.kotlin:kotlin-util-klib:1.9.0) with MergeInstrumentationAnalysisTransform
Transforming kotlin-build-tools-api-1.9.0.jar (org.jetbrains.kotlin:kotlin-build-tools-api:1.9.0) with InstrumentationAnalysisTransform
Transforming kotlin-build-tools-api-1.9.0.jar (org.jetbrains.kotlin:kotlin-build-tools-api:1.9.0) with MergeInstrumentationAnalysisTransform
Transforming kotlin-android-extensions-1.9.0.jar (org.jetbrains.kotlin:kotlin-android-extensions:1.9.0) with InstrumentationAnalysisTransform
Transforming kxml2-2.3.0.jar (net.sf.kxml:kxml2:2.3.0) with ExternalDependencyInstrumentingArtifactTransform
Transforming tensorflow-lite-metadata-0.1.0-rc2.jar (org.tensorflow:tensorflow-lite-metadata:0.1.0-rc2) with ExternalDependencyInstrumentingArtifactTransform
Transforming kotlin-android-extensions-1.9.0.jar (org.jetbrains.kotlin:kotlin-android-extensions:1.9.0) with MergeInstrumentationAnalysisTransform
Transforming flatbuffers-java-1.12.0.jar (com.google.flatbuffers:flatbuffers-java:1.12.0) with ExternalDependencyInstrumentingArtifactTransform
Transforming kotlin-project-model-1.9.0.jar (org.jetbrains.kotlin:kotlin-project-model:1.9.0) with ExternalDependencyInstrumentingArtifactTransform
Transforming kotlin-tooling-core-1.9.0.jar (org.jetbrains.kotlin:kotlin-tooling-core:1.9.0) with ExternalDependencyInstrumentingArtifactTransform
Transforming kotlin-klib-commonizer-api-1.9.0.jar (org.jetbrains.kotlin:kotlin-klib-commonizer-api:1.9.0) with ExternalDependencyInstrumentingArtifactTransform
Transforming kotlin-native-utils-1.9.0.jar (org.jetbrains.kotlin:kotlin-native-utils:1.9.0) with ExternalDependencyInstrumentingArtifactTransform
Transforming kotlin-util-klib-1.9.0.jar (org.jetbrains.kotlin:kotlin-util-klib:1.9.0) with ExternalDependencyInstrumentingArtifactTransform
Transforming kotlin-build-tools-api-1.9.0.jar (org.jetbrains.kotlin:kotlin-build-tools-api:1.9.0) with ExternalDependencyInstrumentingArtifactTransform
Transforming kotlin-gradle-plugin-idea-1.9.0.jar (org.jetbrains.kotlin:kotlin-gradle-plugin-idea:1.9.0) with ExternalDependencyInstrumentingArtifactTransform
Transforming kotlin-android-extensions-1.9.0.jar (org.jetbrains.kotlin:kotlin-android-extensions:1.9.0) with ExternalDependencyInstrumentingArtifactTransform
Transforming kotlin-gradle-plugin-idea-proto-1.9.0.jar (org.jetbrains.kotlin:kotlin-gradle-plugin-idea-proto:1.9.0) with ExternalDependencyInstrumentingArtifactTransform
Transforming kotlin-compiler-runner-1.9.0.jar (org.jetbrains.kotlin:kotlin-compiler-runner:1.9.0) with InstrumentationAnalysisTransform
Transforming kotlin-compiler-runner-1.9.0.jar (org.jetbrains.kotlin:kotlin-compiler-runner:1.9.0) with MergeInstrumentationAnalysisTransform
Transforming kotlin-compiler-embeddable-1.9.0.jar (org.jetbrains.kotlin:kotlin-compiler-embeddable:1.9.0) with InstrumentationAnalysisTransform
Transforming kotlin-compiler-embeddable-1.9.0.jar (org.jetbrains.kotlin:kotlin-compiler-embeddable:1.9.0) with MergeInstrumentationAnalysisTransform
Transforming kotlin-scripting-compiler-embeddable-1.9.0.jar (org.jetbrains.kotlin:kotlin-scripting-compiler-embeddable:1.9.0) with InstrumentationAnalysisTransform
Transforming kotlin-compiler-runner-1.9.0.jar (org.jetbrains.kotlin:kotlin-compiler-runner:1.9.0) with ExternalDependencyInstrumentingArtifactTransform
Transforming kotlin-scripting-compiler-embeddable-1.9.0.jar (org.jetbrains.kotlin:kotlin-scripting-compiler-embeddable:1.9.0) with MergeInstrumentationAnalysisTransform
Transforming kotlin-scripting-compiler-impl-embeddable-1.9.0.jar (org.jetbrains.kotlin:kotlin-scripting-compiler-impl-embeddable:1.9.0) with InstrumentationAnalysisTransform
Transforming kotlin-compiler-embeddable-1.9.0.jar (org.jetbrains.kotlin:kotlin-compiler-embeddable:1.9.0) with ExternalDependencyInstrumentingArtifactTransform
Transforming kotlin-scripting-compiler-impl-embeddable-1.9.0.jar (org.jetbrains.kotlin:kotlin-scripting-compiler-impl-embeddable:1.9.0) with MergeInstrumentationAnalysisTransform
Transforming kotlin-scripting-compiler-embeddable-1.9.0.jar (org.jetbrains.kotlin:kotlin-scripting-compiler-embeddable:1.9.0) with ExternalDependencyInstrumentingArtifactTransform
Transforming jimfs-1.1.jar (com.google.jimfs:jimfs:1.1) with InstrumentationAnalysisTransform
Transforming jimfs-1.1.jar (com.google.jimfs:jimfs:1.1) with MergeInstrumentationAnalysisTransform
Transforming grpc-context-1.57.0.jar (io.grpc:grpc-context:1.57.0) with InstrumentationAnalysisTransform
Transforming kotlin-scripting-compiler-impl-embeddable-1.9.0.jar (org.jetbrains.kotlin:kotlin-scripting-compiler-impl-embeddable:1.9.0) with ExternalDependencyInstrumentingArtifactTransform
Transforming grpc-context-1.57.0.jar (io.grpc:grpc-context:1.57.0) with MergeInstrumentationAnalysisTransform
Transforming jimfs-1.1.jar (com.google.jimfs:jimfs:1.1) with ExternalDependencyInstrumentingArtifactTransform
Transforming grpc-protobuf-lite-1.57.0.jar (io.grpc:grpc-protobuf-lite:1.57.0) with InstrumentationAnalysisTransform
Transforming grpc-protobuf-lite-1.57.0.jar (io.grpc:grpc-protobuf-lite:1.57.0) with MergeInstrumentationAnalysisTransform
Transforming grpc-context-1.57.0.jar (io.grpc:grpc-context:1.57.0) with ExternalDependencyInstrumentingArtifactTransform
Transforming grpc-api-1.57.0.jar (io.grpc:grpc-api:1.57.0) with InstrumentationAnalysisTransform
Transforming grpc-api-1.57.0.jar (io.grpc:grpc-api:1.57.0) with MergeInstrumentationAnalysisTransform
Transforming grpc-protobuf-lite-1.57.0.jar (io.grpc:grpc-protobuf-lite:1.57.0) with ExternalDependencyInstrumentingArtifactTransform
Transforming guava-32.0.1-jre.jar (com.google.guava:guava:32.0.1-jre) with InstrumentationAnalysisTransform
Transforming guava-32.0.1-jre.jar (com.google.guava:guava:32.0.1-jre) with MergeInstrumentationAnalysisTransform
Transforming dagger-2.28.3.jar (com.google.dagger:dagger:2.28.3) with InstrumentationAnalysisTransform
Transforming grpc-api-1.57.0.jar (io.grpc:grpc-api:1.57.0) with ExternalDependencyInstrumentingArtifactTransform
Transforming dagger-2.28.3.jar (com.google.dagger:dagger:2.28.3) with MergeInstrumentationAnalysisTransform
Transforming javax.inject-1.jar (javax.inject:javax.inject:1) with InstrumentationAnalysisTransform
Transforming guava-32.0.1-jre.jar (com.google.guava:guava:32.0.1-jre) with ExternalDependencyInstrumentingArtifactTransform
Transforming javax.inject-1.jar (javax.inject:javax.inject:1) with MergeInstrumentationAnalysisTransform
Transforming bcprov-jdk15on-1.67.jar (org.bouncycastle:bcprov-jdk15on:1.67) with InstrumentationAnalysisTransform
Transforming bcprov-jdk15on-1.67.jar (org.bouncycastle:bcprov-jdk15on:1.67) with MergeInstrumentationAnalysisTransform
Transforming dagger-2.28.3.jar (com.google.dagger:dagger:2.28.3) with ExternalDependencyInstrumentingArtifactTransform
Transforming javax.inject-1.jar (javax.inject:javax.inject:1) with ExternalDependencyInstrumentingArtifactTransform
Transforming trove4j-1.0.20200330.jar (org.jetbrains.intellij.deps:trove4j:1.0.20200330) with InstrumentationAnalysisTransform
Transforming trove4j-1.0.20200330.jar (org.jetbrains.intellij.deps:trove4j:1.0.20200330) with MergeInstrumentationAnalysisTransform
Transforming bcprov-jdk15on-1.67.jar (org.bouncycastle:bcprov-jdk15on:1.67) with ExternalDependencyInstrumentingArtifactTransform
Transforming kotlin-reflect-1.9.0.jar (org.jetbrains.kotlin:kotlin-reflect:1.9.0) with InstrumentationAnalysisTransform
Transforming kotlin-reflect-1.9.0.jar (org.jetbrains.kotlin:kotlin-reflect:1.9.0) with MergeInstrumentationAnalysisTransform
Transforming trove4j-1.0.20200330.jar (org.jetbrains.intellij.deps:trove4j:1.0.20200330) with ExternalDependencyInstrumentingArtifactTransform
Transforming commons-compress-1.21.jar (org.apache.commons:commons-compress:1.21) with InstrumentationAnalysisTransform
Transforming commons-compress-1.21.jar (org.apache.commons:commons-compress:1.21) with MergeInstrumentationAnalysisTransform
Transforming kotlin-reflect-1.9.0.jar (org.jetbrains.kotlin:kotlin-reflect:1.9.0) with ExternalDependencyInstrumentingArtifactTransform
Transforming httpclient-4.5.14.jar (org.apache.httpcomponents:httpclient:4.5.14) with InstrumentationAnalysisTransform
Transforming httpclient-4.5.14.jar (org.apache.httpcomponents:httpclient:4.5.14) with MergeInstrumentationAnalysisTransform
Transforming httpcore-4.4.16.jar (org.apache.httpcomponents:httpcore:4.4.16) with InstrumentationAnalysisTransform
Transforming httpcore-4.4.16.jar (org.apache.httpcomponents:httpcore:4.4.16) with MergeInstrumentationAnalysisTransform
Transforming javax.activation-1.2.0.jar (com.sun.activation:javax.activation:1.2.0) with InstrumentationAnalysisTransform
Transforming commons-compress-1.21.jar (org.apache.commons:commons-compress:1.21) with ExternalDependencyInstrumentingArtifactTransform
Transforming javax.activation-1.2.0.jar (com.sun.activation:javax.activation:1.2.0) with MergeInstrumentationAnalysisTransform
Transforming httpclient-4.5.14.jar (org.apache.httpcomponents:httpclient:4.5.14) with ExternalDependencyInstrumentingArtifactTransform
Transforming kotlin-stdlib-jdk7-1.9.0.jar (org.jetbrains.kotlin:kotlin-stdlib-jdk7:1.9.0) with InstrumentationAnalysisTransform
Transforming kotlin-stdlib-jdk7-1.9.0.jar (org.jetbrains.kotlin:kotlin-stdlib-jdk7:1.9.0) with MergeInstrumentationAnalysisTransform
Transforming kotlin-stdlib-1.9.0.jar (org.jetbrains.kotlin:kotlin-stdlib:1.9.0) with InstrumentationAnalysisTransform
Transforming kotlin-stdlib-1.9.0.jar (org.jetbrains.kotlin:kotlin-stdlib:1.9.0) with MergeInstrumentationAnalysisTransform
Transforming kotlin-stdlib-jdk7-1.9.0.jar (org.jetbrains.kotlin:kotlin-stdlib-jdk7:1.9.0) with ExternalDependencyInstrumentingArtifactTransform
Transforming annotations-23.0.0.jar (org.jetbrains:annotations:23.0.0) with InstrumentationAnalysisTransform
Transforming annotations-23.0.0.jar (org.jetbrains:annotations:23.0.0) with MergeInstrumentationAnalysisTransform
Transforming signflinger-8.3.1.jar (com.android:signflinger:8.3.1) with InstrumentationAnalysisTransform
Transforming kotlin-stdlib-1.9.0.jar (org.jetbrains.kotlin:kotlin-stdlib:1.9.0) with ExternalDependencyInstrumentingArtifactTransform
Transforming httpcore-4.4.16.jar (org.apache.httpcomponents:httpcore:4.4.16) with ExternalDependencyInstrumentingArtifactTransform
Transforming signflinger-8.3.1.jar (com.android:signflinger:8.3.1) with MergeInstrumentationAnalysisTransform
Transforming annotations-23.0.0.jar (org.jetbrains:annotations:23.0.0) with ExternalDependencyInstrumentingArtifactTransform
Transforming zipflinger-8.3.1.jar (com.android:zipflinger:8.3.1) with InstrumentationAnalysisTransform
Transforming zipflinger-8.3.1.jar (com.android:zipflinger:8.3.1) with MergeInstrumentationAnalysisTransform
Transforming annotations-31.3.1.jar (com.android.tools:annotations:31.3.1) with InstrumentationAnalysisTransform
Transforming signflinger-8.3.1.jar (com.android:signflinger:8.3.1) with ExternalDependencyInstrumentingArtifactTransform
Transforming zipflinger-8.3.1.jar (com.android:zipflinger:8.3.1) with ExternalDependencyInstrumentingArtifactTransform
Transforming javax.activation-1.2.0.jar (com.sun.activation:javax.activation:1.2.0) with ExternalDependencyInstrumentingArtifactTransform
Transforming annotations-31.3.1.jar (com.android.tools:annotations:31.3.1) with MergeInstrumentationAnalysisTransform
Transforming jna-platform-5.6.0.jar (net.java.dev.jna:jna-platform:5.6.0) with InstrumentationAnalysisTransform
Transforming jna-platform-5.6.0.jar (net.java.dev.jna:jna-platform:5.6.0) with MergeInstrumentationAnalysisTransform
Transforming juniversalchardet-1.0.3.jar (com.googlecode.juniversalchardet:juniversalchardet:1.0.3) with InstrumentationAnalysisTransform
Transforming annotations-31.3.1.jar (com.android.tools:annotations:31.3.1) with ExternalDependencyInstrumentingArtifactTransform
Transforming juniversalchardet-1.0.3.jar (com.googlecode.juniversalchardet:juniversalchardet:1.0.3) with MergeInstrumentationAnalysisTransform
Transforming jna-platform-5.6.0.jar (net.java.dev.jna:jna-platform:5.6.0) with ExternalDependencyInstrumentingArtifactTransform
Transforming javax.annotation-api-1.3.2.jar (javax.annotation:javax.annotation-api:1.3.2) with InstrumentationAnalysisTransform
Transforming javax.annotation-api-1.3.2.jar (javax.annotation:javax.annotation-api:1.3.2) with MergeInstrumentationAnalysisTransform
Transforming juniversalchardet-1.0.3.jar (com.googlecode.juniversalchardet:juniversalchardet:1.0.3) with ExternalDependencyInstrumentingArtifactTransform
Transforming stax-ex-1.8.1.jar (org.jvnet.staxex:stax-ex:1.8.1) with InstrumentationAnalysisTransform
Transforming stax-ex-1.8.1.jar (org.jvnet.staxex:stax-ex:1.8.1) with MergeInstrumentationAnalysisTransform
Transforming javax.annotation-api-1.3.2.jar (javax.annotation:javax.annotation-api:1.3.2) with ExternalDependencyInstrumentingArtifactTransform
Transforming jakarta.xml.bind-api-2.3.2.jar (jakarta.xml.bind:jakarta.xml.bind-api:2.3.2) with InstrumentationAnalysisTransform
Transforming jakarta.xml.bind-api-2.3.2.jar (jakarta.xml.bind:jakarta.xml.bind-api:2.3.2) with MergeInstrumentationAnalysisTransform
Transforming txw2-2.3.2.jar (org.glassfish.jaxb:txw2:2.3.2) with InstrumentationAnalysisTransform
Transforming txw2-2.3.2.jar (org.glassfish.jaxb:txw2:2.3.2) with MergeInstrumentationAnalysisTransform
Transforming istack-commons-runtime-3.0.8.jar (com.sun.istack:istack-commons-runtime:3.0.8) with InstrumentationAnalysisTransform
Transforming stax-ex-1.8.1.jar (org.jvnet.staxex:stax-ex:1.8.1) with ExternalDependencyInstrumentingArtifactTransform
Transforming istack-commons-runtime-3.0.8.jar (com.sun.istack:istack-commons-runtime:3.0.8) with MergeInstrumentationAnalysisTransform
Transforming FastInfoset-1.2.16.jar (com.sun.xml.fastinfoset:FastInfoset:1.2.16) with InstrumentationAnalysisTransform
Transforming FastInfoset-1.2.16.jar (com.sun.xml.fastinfoset:FastInfoset:1.2.16) with MergeInstrumentationAnalysisTransform
Transforming jakarta.activation-api-1.2.1.jar (jakarta.activation:jakarta.activation-api:1.2.1) with InstrumentationAnalysisTransform
Transforming jakarta.activation-api-1.2.1.jar (jakarta.activation:jakarta.activation-api:1.2.1) with MergeInstrumentationAnalysisTransform
Transforming auto-value-annotations-1.6.2.jar (com.google.auto.value:auto-value-annotations:1.6.2) with InstrumentationAnalysisTransform
Transforming jakarta.xml.bind-api-2.3.2.jar (jakarta.xml.bind:jakarta.xml.bind-api:2.3.2) with ExternalDependencyInstrumentingArtifactTransform
Transforming auto-value-annotations-1.6.2.jar (com.google.auto.value:auto-value-annotations:1.6.2) with MergeInstrumentationAnalysisTransform
Transforming error_prone_annotations-2.18.0.jar (com.google.errorprone:error_prone_annotations:2.18.0) with InstrumentationAnalysisTransform
Transforming error_prone_annotations-2.18.0.jar (com.google.errorprone:error_prone_annotations:2.18.0) with MergeInstrumentationAnalysisTransform
Transforming jose4j-0.7.0.jar (org.bitbucket.b_c:jose4j:0.7.0) with InstrumentationAnalysisTransform
Transforming jose4j-0.7.0.jar (org.bitbucket.b_c:jose4j:0.7.0) with MergeInstrumentationAnalysisTransform
Transforming slf4j-api-1.7.30.jar (org.slf4j:slf4j-api:1.7.30) with InstrumentationAnalysisTransform
Transforming slf4j-api-1.7.30.jar (org.slf4j:slf4j-api:1.7.30) with MergeInstrumentationAnalysisTransform
Transforming jdom2-2.0.6.jar (org.jdom:jdom2:2.0.6) with InstrumentationAnalysisTransform
Transforming jdom2-2.0.6.jar (org.jdom:jdom2:2.0.6) with MergeInstrumentationAnalysisTransform
Transforming jsr305-3.0.2.jar (com.google.code.findbugs:jsr305:3.0.2) with InstrumentationAnalysisTransform
Transforming istack-commons-runtime-3.0.8.jar (com.sun.istack:istack-commons-runtime:3.0.8) with ExternalDependencyInstrumentingArtifactTransform
Transforming FastInfoset-1.2.16.jar (com.sun.xml.fastinfoset:FastInfoset:1.2.16) with ExternalDependencyInstrumentingArtifactTransform
Transforming jakarta.activation-api-1.2.1.jar (jakarta.activation:jakarta.activation-api:1.2.1) with ExternalDependencyInstrumentingArtifactTransform
Transforming auto-value-annotations-1.6.2.jar (com.google.auto.value:auto-value-annotations:1.6.2) with ExternalDependencyInstrumentingArtifactTransform
Transforming error_prone_annotations-2.18.0.jar (com.google.errorprone:error_prone_annotations:2.18.0) with ExternalDependencyInstrumentingArtifactTransform
Transforming jose4j-0.7.0.jar (org.bitbucket.b_c:jose4j:0.7.0) with ExternalDependencyInstrumentingArtifactTransform
Transforming slf4j-api-1.7.30.jar (org.slf4j:slf4j-api:1.7.30) with ExternalDependencyInstrumentingArtifactTransform
Transforming jdom2-2.0.6.jar (org.jdom:jdom2:2.0.6) with ExternalDependencyInstrumentingArtifactTransform
Transforming txw2-2.3.2.jar (org.glassfish.jaxb:txw2:2.3.2) with ExternalDependencyInstrumentingArtifactTransform
Transforming jsr305-3.0.2.jar (com.google.code.findbugs:jsr305:3.0.2) with MergeInstrumentationAnalysisTransform
Transforming j2objc-annotations-2.8.jar (com.google.j2objc:j2objc-annotations:2.8) with InstrumentationAnalysisTransform
Transforming j2objc-annotations-2.8.jar (com.google.j2objc:j2objc-annotations:2.8) with MergeInstrumentationAnalysisTransform
Transforming annotations-4.1.1.4.jar (com.google.android:annotations:4.1.1.4) with InstrumentationAnalysisTransform
Transforming annotations-4.1.1.4.jar (com.google.android:annotations:4.1.1.4) with MergeInstrumentationAnalysisTransform
Transforming animal-sniffer-annotations-1.23.jar (org.codehaus.mojo:animal-sniffer-annotations:1.23) with InstrumentationAnalysisTransform
Transforming jsr305-3.0.2.jar (com.google.code.findbugs:jsr305:3.0.2) with ExternalDependencyInstrumentingArtifactTransform
Transforming animal-sniffer-annotations-1.23.jar (org.codehaus.mojo:animal-sniffer-annotations:1.23) with MergeInstrumentationAnalysisTransform
Transforming perfmark-api-0.26.0.jar (io.perfmark:perfmark-api:0.26.0) with InstrumentationAnalysisTransform
Transforming perfmark-api-0.26.0.jar (io.perfmark:perfmark-api:0.26.0) with MergeInstrumentationAnalysisTransform
Transforming netty-codec-http2-4.1.93.Final.jar (io.netty:netty-codec-http2:4.1.93.Final) with InstrumentationAnalysisTransform
Transforming netty-codec-http2-4.1.93.Final.jar (io.netty:netty-codec-http2:4.1.93.Final) with MergeInstrumentationAnalysisTransform
Transforming netty-handler-proxy-4.1.93.Final.jar (io.netty:netty-handler-proxy:4.1.93.Final) with InstrumentationAnalysisTransform
Transforming j2objc-annotations-2.8.jar (com.google.j2objc:j2objc-annotations:2.8) with ExternalDependencyInstrumentingArtifactTransform
Transforming netty-handler-proxy-4.1.93.Final.jar (io.netty:netty-handler-proxy:4.1.93.Final) with MergeInstrumentationAnalysisTransform
Transforming netty-codec-http-4.1.93.Final.jar (io.netty:netty-codec-http:4.1.93.Final) with InstrumentationAnalysisTransform
Transforming netty-codec-http-4.1.93.Final.jar (io.netty:netty-codec-http:4.1.93.Final) with MergeInstrumentationAnalysisTransform
Transforming netty-handler-4.1.93.Final.jar (io.netty:netty-handler:4.1.93.Final) with InstrumentationAnalysisTransform
Transforming annotations-4.1.1.4.jar (com.google.android:annotations:4.1.1.4) with ExternalDependencyInstrumentingArtifactTransform
Transforming netty-handler-4.1.93.Final.jar (io.netty:netty-handler:4.1.93.Final) with MergeInstrumentationAnalysisTransform
Transforming netty-transport-native-unix-common-4.1.93.Final.jar (io.netty:netty-transport-native-unix-common:4.1.93.Final) with InstrumentationAnalysisTransform
Transforming netty-transport-native-unix-common-4.1.93.Final.jar (io.netty:netty-transport-native-unix-common:4.1.93.Final) with MergeInstrumentationAnalysisTransform
Transforming checker-qual-3.33.0.jar (org.checkerframework:checker-qual:3.33.0) with InstrumentationAnalysisTransform
Transforming animal-sniffer-annotations-1.23.jar (org.codehaus.mojo:animal-sniffer-annotations:1.23) with ExternalDependencyInstrumentingArtifactTransform
Transforming checker-qual-3.33.0.jar (org.checkerframework:checker-qual:3.33.0) with MergeInstrumentationAnalysisTransform
Transforming commons-codec-1.11.jar (commons-codec:commons-codec:1.11) with InstrumentationAnalysisTransform
Transforming commons-codec-1.11.jar (commons-codec:commons-codec:1.11) with MergeInstrumentationAnalysisTransform
Transforming apksig-8.3.1.jar (com.android.tools.build:apksig:8.3.1) with InstrumentationAnalysisTransform
Transforming perfmark-api-0.26.0.jar (io.perfmark:perfmark-api:0.26.0) with ExternalDependencyInstrumentingArtifactTransform
Transforming apksig-8.3.1.jar (com.android.tools.build:apksig:8.3.1) with MergeInstrumentationAnalysisTransform
Transforming javawriter-2.5.0.jar (com.squareup:javawriter:2.5.0) with InstrumentationAnalysisTransform
Transforming javawriter-2.5.0.jar (com.squareup:javawriter:2.5.0) with MergeInstrumentationAnalysisTransform
Transforming kotlin-gradle-plugin-annotations-1.9.0.jar (org.jetbrains.kotlin:kotlin-gradle-plugin-annotations:1.9.0) with InstrumentationAnalysisTransform
Transforming netty-codec-http2-4.1.93.Final.jar (io.netty:netty-codec-http2:4.1.93.Final) with ExternalDependencyInstrumentingArtifactTransform
Transforming kotlin-gradle-plugin-annotations-1.9.0.jar (org.jetbrains.kotlin:kotlin-gradle-plugin-annotations:1.9.0) with MergeInstrumentationAnalysisTransform
Transforming kotlin-util-io-1.9.0.jar (org.jetbrains.kotlin:kotlin-util-io:1.9.0) with InstrumentationAnalysisTransform
Transforming kotlin-util-io-1.9.0.jar (org.jetbrains.kotlin:kotlin-util-io:1.9.0) with MergeInstrumentationAnalysisTransform
Transforming kotlin-daemon-embeddable-1.9.0.jar (org.jetbrains.kotlin:kotlin-daemon-embeddable:1.9.0) with InstrumentationAnalysisTransform
Transforming netty-handler-proxy-4.1.93.Final.jar (io.netty:netty-handler-proxy:4.1.93.Final) with ExternalDependencyInstrumentingArtifactTransform
Transforming kotlin-daemon-embeddable-1.9.0.jar (org.jetbrains.kotlin:kotlin-daemon-embeddable:1.9.0) with MergeInstrumentationAnalysisTransform
Transforming kotlin-daemon-client-1.9.0.jar (org.jetbrains.kotlin:kotlin-daemon-client:1.9.0) with InstrumentationAnalysisTransform
Transforming kotlin-daemon-client-1.9.0.jar (org.jetbrains.kotlin:kotlin-daemon-client:1.9.0) with MergeInstrumentationAnalysisTransform
Transforming kotlinx-coroutines-core-jvm-1.5.0.jar (org.jetbrains.kotlinx:kotlinx-coroutines-core-jvm:1.5.0) with InstrumentationAnalysisTransform
Transforming netty-codec-http-4.1.93.Final.jar (io.netty:netty-codec-http:4.1.93.Final) with ExternalDependencyInstrumentingArtifactTransform
Transforming kotlinx-coroutines-core-jvm-1.5.0.jar (org.jetbrains.kotlinx:kotlinx-coroutines-core-jvm:1.5.0) with MergeInstrumentationAnalysisTransform
Transforming kotlin-scripting-jvm-1.9.0.jar (org.jetbrains.kotlin:kotlin-scripting-jvm:1.9.0) with InstrumentationAnalysisTransform
Transforming kotlin-scripting-jvm-1.9.0.jar (org.jetbrains.kotlin:kotlin-scripting-jvm:1.9.0) with MergeInstrumentationAnalysisTransform
Transforming kotlin-scripting-common-1.9.0.jar (org.jetbrains.kotlin:kotlin-scripting-common:1.9.0) with InstrumentationAnalysisTransform
Transforming netty-handler-4.1.93.Final.jar (io.netty:netty-handler:4.1.93.Final) with ExternalDependencyInstrumentingArtifactTransform
Transforming kotlin-scripting-common-1.9.0.jar (org.jetbrains.kotlin:kotlin-scripting-common:1.9.0) with MergeInstrumentationAnalysisTransform
Transforming failureaccess-1.0.1.jar (com.google.guava:failureaccess:1.0.1) with InstrumentationAnalysisTransform
Transforming failureaccess-1.0.1.jar (com.google.guava:failureaccess:1.0.1) with MergeInstrumentationAnalysisTransform
Transforming listenablefuture-9999.0-empty-to-avoid-conflict-with-guava.jar (com.google.guava:listenablefuture:9999.0-empty-to-avoid-conflict-with-guava) with InstrumentationAnalysisTransform
Transforming netty-transport-native-unix-common-4.1.93.Final.jar (io.netty:netty-transport-native-unix-common:4.1.93.Final) with ExternalDependencyInstrumentingArtifactTransform
Transforming listenablefuture-9999.0-empty-to-avoid-conflict-with-guava.jar (com.google.guava:listenablefuture:9999.0-empty-to-avoid-conflict-with-guava) with MergeInstrumentationAnalysisTransform
Transforming commons-logging-1.2.jar (commons-logging:commons-logging:1.2) with InstrumentationAnalysisTransform
Transforming commons-logging-1.2.jar (commons-logging:commons-logging:1.2) with MergeInstrumentationAnalysisTransform
Transforming jna-5.6.0.jar (net.java.dev.jna:jna:5.6.0) with InstrumentationAnalysisTransform
Transforming checker-qual-3.33.0.jar (org.checkerframework:checker-qual:3.33.0) with ExternalDependencyInstrumentingArtifactTransform
Transforming jna-5.6.0.jar (net.java.dev.jna:jna:5.6.0) with MergeInstrumentationAnalysisTransform
Transforming kotlin-stdlib-common-1.9.0.jar (org.jetbrains.kotlin:kotlin-stdlib-common:1.9.0) with InstrumentationAnalysisTransform
Transforming kotlin-stdlib-common-1.9.0.jar (org.jetbrains.kotlin:kotlin-stdlib-common:1.9.0) with MergeInstrumentationAnalysisTransform
Transforming netty-codec-socks-4.1.93.Final.jar (io.netty:netty-codec-socks:4.1.93.Final) with InstrumentationAnalysisTransform
Transforming netty-codec-socks-4.1.93.Final.jar (io.netty:netty-codec-socks:4.1.93.Final) with MergeInstrumentationAnalysisTransform
Transforming netty-codec-4.1.93.Final.jar (io.netty:netty-codec:4.1.93.Final) with InstrumentationAnalysisTransform
Transforming javawriter-2.5.0.jar (com.squareup:javawriter:2.5.0) with ExternalDependencyInstrumentingArtifactTransform
Transforming kotlin-gradle-plugin-annotations-1.9.0.jar (org.jetbrains.kotlin:kotlin-gradle-plugin-annotations:1.9.0) with ExternalDependencyInstrumentingArtifactTransform
Transforming apksig-8.3.1.jar (com.android.tools.build:apksig:8.3.1) with ExternalDependencyInstrumentingArtifactTransform
Transforming kotlin-util-io-1.9.0.jar (org.jetbrains.kotlin:kotlin-util-io:1.9.0) with ExternalDependencyInstrumentingArtifactTransform
Transforming kotlin-daemon-embeddable-1.9.0.jar (org.jetbrains.kotlin:kotlin-daemon-embeddable:1.9.0) with ExternalDependencyInstrumentingArtifactTransform
Transforming kotlin-daemon-client-1.9.0.jar (org.jetbrains.kotlin:kotlin-daemon-client:1.9.0) with ExternalDependencyInstrumentingArtifactTransform
Transforming commons-codec-1.11.jar (commons-codec:commons-codec:1.11) with ExternalDependencyInstrumentingArtifactTransform
Transforming kotlin-scripting-jvm-1.9.0.jar (org.jetbrains.kotlin:kotlin-scripting-jvm:1.9.0) with ExternalDependencyInstrumentingArtifactTransform
Transforming failureaccess-1.0.1.jar (com.google.guava:failureaccess:1.0.1) with ExternalDependencyInstrumentingArtifactTransform
Transforming listenablefuture-9999.0-empty-to-avoid-conflict-with-guava.jar (com.google.guava:listenablefuture:9999.0-empty-to-avoid-conflict-with-guava) with ExternalDependencyInstrumentingArtifactTransform
Transforming kotlinx-coroutines-core-jvm-1.5.0.jar (org.jetbrains.kotlinx:kotlinx-coroutines-core-jvm:1.5.0) with ExternalDependencyInstrumentingArtifactTransform
Transforming netty-codec-4.1.93.Final.jar (io.netty:netty-codec:4.1.93.Final) with MergeInstrumentationAnalysisTransform
Transforming commons-logging-1.2.jar (commons-logging:commons-logging:1.2) with ExternalDependencyInstrumentingArtifactTransform
Transforming netty-transport-4.1.93.Final.jar (io.netty:netty-transport:4.1.93.Final) with InstrumentationAnalysisTransform
Transforming kotlin-scripting-common-1.9.0.jar (org.jetbrains.kotlin:kotlin-scripting-common:1.9.0) with ExternalDependencyInstrumentingArtifactTransform
Transforming netty-transport-4.1.93.Final.jar (io.netty:netty-transport:4.1.93.Final) with MergeInstrumentationAnalysisTransform
Transforming netty-buffer-4.1.93.Final.jar (io.netty:netty-buffer:4.1.93.Final) with InstrumentationAnalysisTransform
Transforming netty-transport-4.1.93.Final.jar (io.netty:netty-transport:4.1.93.Final) with ExternalDependencyInstrumentingArtifactTransform
Transforming jna-5.6.0.jar (net.java.dev.jna:jna:5.6.0) with ExternalDependencyInstrumentingArtifactTransform
Transforming netty-buffer-4.1.93.Final.jar (io.netty:netty-buffer:4.1.93.Final) with MergeInstrumentationAnalysisTransform
Transforming netty-codec-socks-4.1.93.Final.jar (io.netty:netty-codec-socks:4.1.93.Final) with ExternalDependencyInstrumentingArtifactTransform
Transforming netty-buffer-4.1.93.Final.jar (io.netty:netty-buffer:4.1.93.Final) with ExternalDependencyInstrumentingArtifactTransform
Transforming netty-codec-4.1.93.Final.jar (io.netty:netty-codec:4.1.93.Final) with ExternalDependencyInstrumentingArtifactTransform
Transforming netty-resolver-4.1.93.Final.jar (io.netty:netty-resolver:4.1.93.Final) with InstrumentationAnalysisTransform
Transforming netty-resolver-4.1.93.Final.jar (io.netty:netty-resolver:4.1.93.Final) with MergeInstrumentationAnalysisTransform
Transforming netty-common-4.1.93.Final.jar (io.netty:netty-common:4.1.93.Final) with InstrumentationAnalysisTransform
Transforming netty-common-4.1.93.Final.jar (io.netty:netty-common:4.1.93.Final) with MergeInstrumentationAnalysisTransform
Transforming kotlin-stdlib-common-1.9.0.jar (org.jetbrains.kotlin:kotlin-stdlib-common:1.9.0) with ExternalDependencyInstrumentingArtifactTransform
Transforming netty-common-4.1.93.Final.jar (io.netty:netty-common:4.1.93.Final) with ExternalDependencyInstrumentingArtifactTransform
Transforming netty-resolver-4.1.93.Final.jar (io.netty:netty-resolver:4.1.93.Final) with ExternalDependencyInstrumentingArtifactTransform
Using default execution profile
Using Kotlin Gradle Plugin gradle81 variant

> Configure project :webview_flutter_android
Evaluating project ':webview_flutter_android' using build file '/home/cookie/.pub-cache/hosted/pub.dev/webview_flutter_android-4.10.11/android/build.gradle'.
Transforming gradle-8.13.1.jar (com.android.tools.build:gradle:8.13.1) with InstrumentationAnalysisTransform
Transforming kotlin-gradle-plugin-model-1.9.0.jar (org.jetbrains.kotlin:kotlin-gradle-plugin-model:1.9.0) with InstrumentationAnalysisTransform
Transforming kotlin-gradle-plugin-api-1.9.0-gradle81.jar (org.jetbrains.kotlin:kotlin-gradle-plugin-api:1.9.0) with InstrumentationAnalysisTransform
Transforming kotlin-gradle-plugin-api-1.9.0.jar (org.jetbrains.kotlin:kotlin-gradle-plugin-api:1.9.0) with InstrumentationAnalysisTransform
Transforming kotlin-gradle-plugin-1.9.0-gradle81.jar (org.jetbrains.kotlin:kotlin-gradle-plugin:1.9.0) with InstrumentationAnalysisTransform
Transforming gradle-api-8.13.1.jar (com.android.tools.build:gradle-api:8.13.1) with InstrumentationAnalysisTransform
Transforming gradle-common-api-8.13.1.jar (com.android.tools.build:gradle-common-api:8.13.1) with InstrumentationAnalysisTransform
Transforming gradle-settings-api-8.13.1.jar (com.android.tools.build:gradle-settings-api:8.13.1) with InstrumentationAnalysisTransform
Transforming lint-model-31.13.1.jar (com.android.tools.lint:lint-model:31.13.1) with InstrumentationAnalysisTransform
Transforming builder-8.13.1.jar (com.android.tools.build:builder:8.13.1) with InstrumentationAnalysisTransform
Transforming manifest-merger-31.13.1.jar (com.android.tools.build:manifest-merger:31.13.1) with InstrumentationAnalysisTransform
Transforming sdk-common-31.13.1.jar (com.android.tools:sdk-common:31.13.1) with InstrumentationAnalysisTransform
Transforming sdklib-31.13.1.jar (com.android.tools:sdklib:31.13.1) with InstrumentationAnalysisTransform
Transforming repository-31.13.1.jar (com.android.tools:repository:31.13.1) with InstrumentationAnalysisTransform
Transforming builder-test-api-8.13.1.jar (com.android.tools.build:builder-test-api:8.13.1) with InstrumentationAnalysisTransform
Transforming ddmlib-31.13.1.jar (com.android.tools.ddms:ddmlib:31.13.1) with InstrumentationAnalysisTransform
Transforming aaptcompiler-8.13.1.jar (com.android.tools.build:aaptcompiler:8.13.1) with InstrumentationAnalysisTransform
Transforming bundletool-1.18.1.jar (com.android.tools.build:bundletool:1.18.1) with InstrumentationAnalysisTransform
Transforming aapt2-proto-8.13.1-13719691.jar (com.android.tools.build:aapt2-proto:8.13.1-13719691) with InstrumentationAnalysisTransform
Transforming crash-31.13.1.jar (com.android.tools.analytics-library:crash:31.13.1) with InstrumentationAnalysisTransform
Transforming tracker-31.13.1.jar (com.android.tools.analytics-library:tracker:31.13.1) with InstrumentationAnalysisTransform
Transforming shared-31.13.1.jar (com.android.tools.analytics-library:shared:31.13.1) with InstrumentationAnalysisTransform
Transforming lint-typedef-remover-31.13.1.jar (com.android.tools.lint:lint-typedef-remover:31.13.1) with InstrumentationAnalysisTransform
Transforming databinding-compiler-common-8.13.1.jar (androidx.databinding:databinding-compiler-common:8.13.1) with InstrumentationAnalysisTransform
Transforming databinding-common-8.13.1.jar (androidx.databinding:databinding-common:8.13.1) with InstrumentationAnalysisTransform
Transforming baseLibrary-8.13.1.jar (com.android.databinding:baseLibrary:8.13.1) with InstrumentationAnalysisTransform
Transforming layoutlib-api-31.13.1.jar (com.android.tools.layoutlib:layoutlib-api:31.13.1) with InstrumentationAnalysisTransform
Transforming android-device-provider-ddmlib-proto-31.13.1.jar (com.android.tools.utp:android-device-provider-ddmlib-proto:31.13.1) with InstrumentationAnalysisTransform
Transforming android-device-provider-profile-proto-31.13.1.jar (com.android.tools.utp:android-device-provider-profile-proto:31.13.1) with InstrumentationAnalysisTransform
Transforming android-test-plugin-host-additional-test-output-proto-31.13.1.jar (com.android.tools.utp:android-test-plugin-host-additional-test-output-proto:31.13.1) with InstrumentationAnalysisTransform
Transforming android-test-plugin-host-coverage-proto-31.13.1.jar (com.android.tools.utp:android-test-plugin-host-coverage-proto:31.13.1) with InstrumentationAnalysisTransform
Transforming android-test-plugin-host-emulator-control-proto-31.13.1.jar (com.android.tools.utp:android-test-plugin-host-emulator-control-proto:31.13.1) with InstrumentationAnalysisTransform
Transforming android-test-plugin-host-logcat-proto-31.13.1.jar (com.android.tools.utp:android-test-plugin-host-logcat-proto:31.13.1) with InstrumentationAnalysisTransform
Transforming android-test-plugin-host-apk-installer-proto-31.13.1.jar (com.android.tools.utp:android-test-plugin-host-apk-installer-proto:31.13.1) with InstrumentationAnalysisTransform
Transforming android-test-plugin-result-listener-gradle-proto-31.13.1.jar (com.android.tools.utp:android-test-plugin-result-listener-gradle-proto:31.13.1) with InstrumentationAnalysisTransform
Transforming jetifier-processor-1.0.0-beta10.jar (com.android.tools.build.jetifier:jetifier-processor:1.0.0-beta10) with InstrumentationAnalysisTransform
Transforming jetifier-core-1.0.0-beta10.jar (com.android.tools.build.jetifier:jetifier-core:1.0.0-beta10) with InstrumentationAnalysisTransform
Transforming builder-model-8.13.1.jar (com.android.tools.build:builder-model:8.13.1) with InstrumentationAnalysisTransform
Transforming kotlin-reflect-1.9.0.jar (org.jetbrains.kotlin:kotlin-reflect:1.9.0) with InstrumentationAnalysisTransform
Transforming dvlib-31.13.1.jar (com.android.tools:dvlib:31.13.1) with InstrumentationAnalysisTransform
Transforming common-31.13.1.jar (com.android.tools:common:31.13.1) with InstrumentationAnalysisTransform
Transforming kotlin-stdlib-jdk8-1.9.0.jar (org.jetbrains.kotlin:kotlin-stdlib-jdk8:1.9.0) with InstrumentationAnalysisTransform
Transforming kotlin-stdlib-jdk7-1.9.0.jar (org.jetbrains.kotlin:kotlin-stdlib-jdk7:1.9.0) with InstrumentationAnalysisTransform
Transforming kotlin-compiler-runner-1.9.0.jar (org.jetbrains.kotlin:kotlin-compiler-runner:1.9.0) with InstrumentationAnalysisTransform
Transforming kotlinx-coroutines-core-jvm-1.9.0.jar (org.jetbrains.kotlinx:kotlinx-coroutines-core-jvm:1.9.0) with InstrumentationAnalysisTransform
Transforming kotlin-stdlib-1.9.0.jar (org.jetbrains.kotlin:kotlin-stdlib:1.9.0) with InstrumentationAnalysisTransform
Transforming transform-api-2.0.0-deprecated-use-gradle-api.jar (com.android.tools.build:transform-api:2.0.0-deprecated-use-gradle-api) with InstrumentationAnalysisTransform
Transforming httpmime-4.5.6.jar (org.apache.httpcomponents:httpmime:4.5.6) with InstrumentationAnalysisTransform
Transforming commons-io-2.16.1.jar (commons-io:commons-io:2.16.1) with InstrumentationAnalysisTransform
Transforming asm-commons-9.8.jar (org.ow2.asm:asm-commons:9.8) with InstrumentationAnalysisTransform
Transforming asm-util-9.8.jar (org.ow2.asm:asm-util:9.8) with InstrumentationAnalysisTransform
Transforming asm-analysis-9.8.jar (org.ow2.asm:asm-analysis:9.8) with InstrumentationAnalysisTransform
Transforming asm-tree-9.8.jar (org.ow2.asm:asm-tree:9.8) with InstrumentationAnalysisTransform
Transforming asm-9.8.jar (org.ow2.asm:asm:9.8) with InstrumentationAnalysisTransform
Transforming apkzlib-8.13.1.jar (com.android.tools.build:apkzlib:8.13.1) with InstrumentationAnalysisTransform
Transforming bcpkix-jdk18on-1.79.jar (org.bouncycastle:bcpkix-jdk18on:1.79) with InstrumentationAnalysisTransform
Transforming jaxb-runtime-2.3.2.jar (org.glassfish.jaxb:jaxb-runtime:2.3.2) with InstrumentationAnalysisTransform
Transforming jopt-simple-4.9.jar (net.sf.jopt-simple:jopt-simple:4.9) with InstrumentationAnalysisTransform
Transforming javapoet-1.10.0.jar (com.squareup:javapoet:1.10.0) with InstrumentationAnalysisTransform
Transforming protobuf-java-util-3.25.5.jar (com.google.protobuf:protobuf-java-util:3.25.5) with InstrumentationAnalysisTransform
Transforming grpc-protobuf-1.69.1.jar (io.grpc:grpc-protobuf:1.69.1) with InstrumentationAnalysisTransform
Transforming tink-1.7.0.jar (com.google.crypto.tink:tink:1.7.0) with InstrumentationAnalysisTransform
Transforming core-proto-0.0.9-alpha03.jar (com.google.testing.platform:core-proto:0.0.9-alpha03) with InstrumentationAnalysisTransform
Transforming protos-31.13.1.jar (com.android.tools.analytics-library:protos:31.13.1) with InstrumentationAnalysisTransform
Transforming proto-google-common-protos-2.48.0.jar (com.google.api.grpc:proto-google-common-protos:2.48.0) with InstrumentationAnalysisTransform
Transforming protobuf-java-3.25.5.jar (com.google.protobuf:protobuf-java:3.25.5) with InstrumentationAnalysisTransform
Transforming grpc-netty-1.69.1.jar (io.grpc:grpc-netty:1.69.1) with InstrumentationAnalysisTransform
Transforming grpc-inprocess-1.69.1.jar (io.grpc:grpc-inprocess:1.69.1) with InstrumentationAnalysisTransform
Transforming grpc-util-1.69.1.jar (io.grpc:grpc-util:1.69.1) with InstrumentationAnalysisTransform
Transforming grpc-core-1.69.1.jar (io.grpc:grpc-core:1.69.1) with InstrumentationAnalysisTransform
Transforming gson-2.11.0.jar (com.google.code.gson:gson:2.11.0) with InstrumentationAnalysisTransform
Transforming grpc-stub-1.69.1.jar (io.grpc:grpc-stub:1.69.1) with InstrumentationAnalysisTransform
Transforming tensorflow-lite-metadata-0.2.0.jar (org.tensorflow:tensorflow-lite-metadata:0.2.0) with InstrumentationAnalysisTransform
Transforming flatbuffers-java-1.12.0.jar (com.google.flatbuffers:flatbuffers-java:1.12.0) with InstrumentationAnalysisTransform
Transforming kotlin-gradle-plugin-idea-proto-1.9.0.jar (org.jetbrains.kotlin:kotlin-gradle-plugin-idea-proto:1.9.0) with InstrumentationAnalysisTransform
Transforming kotlin-gradle-plugin-idea-1.9.0.jar (org.jetbrains.kotlin:kotlin-gradle-plugin-idea:1.9.0) with InstrumentationAnalysisTransform
Transforming kotlin-project-model-1.9.0.jar (org.jetbrains.kotlin:kotlin-project-model:1.9.0) with InstrumentationAnalysisTransform
Transforming kotlin-tooling-core-1.9.0.jar (org.jetbrains.kotlin:kotlin-tooling-core:1.9.0) with InstrumentationAnalysisTransform
Transforming kotlin-klib-commonizer-api-1.9.0.jar (org.jetbrains.kotlin:kotlin-klib-commonizer-api:1.9.0) with InstrumentationAnalysisTransform
Transforming kotlin-native-utils-1.9.0.jar (org.jetbrains.kotlin:kotlin-native-utils:1.9.0) with InstrumentationAnalysisTransform
Transforming kotlin-util-klib-1.9.0.jar (org.jetbrains.kotlin:kotlin-util-klib:1.9.0) with InstrumentationAnalysisTransform
Transforming kotlin-build-tools-api-1.9.0.jar (org.jetbrains.kotlin:kotlin-build-tools-api:1.9.0) with InstrumentationAnalysisTransform
Transforming kotlin-android-extensions-1.9.0.jar (org.jetbrains.kotlin:kotlin-android-extensions:1.9.0) with InstrumentationAnalysisTransform
Transforming kotlin-compiler-embeddable-1.9.0.jar (org.jetbrains.kotlin:kotlin-compiler-embeddable:1.9.0) with InstrumentationAnalysisTransform
Transforming kotlin-scripting-compiler-embeddable-1.9.0.jar (org.jetbrains.kotlin:kotlin-scripting-compiler-embeddable:1.9.0) with InstrumentationAnalysisTransform
Transforming kotlin-scripting-compiler-impl-embeddable-1.9.0.jar (org.jetbrains.kotlin:kotlin-scripting-compiler-impl-embeddable:1.9.0) with InstrumentationAnalysisTransform
Transforming jimfs-1.1.jar (com.google.jimfs:jimfs:1.1) with InstrumentationAnalysisTransform
Transforming grpc-context-1.69.1.jar (io.grpc:grpc-context:1.69.1) with InstrumentationAnalysisTransform
Transforming grpc-protobuf-lite-1.69.1.jar (io.grpc:grpc-protobuf-lite:1.69.1) with InstrumentationAnalysisTransform
Transforming grpc-api-1.69.1.jar (io.grpc:grpc-api:1.69.1) with InstrumentationAnalysisTransform
Transforming guava-33.3.1-jre.jar (com.google.guava:guava:33.3.1-jre) with InstrumentationAnalysisTransform
Transforming dagger-2.28.3.jar (com.google.dagger:dagger:2.28.3) with InstrumentationAnalysisTransform
Transforming javax.inject-1.jar (javax.inject:javax.inject:1) with InstrumentationAnalysisTransform
Transforming kxml2-2.3.0.jar (net.sf.kxml:kxml2:2.3.0) with InstrumentationAnalysisTransform
Transforming commons-compress-1.21.jar (org.apache.commons:commons-compress:1.21) with InstrumentationAnalysisTransform
Transforming bcutil-jdk18on-1.79.jar (org.bouncycastle:bcutil-jdk18on:1.79) with InstrumentationAnalysisTransform
Transforming bcprov-jdk18on-1.79.jar (org.bouncycastle:bcprov-jdk18on:1.79) with InstrumentationAnalysisTransform
Transforming httpclient-4.5.14.jar (org.apache.httpcomponents:httpclient:4.5.14) with InstrumentationAnalysisTransform
Transforming httpcore-4.4.16.jar (org.apache.httpcomponents:httpcore:4.4.16) with InstrumentationAnalysisTransform
Transforming javax.activation-1.2.0.jar (com.sun.activation:javax.activation:1.2.0) with InstrumentationAnalysisTransform
Transforming annotations-23.0.0.jar (org.jetbrains:annotations:23.0.0) with InstrumentationAnalysisTransform
Transforming signflinger-8.13.1.jar (com.android:signflinger:8.13.1) with InstrumentationAnalysisTransform
Transforming zipflinger-8.13.1.jar (com.android:zipflinger:8.13.1) with InstrumentationAnalysisTransform
Transforming annotations-31.13.1.jar (com.android.tools:annotations:31.13.1) with InstrumentationAnalysisTransform
Transforming jna-platform-5.6.0.jar (net.java.dev.jna:jna-platform:5.6.0) with InstrumentationAnalysisTransform
Transforming juniversalchardet-1.0.3.jar (com.googlecode.juniversalchardet:juniversalchardet:1.0.3) with InstrumentationAnalysisTransform
Transforming javax.annotation-api-1.3.2.jar (javax.annotation:javax.annotation-api:1.3.2) with InstrumentationAnalysisTransform
Transforming kotlin-stdlib-common-1.9.0.jar (org.jetbrains.kotlin:kotlin-stdlib-common:1.9.0) with InstrumentationAnalysisTransform
Transforming stax-ex-1.8.1.jar (org.jvnet.staxex:stax-ex:1.8.1) with InstrumentationAnalysisTransform
Transforming jakarta.xml.bind-api-2.3.2.jar (jakarta.xml.bind:jakarta.xml.bind-api:2.3.2) with InstrumentationAnalysisTransform
Transforming txw2-2.3.2.jar (org.glassfish.jaxb:txw2:2.3.2) with InstrumentationAnalysisTransform
Transforming istack-commons-runtime-3.0.8.jar (com.sun.istack:istack-commons-runtime:3.0.8) with InstrumentationAnalysisTransform
Transforming FastInfoset-1.2.16.jar (com.sun.xml.fastinfoset:FastInfoset:1.2.16) with InstrumentationAnalysisTransform
Transforming jakarta.activation-api-1.2.1.jar (jakarta.activation:jakarta.activation-api:1.2.1) with InstrumentationAnalysisTransform
Transforming auto-value-annotations-1.6.2.jar (com.google.auto.value:auto-value-annotations:1.6.2) with InstrumentationAnalysisTransform
Transforming error_prone_annotations-2.30.0.jar (com.google.errorprone:error_prone_annotations:2.30.0) with InstrumentationAnalysisTransform
Transforming jose4j-0.9.5.jar (org.bitbucket.b_c:jose4j:0.9.5) with InstrumentationAnalysisTransform
Transforming slf4j-api-1.7.30.jar (org.slf4j:slf4j-api:1.7.30) with InstrumentationAnalysisTransform
Transforming jdom2-2.0.6.jar (org.jdom:jdom2:2.0.6) with InstrumentationAnalysisTransform
Transforming jsr305-3.0.2.jar (com.google.code.findbugs:jsr305:3.0.2) with InstrumentationAnalysisTransform
Transforming j2objc-annotations-3.0.0.jar (com.google.j2objc:j2objc-annotations:3.0.0) with InstrumentationAnalysisTransform
Transforming annotations-4.1.1.4.jar (com.google.android:annotations:4.1.1.4) with InstrumentationAnalysisTransform
Transforming animal-sniffer-annotations-1.24.jar (org.codehaus.mojo:animal-sniffer-annotations:1.24) with InstrumentationAnalysisTransform
Transforming perfmark-api-0.27.0.jar (io.perfmark:perfmark-api:0.27.0) with InstrumentationAnalysisTransform
Transforming netty-codec-http2-4.1.110.Final.jar (io.netty:netty-codec-http2:4.1.110.Final) with InstrumentationAnalysisTransform
Transforming netty-handler-proxy-4.1.110.Final.jar (io.netty:netty-handler-proxy:4.1.110.Final) with InstrumentationAnalysisTransform
Transforming netty-codec-http-4.1.110.Final.jar (io.netty:netty-codec-http:4.1.110.Final) with InstrumentationAnalysisTransform
Transforming netty-handler-4.1.110.Final.jar (io.netty:netty-handler:4.1.110.Final) with InstrumentationAnalysisTransform
Transforming netty-transport-native-unix-common-4.1.110.Final.jar (io.netty:netty-transport-native-unix-common:4.1.110.Final) with InstrumentationAnalysisTransform
Transforming checker-qual-3.43.0.jar (org.checkerframework:checker-qual:3.43.0) with InstrumentationAnalysisTransform
Transforming apksig-8.13.1.jar (com.android.tools.build:apksig:8.13.1) with InstrumentationAnalysisTransform
Transforming javawriter-2.5.0.jar (com.squareup:javawriter:2.5.0) with InstrumentationAnalysisTransform
Transforming kotlin-gradle-plugin-annotations-1.9.0.jar (org.jetbrains.kotlin:kotlin-gradle-plugin-annotations:1.9.0) with InstrumentationAnalysisTransform
Transforming kotlin-util-io-1.9.0.jar (org.jetbrains.kotlin:kotlin-util-io:1.9.0) with InstrumentationAnalysisTransform
Transforming kotlin-daemon-embeddable-1.9.0.jar (org.jetbrains.kotlin:kotlin-daemon-embeddable:1.9.0) with InstrumentationAnalysisTransform
Transforming trove4j-1.0.20200330.jar (org.jetbrains.intellij.deps:trove4j:1.0.20200330) with InstrumentationAnalysisTransform
Transforming kotlin-daemon-client-1.9.0.jar (org.jetbrains.kotlin:kotlin-daemon-client:1.9.0) with InstrumentationAnalysisTransform
Transforming kotlin-scripting-jvm-1.9.0.jar (org.jetbrains.kotlin:kotlin-scripting-jvm:1.9.0) with InstrumentationAnalysisTransform
Transforming kotlin-scripting-common-1.9.0.jar (org.jetbrains.kotlin:kotlin-scripting-common:1.9.0) with InstrumentationAnalysisTransform
Transforming failureaccess-1.0.2.jar (com.google.guava:failureaccess:1.0.2) with InstrumentationAnalysisTransform
Transforming listenablefuture-9999.0-empty-to-avoid-conflict-with-guava.jar (com.google.guava:listenablefuture:9999.0-empty-to-avoid-conflict-with-guava) with InstrumentationAnalysisTransform
Transforming commons-logging-1.2.jar (commons-logging:commons-logging:1.2) with InstrumentationAnalysisTransform
Transforming commons-codec-1.11.jar (commons-codec:commons-codec:1.11) with InstrumentationAnalysisTransform
Transforming jna-5.6.0.jar (net.java.dev.jna:jna:5.6.0) with InstrumentationAnalysisTransform
Transforming netty-codec-socks-4.1.110.Final.jar (io.netty:netty-codec-socks:4.1.110.Final) with InstrumentationAnalysisTransform
Transforming netty-codec-4.1.110.Final.jar (io.netty:netty-codec:4.1.110.Final) with InstrumentationAnalysisTransform
Transforming netty-transport-4.1.110.Final.jar (io.netty:netty-transport:4.1.110.Final) with InstrumentationAnalysisTransform
Transforming netty-buffer-4.1.110.Final.jar (io.netty:netty-buffer:4.1.110.Final) with InstrumentationAnalysisTransform
Transforming netty-resolver-4.1.110.Final.jar (io.netty:netty-resolver:4.1.110.Final) with InstrumentationAnalysisTransform
Transforming netty-common-4.1.110.Final.jar (io.netty:netty-common:4.1.110.Final) with InstrumentationAnalysisTransform
Transforming gradle-8.13.1.jar (com.android.tools.build:gradle:8.13.1) with InstrumentationAnalysisTransform
Transforming gradle-8.13.1.jar (com.android.tools.build:gradle:8.13.1) with MergeInstrumentationAnalysisTransform
Transforming kotlin-gradle-plugin-model-1.9.0.jar (org.jetbrains.kotlin:kotlin-gradle-plugin-model:1.9.0) with InstrumentationAnalysisTransform
Transforming kotlin-gradle-plugin-model-1.9.0.jar (org.jetbrains.kotlin:kotlin-gradle-plugin-model:1.9.0) with MergeInstrumentationAnalysisTransform
Transforming kotlin-gradle-plugin-api-1.9.0-gradle81.jar (org.jetbrains.kotlin:kotlin-gradle-plugin-api:1.9.0) with InstrumentationAnalysisTransform
Transforming kotlin-gradle-plugin-api-1.9.0-gradle81.jar (org.jetbrains.kotlin:kotlin-gradle-plugin-api:1.9.0) with MergeInstrumentationAnalysisTransform
Transforming kotlin-gradle-plugin-api-1.9.0.jar (org.jetbrains.kotlin:kotlin-gradle-plugin-api:1.9.0) with InstrumentationAnalysisTransform
Transforming gradle-8.13.1.jar (com.android.tools.build:gradle:8.13.1) with ExternalDependencyInstrumentingArtifactTransform
Transforming kotlin-gradle-plugin-api-1.9.0.jar (org.jetbrains.kotlin:kotlin-gradle-plugin-api:1.9.0) with MergeInstrumentationAnalysisTransform
Transforming kotlin-gradle-plugin-model-1.9.0.jar (org.jetbrains.kotlin:kotlin-gradle-plugin-model:1.9.0) with ExternalDependencyInstrumentingArtifactTransform
Transforming kotlin-gradle-plugin-1.9.0-gradle81.jar (org.jetbrains.kotlin:kotlin-gradle-plugin:1.9.0) with InstrumentationAnalysisTransform
Transforming kotlin-gradle-plugin-api-1.9.0-gradle81.jar (org.jetbrains.kotlin:kotlin-gradle-plugin-api:1.9.0) with ExternalDependencyInstrumentingArtifactTransform
Transforming kotlin-gradle-plugin-1.9.0-gradle81.jar (org.jetbrains.kotlin:kotlin-gradle-plugin:1.9.0) with MergeInstrumentationAnalysisTransform
Transforming kotlin-gradle-plugin-api-1.9.0.jar (org.jetbrains.kotlin:kotlin-gradle-plugin-api:1.9.0) with ExternalDependencyInstrumentingArtifactTransform
Transforming gradle-api-8.13.1.jar (com.android.tools.build:gradle-api:8.13.1) with InstrumentationAnalysisTransform
Transforming gradle-api-8.13.1.jar (com.android.tools.build:gradle-api:8.13.1) with MergeInstrumentationAnalysisTransform
Transforming gradle-common-api-8.13.1.jar (com.android.tools.build:gradle-common-api:8.13.1) with InstrumentationAnalysisTransform
Transforming kotlin-gradle-plugin-1.9.0-gradle81.jar (org.jetbrains.kotlin:kotlin-gradle-plugin:1.9.0) with ExternalDependencyInstrumentingArtifactTransform
Transforming gradle-common-api-8.13.1.jar (com.android.tools.build:gradle-common-api:8.13.1) with MergeInstrumentationAnalysisTransform
Transforming gradle-api-8.13.1.jar (com.android.tools.build:gradle-api:8.13.1) with ExternalDependencyInstrumentingArtifactTransform
Transforming gradle-settings-api-8.13.1.jar (com.android.tools.build:gradle-settings-api:8.13.1) with InstrumentationAnalysisTransform
Transforming gradle-settings-api-8.13.1.jar (com.android.tools.build:gradle-settings-api:8.13.1) with MergeInstrumentationAnalysisTransform
Transforming gradle-common-api-8.13.1.jar (com.android.tools.build:gradle-common-api:8.13.1) with ExternalDependencyInstrumentingArtifactTransform
Transforming lint-model-31.13.1.jar (com.android.tools.lint:lint-model:31.13.1) with InstrumentationAnalysisTransform
Transforming lint-model-31.13.1.jar (com.android.tools.lint:lint-model:31.13.1) with MergeInstrumentationAnalysisTransform
Transforming gradle-settings-api-8.13.1.jar (com.android.tools.build:gradle-settings-api:8.13.1) with ExternalDependencyInstrumentingArtifactTransform
Transforming builder-8.13.1.jar (com.android.tools.build:builder:8.13.1) with InstrumentationAnalysisTransform
Transforming builder-8.13.1.jar (com.android.tools.build:builder:8.13.1) with MergeInstrumentationAnalysisTransform
Transforming lint-model-31.13.1.jar (com.android.tools.lint:lint-model:31.13.1) with ExternalDependencyInstrumentingArtifactTransform
Transforming manifest-merger-31.13.1.jar (com.android.tools.build:manifest-merger:31.13.1) with InstrumentationAnalysisTransform
Transforming manifest-merger-31.13.1.jar (com.android.tools.build:manifest-merger:31.13.1) with MergeInstrumentationAnalysisTransform
Transforming builder-8.13.1.jar (com.android.tools.build:builder:8.13.1) with ExternalDependencyInstrumentingArtifactTransform
Transforming sdk-common-31.13.1.jar (com.android.tools:sdk-common:31.13.1) with InstrumentationAnalysisTransform
Transforming sdk-common-31.13.1.jar (com.android.tools:sdk-common:31.13.1) with MergeInstrumentationAnalysisTransform
Transforming manifest-merger-31.13.1.jar (com.android.tools.build:manifest-merger:31.13.1) with ExternalDependencyInstrumentingArtifactTransform
Transforming sdklib-31.13.1.jar (com.android.tools:sdklib:31.13.1) with InstrumentationAnalysisTransform
Transforming sdklib-31.13.1.jar (com.android.tools:sdklib:31.13.1) with MergeInstrumentationAnalysisTransform
Transforming repository-31.13.1.jar (com.android.tools:repository:31.13.1) with InstrumentationAnalysisTransform
Transforming sdk-common-31.13.1.jar (com.android.tools:sdk-common:31.13.1) with ExternalDependencyInstrumentingArtifactTransform
Transforming repository-31.13.1.jar (com.android.tools:repository:31.13.1) with MergeInstrumentationAnalysisTransform
Transforming builder-test-api-8.13.1.jar (com.android.tools.build:builder-test-api:8.13.1) with InstrumentationAnalysisTransform
Transforming builder-test-api-8.13.1.jar (com.android.tools.build:builder-test-api:8.13.1) with MergeInstrumentationAnalysisTransform
Transforming ddmlib-31.13.1.jar (com.android.tools.ddms:ddmlib:31.13.1) with InstrumentationAnalysisTransform
Transforming sdklib-31.13.1.jar (com.android.tools:sdklib:31.13.1) with ExternalDependencyInstrumentingArtifactTransform
Transforming ddmlib-31.13.1.jar (com.android.tools.ddms:ddmlib:31.13.1) with MergeInstrumentationAnalysisTransform
Transforming aaptcompiler-8.13.1.jar (com.android.tools.build:aaptcompiler:8.13.1) with InstrumentationAnalysisTransform
Transforming aaptcompiler-8.13.1.jar (com.android.tools.build:aaptcompiler:8.13.1) with MergeInstrumentationAnalysisTransform
Transforming bundletool-1.18.1.jar (com.android.tools.build:bundletool:1.18.1) with InstrumentationAnalysisTransform
Transforming repository-31.13.1.jar (com.android.tools:repository:31.13.1) with ExternalDependencyInstrumentingArtifactTransform
Transforming bundletool-1.18.1.jar (com.android.tools.build:bundletool:1.18.1) with MergeInstrumentationAnalysisTransform
Transforming aapt2-proto-8.13.1-13719691.jar (com.android.tools.build:aapt2-proto:8.13.1-13719691) with InstrumentationAnalysisTransform
Transforming aapt2-proto-8.13.1-13719691.jar (com.android.tools.build:aapt2-proto:8.13.1-13719691) with MergeInstrumentationAnalysisTransform
Transforming crash-31.13.1.jar (com.android.tools.analytics-library:crash:31.13.1) with InstrumentationAnalysisTransform
Transforming builder-test-api-8.13.1.jar (com.android.tools.build:builder-test-api:8.13.1) with ExternalDependencyInstrumentingArtifactTransform
Transforming crash-31.13.1.jar (com.android.tools.analytics-library:crash:31.13.1) with MergeInstrumentationAnalysisTransform
Transforming tracker-31.13.1.jar (com.android.tools.analytics-library:tracker:31.13.1) with InstrumentationAnalysisTransform
Transforming tracker-31.13.1.jar (com.android.tools.analytics-library:tracker:31.13.1) with MergeInstrumentationAnalysisTransform
Transforming shared-31.13.1.jar (com.android.tools.analytics-library:shared:31.13.1) with InstrumentationAnalysisTransform
Transforming ddmlib-31.13.1.jar (com.android.tools.ddms:ddmlib:31.13.1) with ExternalDependencyInstrumentingArtifactTransform
Transforming shared-31.13.1.jar (com.android.tools.analytics-library:shared:31.13.1) with MergeInstrumentationAnalysisTransform
Transforming lint-typedef-remover-31.13.1.jar (com.android.tools.lint:lint-typedef-remover:31.13.1) with InstrumentationAnalysisTransform
Transforming lint-typedef-remover-31.13.1.jar (com.android.tools.lint:lint-typedef-remover:31.13.1) with MergeInstrumentationAnalysisTransform
Transforming databinding-compiler-common-8.13.1.jar (androidx.databinding:databinding-compiler-common:8.13.1) with InstrumentationAnalysisTransform
Transforming aaptcompiler-8.13.1.jar (com.android.tools.build:aaptcompiler:8.13.1) with ExternalDependencyInstrumentingArtifactTransform
Transforming databinding-compiler-common-8.13.1.jar (androidx.databinding:databinding-compiler-common:8.13.1) with MergeInstrumentationAnalysisTransform
Transforming databinding-common-8.13.1.jar (androidx.databinding:databinding-common:8.13.1) with InstrumentationAnalysisTransform
Transforming databinding-common-8.13.1.jar (androidx.databinding:databinding-common:8.13.1) with MergeInstrumentationAnalysisTransform
Transforming baseLibrary-8.13.1.jar (com.android.databinding:baseLibrary:8.13.1) with InstrumentationAnalysisTransform
Transforming bundletool-1.18.1.jar (com.android.tools.build:bundletool:1.18.1) with ExternalDependencyInstrumentingArtifactTransform
Transforming baseLibrary-8.13.1.jar (com.android.databinding:baseLibrary:8.13.1) with MergeInstrumentationAnalysisTransform
Transforming layoutlib-api-31.13.1.jar (com.android.tools.layoutlib:layoutlib-api:31.13.1) with InstrumentationAnalysisTransform
Transforming layoutlib-api-31.13.1.jar (com.android.tools.layoutlib:layoutlib-api:31.13.1) with MergeInstrumentationAnalysisTransform
Transforming aapt2-proto-8.13.1-13719691.jar (com.android.tools.build:aapt2-proto:8.13.1-13719691) with ExternalDependencyInstrumentingArtifactTransform
Transforming android-device-provider-ddmlib-proto-31.13.1.jar (com.android.tools.utp:android-device-provider-ddmlib-proto:31.13.1) with InstrumentationAnalysisTransform
Transforming android-device-provider-ddmlib-proto-31.13.1.jar (com.android.tools.utp:android-device-provider-ddmlib-proto:31.13.1) with MergeInstrumentationAnalysisTransform
Transforming android-device-provider-profile-proto-31.13.1.jar (com.android.tools.utp:android-device-provider-profile-proto:31.13.1) with InstrumentationAnalysisTransform
Transforming android-device-provider-profile-proto-31.13.1.jar (com.android.tools.utp:android-device-provider-profile-proto:31.13.1) with MergeInstrumentationAnalysisTransform
Transforming android-test-plugin-host-additional-test-output-proto-31.13.1.jar (com.android.tools.utp:android-test-plugin-host-additional-test-output-proto:31.13.1) with InstrumentationAnalysisTransform
Transforming android-test-plugin-host-additional-test-output-proto-31.13.1.jar (com.android.tools.utp:android-test-plugin-host-additional-test-output-proto:31.13.1) with MergeInstrumentationAnalysisTransform
Transforming android-test-plugin-host-coverage-proto-31.13.1.jar (com.android.tools.utp:android-test-plugin-host-coverage-proto:31.13.1) with InstrumentationAnalysisTransform
Transforming android-test-plugin-host-coverage-proto-31.13.1.jar (com.android.tools.utp:android-test-plugin-host-coverage-proto:31.13.1) with MergeInstrumentationAnalysisTransform
Transforming android-test-plugin-host-emulator-control-proto-31.13.1.jar (com.android.tools.utp:android-test-plugin-host-emulator-control-proto:31.13.1) with InstrumentationAnalysisTransform
Transforming databinding-compiler-common-8.13.1.jar (androidx.databinding:databinding-compiler-common:8.13.1) with ExternalDependencyInstrumentingArtifactTransform
Transforming crash-31.13.1.jar (com.android.tools.analytics-library:crash:31.13.1) with ExternalDependencyInstrumentingArtifactTransform
Transforming baseLibrary-8.13.1.jar (com.android.databinding:baseLibrary:8.13.1) with ExternalDependencyInstrumentingArtifactTransform
Transforming databinding-common-8.13.1.jar (androidx.databinding:databinding-common:8.13.1) with ExternalDependencyInstrumentingArtifactTransform
Transforming android-test-plugin-host-emulator-control-proto-31.13.1.jar (com.android.tools.utp:android-test-plugin-host-emulator-control-proto:31.13.1) with MergeInstrumentationAnalysisTransform
Transforming lint-typedef-remover-31.13.1.jar (com.android.tools.lint:lint-typedef-remover:31.13.1) with ExternalDependencyInstrumentingArtifactTransform
Transforming layoutlib-api-31.13.1.jar (com.android.tools.layoutlib:layoutlib-api:31.13.1) with ExternalDependencyInstrumentingArtifactTransform
Transforming shared-31.13.1.jar (com.android.tools.analytics-library:shared:31.13.1) with ExternalDependencyInstrumentingArtifactTransform
Transforming tracker-31.13.1.jar (com.android.tools.analytics-library:tracker:31.13.1) with ExternalDependencyInstrumentingArtifactTransform
Transforming android-test-plugin-host-additional-test-output-proto-31.13.1.jar (com.android.tools.utp:android-test-plugin-host-additional-test-output-proto:31.13.1) with ExternalDependencyInstrumentingArtifactTransform
Transforming android-test-plugin-host-logcat-proto-31.13.1.jar (com.android.tools.utp:android-test-plugin-host-logcat-proto:31.13.1) with InstrumentationAnalysisTransform
Transforming android-device-provider-profile-proto-31.13.1.jar (com.android.tools.utp:android-device-provider-profile-proto:31.13.1) with ExternalDependencyInstrumentingArtifactTransform
Transforming android-test-plugin-host-logcat-proto-31.13.1.jar (com.android.tools.utp:android-test-plugin-host-logcat-proto:31.13.1) with MergeInstrumentationAnalysisTransform
Transforming android-device-provider-ddmlib-proto-31.13.1.jar (com.android.tools.utp:android-device-provider-ddmlib-proto:31.13.1) with ExternalDependencyInstrumentingArtifactTransform
Transforming android-test-plugin-host-apk-installer-proto-31.13.1.jar (com.android.tools.utp:android-test-plugin-host-apk-installer-proto:31.13.1) with InstrumentationAnalysisTransform
Transforming android-test-plugin-host-emulator-control-proto-31.13.1.jar (com.android.tools.utp:android-test-plugin-host-emulator-control-proto:31.13.1) with ExternalDependencyInstrumentingArtifactTransform
Transforming android-test-plugin-host-apk-installer-proto-31.13.1.jar (com.android.tools.utp:android-test-plugin-host-apk-installer-proto:31.13.1) with MergeInstrumentationAnalysisTransform
Transforming android-test-plugin-host-coverage-proto-31.13.1.jar (com.android.tools.utp:android-test-plugin-host-coverage-proto:31.13.1) with ExternalDependencyInstrumentingArtifactTransform
Transforming android-test-plugin-result-listener-gradle-proto-31.13.1.jar (com.android.tools.utp:android-test-plugin-result-listener-gradle-proto:31.13.1) with InstrumentationAnalysisTransform
Transforming android-test-plugin-host-logcat-proto-31.13.1.jar (com.android.tools.utp:android-test-plugin-host-logcat-proto:31.13.1) with ExternalDependencyInstrumentingArtifactTransform
Transforming android-test-plugin-result-listener-gradle-proto-31.13.1.jar (com.android.tools.utp:android-test-plugin-result-listener-gradle-proto:31.13.1) with MergeInstrumentationAnalysisTransform
Transforming android-test-plugin-host-apk-installer-proto-31.13.1.jar (com.android.tools.utp:android-test-plugin-host-apk-installer-proto:31.13.1) with ExternalDependencyInstrumentingArtifactTransform
Transforming jetifier-processor-1.0.0-beta10.jar (com.android.tools.build.jetifier:jetifier-processor:1.0.0-beta10) with InstrumentationAnalysisTransform
Transforming jetifier-processor-1.0.0-beta10.jar (com.android.tools.build.jetifier:jetifier-processor:1.0.0-beta10) with MergeInstrumentationAnalysisTransform
Transforming android-test-plugin-result-listener-gradle-proto-31.13.1.jar (com.android.tools.utp:android-test-plugin-result-listener-gradle-proto:31.13.1) with ExternalDependencyInstrumentingArtifactTransform
Transforming jetifier-processor-1.0.0-beta10.jar (com.android.tools.build.jetifier:jetifier-processor:1.0.0-beta10) with ExternalDependencyInstrumentingArtifactTransform
Transforming jetifier-core-1.0.0-beta10.jar (com.android.tools.build.jetifier:jetifier-core:1.0.0-beta10) with InstrumentationAnalysisTransform
Transforming jetifier-core-1.0.0-beta10.jar (com.android.tools.build.jetifier:jetifier-core:1.0.0-beta10) with MergeInstrumentationAnalysisTransform
Transforming builder-model-8.13.1.jar (com.android.tools.build:builder-model:8.13.1) with InstrumentationAnalysisTransform
Transforming builder-model-8.13.1.jar (com.android.tools.build:builder-model:8.13.1) with MergeInstrumentationAnalysisTransform
Transforming kotlin-reflect-1.9.0.jar (org.jetbrains.kotlin:kotlin-reflect:1.9.0) with InstrumentationAnalysisTransform
Transforming jetifier-core-1.0.0-beta10.jar (com.android.tools.build.jetifier:jetifier-core:1.0.0-beta10) with ExternalDependencyInstrumentingArtifactTransform
Transforming kotlin-reflect-1.9.0.jar (org.jetbrains.kotlin:kotlin-reflect:1.9.0) with MergeInstrumentationAnalysisTransform
Transforming dvlib-31.13.1.jar (com.android.tools:dvlib:31.13.1) with InstrumentationAnalysisTransform
Transforming builder-model-8.13.1.jar (com.android.tools.build:builder-model:8.13.1) with ExternalDependencyInstrumentingArtifactTransform
Transforming dvlib-31.13.1.jar (com.android.tools:dvlib:31.13.1) with MergeInstrumentationAnalysisTransform
Transforming common-31.13.1.jar (com.android.tools:common:31.13.1) with InstrumentationAnalysisTransform
Transforming kotlin-reflect-1.9.0.jar (org.jetbrains.kotlin:kotlin-reflect:1.9.0) with ExternalDependencyInstrumentingArtifactTransform
Transforming common-31.13.1.jar (com.android.tools:common:31.13.1) with MergeInstrumentationAnalysisTransform
Transforming dvlib-31.13.1.jar (com.android.tools:dvlib:31.13.1) with ExternalDependencyInstrumentingArtifactTransform
Transforming kotlin-stdlib-jdk8-1.9.0.jar (org.jetbrains.kotlin:kotlin-stdlib-jdk8:1.9.0) with InstrumentationAnalysisTransform
Transforming kotlin-stdlib-jdk8-1.9.0.jar (org.jetbrains.kotlin:kotlin-stdlib-jdk8:1.9.0) with MergeInstrumentationAnalysisTransform
Transforming kotlin-stdlib-jdk7-1.9.0.jar (org.jetbrains.kotlin:kotlin-stdlib-jdk7:1.9.0) with InstrumentationAnalysisTransform
Transforming common-31.13.1.jar (com.android.tools:common:31.13.1) with ExternalDependencyInstrumentingArtifactTransform
Transforming kotlin-stdlib-jdk7-1.9.0.jar (org.jetbrains.kotlin:kotlin-stdlib-jdk7:1.9.0) with MergeInstrumentationAnalysisTransform
Transforming kotlin-compiler-runner-1.9.0.jar (org.jetbrains.kotlin:kotlin-compiler-runner:1.9.0) with InstrumentationAnalysisTransform
Transforming kotlin-compiler-runner-1.9.0.jar (org.jetbrains.kotlin:kotlin-compiler-runner:1.9.0) with MergeInstrumentationAnalysisTransform
Transforming kotlinx-coroutines-core-jvm-1.9.0.jar (org.jetbrains.kotlinx:kotlinx-coroutines-core-jvm:1.9.0) with InstrumentationAnalysisTransform
Transforming kotlin-stdlib-jdk8-1.9.0.jar (org.jetbrains.kotlin:kotlin-stdlib-jdk8:1.9.0) with ExternalDependencyInstrumentingArtifactTransform
Transforming kotlinx-coroutines-core-jvm-1.9.0.jar (org.jetbrains.kotlinx:kotlinx-coroutines-core-jvm:1.9.0) with MergeInstrumentationAnalysisTransform
Transforming kotlin-stdlib-1.9.0.jar (org.jetbrains.kotlin:kotlin-stdlib:1.9.0) with InstrumentationAnalysisTransform
Transforming kotlin-stdlib-1.9.0.jar (org.jetbrains.kotlin:kotlin-stdlib:1.9.0) with MergeInstrumentationAnalysisTransform
Transforming transform-api-2.0.0-deprecated-use-gradle-api.jar (com.android.tools.build:transform-api:2.0.0-deprecated-use-gradle-api) with InstrumentationAnalysisTransform
Transforming transform-api-2.0.0-deprecated-use-gradle-api.jar (com.android.tools.build:transform-api:2.0.0-deprecated-use-gradle-api) with MergeInstrumentationAnalysisTransform
Transforming kotlin-stdlib-jdk7-1.9.0.jar (org.jetbrains.kotlin:kotlin-stdlib-jdk7:1.9.0) with ExternalDependencyInstrumentingArtifactTransform
Transforming httpmime-4.5.6.jar (org.apache.httpcomponents:httpmime:4.5.6) with InstrumentationAnalysisTransform
Transforming httpmime-4.5.6.jar (org.apache.httpcomponents:httpmime:4.5.6) with MergeInstrumentationAnalysisTransform
Transforming commons-io-2.16.1.jar (commons-io:commons-io:2.16.1) with InstrumentationAnalysisTransform
Transforming commons-io-2.16.1.jar (commons-io:commons-io:2.16.1) with MergeInstrumentationAnalysisTransform
Transforming asm-commons-9.8.jar (org.ow2.asm:asm-commons:9.8) with InstrumentationAnalysisTransform
Transforming kotlin-compiler-runner-1.9.0.jar (org.jetbrains.kotlin:kotlin-compiler-runner:1.9.0) with ExternalDependencyInstrumentingArtifactTransform
Transforming asm-commons-9.8.jar (org.ow2.asm:asm-commons:9.8) with MergeInstrumentationAnalysisTransform
Transforming asm-util-9.8.jar (org.ow2.asm:asm-util:9.8) with InstrumentationAnalysisTransform
Transforming asm-util-9.8.jar (org.ow2.asm:asm-util:9.8) with MergeInstrumentationAnalysisTransform
Transforming asm-analysis-9.8.jar (org.ow2.asm:asm-analysis:9.8) with InstrumentationAnalysisTransform
Transforming kotlinx-coroutines-core-jvm-1.9.0.jar (org.jetbrains.kotlinx:kotlinx-coroutines-core-jvm:1.9.0) with ExternalDependencyInstrumentingArtifactTransform
Transforming asm-analysis-9.8.jar (org.ow2.asm:asm-analysis:9.8) with MergeInstrumentationAnalysisTransform
Transforming asm-tree-9.8.jar (org.ow2.asm:asm-tree:9.8) with InstrumentationAnalysisTransform
Transforming asm-tree-9.8.jar (org.ow2.asm:asm-tree:9.8) with MergeInstrumentationAnalysisTransform
Transforming asm-9.8.jar (org.ow2.asm:asm:9.8) with InstrumentationAnalysisTransform
Transforming asm-9.8.jar (org.ow2.asm:asm:9.8) with MergeInstrumentationAnalysisTransform
Transforming apkzlib-8.13.1.jar (com.android.tools.build:apkzlib:8.13.1) with InstrumentationAnalysisTransform
Transforming kotlin-stdlib-1.9.0.jar (org.jetbrains.kotlin:kotlin-stdlib:1.9.0) with ExternalDependencyInstrumentingArtifactTransform
Transforming apkzlib-8.13.1.jar (com.android.tools.build:apkzlib:8.13.1) with MergeInstrumentationAnalysisTransform
Transforming bcpkix-jdk18on-1.79.jar (org.bouncycastle:bcpkix-jdk18on:1.79) with InstrumentationAnalysisTransform
Transforming bcpkix-jdk18on-1.79.jar (org.bouncycastle:bcpkix-jdk18on:1.79) with MergeInstrumentationAnalysisTransform
Transforming asm-commons-9.8.jar (org.ow2.asm:asm-commons:9.8) with ExternalDependencyInstrumentingArtifactTransform
Transforming asm-util-9.8.jar (org.ow2.asm:asm-util:9.8) with ExternalDependencyInstrumentingArtifactTransform
Transforming commons-io-2.16.1.jar (commons-io:commons-io:2.16.1) with ExternalDependencyInstrumentingArtifactTransform
Transforming asm-analysis-9.8.jar (org.ow2.asm:asm-analysis:9.8) with ExternalDependencyInstrumentingArtifactTransform
Transforming asm-tree-9.8.jar (org.ow2.asm:asm-tree:9.8) with ExternalDependencyInstrumentingArtifactTransform
Transforming httpmime-4.5.6.jar (org.apache.httpcomponents:httpmime:4.5.6) with ExternalDependencyInstrumentingArtifactTransform
Transforming transform-api-2.0.0-deprecated-use-gradle-api.jar (com.android.tools.build:transform-api:2.0.0-deprecated-use-gradle-api) with ExternalDependencyInstrumentingArtifactTransform
Transforming apkzlib-8.13.1.jar (com.android.tools.build:apkzlib:8.13.1) with ExternalDependencyInstrumentingArtifactTransform
Transforming bcpkix-jdk18on-1.79.jar (org.bouncycastle:bcpkix-jdk18on:1.79) with ExternalDependencyInstrumentingArtifactTransform
Transforming jaxb-runtime-2.3.2.jar (org.glassfish.jaxb:jaxb-runtime:2.3.2) with InstrumentationAnalysisTransform
Transforming jaxb-runtime-2.3.2.jar (org.glassfish.jaxb:jaxb-runtime:2.3.2) with MergeInstrumentationAnalysisTransform
Transforming asm-9.8.jar (org.ow2.asm:asm:9.8) with ExternalDependencyInstrumentingArtifactTransform
Transforming jopt-simple-4.9.jar (net.sf.jopt-simple:jopt-simple:4.9) with InstrumentationAnalysisTransform
Transforming jopt-simple-4.9.jar (net.sf.jopt-simple:jopt-simple:4.9) with MergeInstrumentationAnalysisTransform
Transforming javapoet-1.10.0.jar (com.squareup:javapoet:1.10.0) with InstrumentationAnalysisTransform
Transforming jaxb-runtime-2.3.2.jar (org.glassfish.jaxb:jaxb-runtime:2.3.2) with ExternalDependencyInstrumentingArtifactTransform
Transforming javapoet-1.10.0.jar (com.squareup:javapoet:1.10.0) with MergeInstrumentationAnalysisTransform
Transforming protobuf-java-util-3.25.5.jar (com.google.protobuf:protobuf-java-util:3.25.5) with InstrumentationAnalysisTransform
Transforming jopt-simple-4.9.jar (net.sf.jopt-simple:jopt-simple:4.9) with ExternalDependencyInstrumentingArtifactTransform
Transforming protobuf-java-util-3.25.5.jar (com.google.protobuf:protobuf-java-util:3.25.5) with MergeInstrumentationAnalysisTransform
Transforming grpc-protobuf-1.69.1.jar (io.grpc:grpc-protobuf:1.69.1) with InstrumentationAnalysisTransform
Transforming grpc-protobuf-1.69.1.jar (io.grpc:grpc-protobuf:1.69.1) with MergeInstrumentationAnalysisTransform
Transforming tink-1.7.0.jar (com.google.crypto.tink:tink:1.7.0) with InstrumentationAnalysisTransform
Transforming protobuf-java-util-3.25.5.jar (com.google.protobuf:protobuf-java-util:3.25.5) with ExternalDependencyInstrumentingArtifactTransform
Transforming tink-1.7.0.jar (com.google.crypto.tink:tink:1.7.0) with MergeInstrumentationAnalysisTransform
Transforming core-proto-0.0.9-alpha03.jar (com.google.testing.platform:core-proto:0.0.9-alpha03) with InstrumentationAnalysisTransform
Transforming grpc-protobuf-1.69.1.jar (io.grpc:grpc-protobuf:1.69.1) with ExternalDependencyInstrumentingArtifactTransform
Transforming javapoet-1.10.0.jar (com.squareup:javapoet:1.10.0) with ExternalDependencyInstrumentingArtifactTransform
Transforming tink-1.7.0.jar (com.google.crypto.tink:tink:1.7.0) with ExternalDependencyInstrumentingArtifactTransform
Transforming core-proto-0.0.9-alpha03.jar (com.google.testing.platform:core-proto:0.0.9-alpha03) with MergeInstrumentationAnalysisTransform
Transforming protos-31.13.1.jar (com.android.tools.analytics-library:protos:31.13.1) with InstrumentationAnalysisTransform
Transforming protos-31.13.1.jar (com.android.tools.analytics-library:protos:31.13.1) with MergeInstrumentationAnalysisTransform
Transforming proto-google-common-protos-2.48.0.jar (com.google.api.grpc:proto-google-common-protos:2.48.0) with InstrumentationAnalysisTransform
Transforming proto-google-common-protos-2.48.0.jar (com.google.api.grpc:proto-google-common-protos:2.48.0) with MergeInstrumentationAnalysisTransform
Transforming protobuf-java-3.25.5.jar (com.google.protobuf:protobuf-java:3.25.5) with InstrumentationAnalysisTransform
Transforming protobuf-java-3.25.5.jar (com.google.protobuf:protobuf-java:3.25.5) with MergeInstrumentationAnalysisTransform
Transforming grpc-netty-1.69.1.jar (io.grpc:grpc-netty:1.69.1) with InstrumentationAnalysisTransform
Transforming proto-google-common-protos-2.48.0.jar (com.google.api.grpc:proto-google-common-protos:2.48.0) with ExternalDependencyInstrumentingArtifactTransform
Transforming protos-31.13.1.jar (com.android.tools.analytics-library:protos:31.13.1) with ExternalDependencyInstrumentingArtifactTransform
Transforming core-proto-0.0.9-alpha03.jar (com.google.testing.platform:core-proto:0.0.9-alpha03) with ExternalDependencyInstrumentingArtifactTransform
Transforming grpc-netty-1.69.1.jar (io.grpc:grpc-netty:1.69.1) with MergeInstrumentationAnalysisTransform
Transforming grpc-inprocess-1.69.1.jar (io.grpc:grpc-inprocess:1.69.1) with InstrumentationAnalysisTransform
Transforming grpc-inprocess-1.69.1.jar (io.grpc:grpc-inprocess:1.69.1) with MergeInstrumentationAnalysisTransform
Transforming grpc-util-1.69.1.jar (io.grpc:grpc-util:1.69.1) with InstrumentationAnalysisTransform
Transforming grpc-inprocess-1.69.1.jar (io.grpc:grpc-inprocess:1.69.1) with ExternalDependencyInstrumentingArtifactTransform
Transforming grpc-util-1.69.1.jar (io.grpc:grpc-util:1.69.1) with MergeInstrumentationAnalysisTransform
Transforming grpc-netty-1.69.1.jar (io.grpc:grpc-netty:1.69.1) with ExternalDependencyInstrumentingArtifactTransform
Transforming grpc-core-1.69.1.jar (io.grpc:grpc-core:1.69.1) with InstrumentationAnalysisTransform
Transforming grpc-core-1.69.1.jar (io.grpc:grpc-core:1.69.1) with MergeInstrumentationAnalysisTransform
Transforming grpc-util-1.69.1.jar (io.grpc:grpc-util:1.69.1) with ExternalDependencyInstrumentingArtifactTransform
Transforming gson-2.11.0.jar (com.google.code.gson:gson:2.11.0) with InstrumentationAnalysisTransform
Transforming gson-2.11.0.jar (com.google.code.gson:gson:2.11.0) with MergeInstrumentationAnalysisTransform
Transforming protobuf-java-3.25.5.jar (com.google.protobuf:protobuf-java:3.25.5) with ExternalDependencyInstrumentingArtifactTransform
Transforming grpc-stub-1.69.1.jar (io.grpc:grpc-stub:1.69.1) with InstrumentationAnalysisTransform
Transforming grpc-stub-1.69.1.jar (io.grpc:grpc-stub:1.69.1) with MergeInstrumentationAnalysisTransform
Transforming tensorflow-lite-metadata-0.2.0.jar (org.tensorflow:tensorflow-lite-metadata:0.2.0) with InstrumentationAnalysisTransform
Transforming gson-2.11.0.jar (com.google.code.gson:gson:2.11.0) with ExternalDependencyInstrumentingArtifactTransform
Transforming grpc-core-1.69.1.jar (io.grpc:grpc-core:1.69.1) with ExternalDependencyInstrumentingArtifactTransform
Transforming tensorflow-lite-metadata-0.2.0.jar (org.tensorflow:tensorflow-lite-metadata:0.2.0) with MergeInstrumentationAnalysisTransform
Transforming grpc-stub-1.69.1.jar (io.grpc:grpc-stub:1.69.1) with ExternalDependencyInstrumentingArtifactTransform
Transforming flatbuffers-java-1.12.0.jar (com.google.flatbuffers:flatbuffers-java:1.12.0) with InstrumentationAnalysisTransform
Transforming flatbuffers-java-1.12.0.jar (com.google.flatbuffers:flatbuffers-java:1.12.0) with MergeInstrumentationAnalysisTransform
Transforming tensorflow-lite-metadata-0.2.0.jar (org.tensorflow:tensorflow-lite-metadata:0.2.0) with ExternalDependencyInstrumentingArtifactTransform
Transforming kotlin-gradle-plugin-idea-proto-1.9.0.jar (org.jetbrains.kotlin:kotlin-gradle-plugin-idea-proto:1.9.0) with InstrumentationAnalysisTransform
Transforming kotlin-gradle-plugin-idea-proto-1.9.0.jar (org.jetbrains.kotlin:kotlin-gradle-plugin-idea-proto:1.9.0) with MergeInstrumentationAnalysisTransform
Transforming kotlin-gradle-plugin-idea-1.9.0.jar (org.jetbrains.kotlin:kotlin-gradle-plugin-idea:1.9.0) with InstrumentationAnalysisTransform
Transforming kotlin-gradle-plugin-idea-1.9.0.jar (org.jetbrains.kotlin:kotlin-gradle-plugin-idea:1.9.0) with MergeInstrumentationAnalysisTransform
Transforming kotlin-project-model-1.9.0.jar (org.jetbrains.kotlin:kotlin-project-model:1.9.0) with InstrumentationAnalysisTransform
Transforming kotlin-gradle-plugin-idea-proto-1.9.0.jar (org.jetbrains.kotlin:kotlin-gradle-plugin-idea-proto:1.9.0) with ExternalDependencyInstrumentingArtifactTransform
Transforming kotlin-project-model-1.9.0.jar (org.jetbrains.kotlin:kotlin-project-model:1.9.0) with MergeInstrumentationAnalysisTransform
Transforming kotlin-tooling-core-1.9.0.jar (org.jetbrains.kotlin:kotlin-tooling-core:1.9.0) with InstrumentationAnalysisTransform
Transforming kotlin-tooling-core-1.9.0.jar (org.jetbrains.kotlin:kotlin-tooling-core:1.9.0) with MergeInstrumentationAnalysisTransform
Transforming kotlin-klib-commonizer-api-1.9.0.jar (org.jetbrains.kotlin:kotlin-klib-commonizer-api:1.9.0) with InstrumentationAnalysisTransform
Transforming kotlin-gradle-plugin-idea-1.9.0.jar (org.jetbrains.kotlin:kotlin-gradle-plugin-idea:1.9.0) with ExternalDependencyInstrumentingArtifactTransform
Transforming kotlin-klib-commonizer-api-1.9.0.jar (org.jetbrains.kotlin:kotlin-klib-commonizer-api:1.9.0) with MergeInstrumentationAnalysisTransform
Transforming kotlin-native-utils-1.9.0.jar (org.jetbrains.kotlin:kotlin-native-utils:1.9.0) with InstrumentationAnalysisTransform
Transforming kotlin-native-utils-1.9.0.jar (org.jetbrains.kotlin:kotlin-native-utils:1.9.0) with MergeInstrumentationAnalysisTransform
Transforming kotlin-util-klib-1.9.0.jar (org.jetbrains.kotlin:kotlin-util-klib:1.9.0) with InstrumentationAnalysisTransform
Transforming kotlin-project-model-1.9.0.jar (org.jetbrains.kotlin:kotlin-project-model:1.9.0) with ExternalDependencyInstrumentingArtifactTransform
Transforming kotlin-util-klib-1.9.0.jar (org.jetbrains.kotlin:kotlin-util-klib:1.9.0) with MergeInstrumentationAnalysisTransform
Transforming kotlin-build-tools-api-1.9.0.jar (org.jetbrains.kotlin:kotlin-build-tools-api:1.9.0) with InstrumentationAnalysisTransform
Transforming kotlin-build-tools-api-1.9.0.jar (org.jetbrains.kotlin:kotlin-build-tools-api:1.9.0) with MergeInstrumentationAnalysisTransform
Transforming kotlin-android-extensions-1.9.0.jar (org.jetbrains.kotlin:kotlin-android-extensions:1.9.0) with InstrumentationAnalysisTransform
Transforming kotlin-tooling-core-1.9.0.jar (org.jetbrains.kotlin:kotlin-tooling-core:1.9.0) with ExternalDependencyInstrumentingArtifactTransform
Transforming kotlin-klib-commonizer-api-1.9.0.jar (org.jetbrains.kotlin:kotlin-klib-commonizer-api:1.9.0) with ExternalDependencyInstrumentingArtifactTransform
Transforming kotlin-native-utils-1.9.0.jar (org.jetbrains.kotlin:kotlin-native-utils:1.9.0) with ExternalDependencyInstrumentingArtifactTransform
Transforming kotlin-util-klib-1.9.0.jar (org.jetbrains.kotlin:kotlin-util-klib:1.9.0) with ExternalDependencyInstrumentingArtifactTransform
Transforming kotlin-build-tools-api-1.9.0.jar (org.jetbrains.kotlin:kotlin-build-tools-api:1.9.0) with ExternalDependencyInstrumentingArtifactTransform
Transforming flatbuffers-java-1.12.0.jar (com.google.flatbuffers:flatbuffers-java:1.12.0) with ExternalDependencyInstrumentingArtifactTransform
Transforming kotlin-android-extensions-1.9.0.jar (org.jetbrains.kotlin:kotlin-android-extensions:1.9.0) with MergeInstrumentationAnalysisTransform
Transforming kotlin-compiler-embeddable-1.9.0.jar (org.jetbrains.kotlin:kotlin-compiler-embeddable:1.9.0) with InstrumentationAnalysisTransform
Transforming kotlin-compiler-embeddable-1.9.0.jar (org.jetbrains.kotlin:kotlin-compiler-embeddable:1.9.0) with MergeInstrumentationAnalysisTransform
Transforming kotlin-android-extensions-1.9.0.jar (org.jetbrains.kotlin:kotlin-android-extensions:1.9.0) with ExternalDependencyInstrumentingArtifactTransform
Transforming kotlin-scripting-compiler-embeddable-1.9.0.jar (org.jetbrains.kotlin:kotlin-scripting-compiler-embeddable:1.9.0) with InstrumentationAnalysisTransform
Transforming kotlin-scripting-compiler-embeddable-1.9.0.jar (org.jetbrains.kotlin:kotlin-scripting-compiler-embeddable:1.9.0) with MergeInstrumentationAnalysisTransform
Transforming kotlin-scripting-compiler-impl-embeddable-1.9.0.jar (org.jetbrains.kotlin:kotlin-scripting-compiler-impl-embeddable:1.9.0) with InstrumentationAnalysisTransform
Transforming kotlin-compiler-embeddable-1.9.0.jar (org.jetbrains.kotlin:kotlin-compiler-embeddable:1.9.0) with ExternalDependencyInstrumentingArtifactTransform
Transforming kotlin-scripting-compiler-impl-embeddable-1.9.0.jar (org.jetbrains.kotlin:kotlin-scripting-compiler-impl-embeddable:1.9.0) with MergeInstrumentationAnalysisTransform
Transforming jimfs-1.1.jar (com.google.jimfs:jimfs:1.1) with InstrumentationAnalysisTransform
Transforming kotlin-scripting-compiler-embeddable-1.9.0.jar (org.jetbrains.kotlin:kotlin-scripting-compiler-embeddable:1.9.0) with ExternalDependencyInstrumentingArtifactTransform
Transforming jimfs-1.1.jar (com.google.jimfs:jimfs:1.1) with MergeInstrumentationAnalysisTransform
Transforming grpc-context-1.69.1.jar (io.grpc:grpc-context:1.69.1) with InstrumentationAnalysisTransform
Transforming kotlin-scripting-compiler-impl-embeddable-1.9.0.jar (org.jetbrains.kotlin:kotlin-scripting-compiler-impl-embeddable:1.9.0) with ExternalDependencyInstrumentingArtifactTransform
Transforming grpc-context-1.69.1.jar (io.grpc:grpc-context:1.69.1) with MergeInstrumentationAnalysisTransform
Transforming jimfs-1.1.jar (com.google.jimfs:jimfs:1.1) with ExternalDependencyInstrumentingArtifactTransform
Transforming grpc-protobuf-lite-1.69.1.jar (io.grpc:grpc-protobuf-lite:1.69.1) with InstrumentationAnalysisTransform
Transforming grpc-protobuf-lite-1.69.1.jar (io.grpc:grpc-protobuf-lite:1.69.1) with MergeInstrumentationAnalysisTransform
Transforming grpc-api-1.69.1.jar (io.grpc:grpc-api:1.69.1) with InstrumentationAnalysisTransform
Transforming grpc-context-1.69.1.jar (io.grpc:grpc-context:1.69.1) with ExternalDependencyInstrumentingArtifactTransform
Transforming grpc-api-1.69.1.jar (io.grpc:grpc-api:1.69.1) with MergeInstrumentationAnalysisTransform
Transforming guava-33.3.1-jre.jar (com.google.guava:guava:33.3.1-jre) with InstrumentationAnalysisTransform
Transforming guava-33.3.1-jre.jar (com.google.guava:guava:33.3.1-jre) with MergeInstrumentationAnalysisTransform
Transforming dagger-2.28.3.jar (com.google.dagger:dagger:2.28.3) with InstrumentationAnalysisTransform
Transforming grpc-protobuf-lite-1.69.1.jar (io.grpc:grpc-protobuf-lite:1.69.1) with ExternalDependencyInstrumentingArtifactTransform
Transforming dagger-2.28.3.jar (com.google.dagger:dagger:2.28.3) with MergeInstrumentationAnalysisTransform
Transforming javax.inject-1.jar (javax.inject:javax.inject:1) with InstrumentationAnalysisTransform
Transforming javax.inject-1.jar (javax.inject:javax.inject:1) with MergeInstrumentationAnalysisTransform
Transforming kxml2-2.3.0.jar (net.sf.kxml:kxml2:2.3.0) with InstrumentationAnalysisTransform
Transforming grpc-api-1.69.1.jar (io.grpc:grpc-api:1.69.1) with ExternalDependencyInstrumentingArtifactTransform
Transforming kxml2-2.3.0.jar (net.sf.kxml:kxml2:2.3.0) with MergeInstrumentationAnalysisTransform
Transforming commons-compress-1.21.jar (org.apache.commons:commons-compress:1.21) with InstrumentationAnalysisTransform
Transforming commons-compress-1.21.jar (org.apache.commons:commons-compress:1.21) with MergeInstrumentationAnalysisTransform
Transforming bcutil-jdk18on-1.79.jar (org.bouncycastle:bcutil-jdk18on:1.79) with InstrumentationAnalysisTransform
Transforming guava-33.3.1-jre.jar (com.google.guava:guava:33.3.1-jre) with ExternalDependencyInstrumentingArtifactTransform
Transforming bcutil-jdk18on-1.79.jar (org.bouncycastle:bcutil-jdk18on:1.79) with MergeInstrumentationAnalysisTransform
Transforming bcprov-jdk18on-1.79.jar (org.bouncycastle:bcprov-jdk18on:1.79) with InstrumentationAnalysisTransform
Transforming bcprov-jdk18on-1.79.jar (org.bouncycastle:bcprov-jdk18on:1.79) with MergeInstrumentationAnalysisTransform
Transforming httpclient-4.5.14.jar (org.apache.httpcomponents:httpclient:4.5.14) with InstrumentationAnalysisTransform
Transforming dagger-2.28.3.jar (com.google.dagger:dagger:2.28.3) with ExternalDependencyInstrumentingArtifactTransform
Transforming httpclient-4.5.14.jar (org.apache.httpcomponents:httpclient:4.5.14) with MergeInstrumentationAnalysisTransform
Transforming httpcore-4.4.16.jar (org.apache.httpcomponents:httpcore:4.4.16) with InstrumentationAnalysisTransform
Transforming httpcore-4.4.16.jar (org.apache.httpcomponents:httpcore:4.4.16) with MergeInstrumentationAnalysisTransform
Transforming javax.activation-1.2.0.jar (com.sun.activation:javax.activation:1.2.0) with InstrumentationAnalysisTransform
Transforming javax.activation-1.2.0.jar (com.sun.activation:javax.activation:1.2.0) with MergeInstrumentationAnalysisTransform
Transforming annotations-23.0.0.jar (org.jetbrains:annotations:23.0.0) with InstrumentationAnalysisTransform
Transforming annotations-23.0.0.jar (org.jetbrains:annotations:23.0.0) with MergeInstrumentationAnalysisTransform
Transforming signflinger-8.13.1.jar (com.android:signflinger:8.13.1) with InstrumentationAnalysisTransform
Transforming signflinger-8.13.1.jar (com.android:signflinger:8.13.1) with MergeInstrumentationAnalysisTransform
Transforming javax.inject-1.jar (javax.inject:javax.inject:1) with ExternalDependencyInstrumentingArtifactTransform
Transforming zipflinger-8.13.1.jar (com.android:zipflinger:8.13.1) with InstrumentationAnalysisTransform
Transforming kxml2-2.3.0.jar (net.sf.kxml:kxml2:2.3.0) with ExternalDependencyInstrumentingArtifactTransform
Transforming zipflinger-8.13.1.jar (com.android:zipflinger:8.13.1) with MergeInstrumentationAnalysisTransform
Transforming annotations-31.13.1.jar (com.android.tools:annotations:31.13.1) with InstrumentationAnalysisTransform
Transforming bcutil-jdk18on-1.79.jar (org.bouncycastle:bcutil-jdk18on:1.79) with ExternalDependencyInstrumentingArtifactTransform
Transforming httpclient-4.5.14.jar (org.apache.httpcomponents:httpclient:4.5.14) with ExternalDependencyInstrumentingArtifactTransform
Transforming httpcore-4.4.16.jar (org.apache.httpcomponents:httpcore:4.4.16) with ExternalDependencyInstrumentingArtifactTransform
Transforming javax.activation-1.2.0.jar (com.sun.activation:javax.activation:1.2.0) with ExternalDependencyInstrumentingArtifactTransform
Transforming annotations-23.0.0.jar (org.jetbrains:annotations:23.0.0) with ExternalDependencyInstrumentingArtifactTransform
Transforming signflinger-8.13.1.jar (com.android:signflinger:8.13.1) with ExternalDependencyInstrumentingArtifactTransform
Transforming zipflinger-8.13.1.jar (com.android:zipflinger:8.13.1) with ExternalDependencyInstrumentingArtifactTransform
Transforming commons-compress-1.21.jar (org.apache.commons:commons-compress:1.21) with ExternalDependencyInstrumentingArtifactTransform
Transforming annotations-31.13.1.jar (com.android.tools:annotations:31.13.1) with MergeInstrumentationAnalysisTransform
Transforming jna-platform-5.6.0.jar (net.java.dev.jna:jna-platform:5.6.0) with InstrumentationAnalysisTransform
Transforming jna-platform-5.6.0.jar (net.java.dev.jna:jna-platform:5.6.0) with MergeInstrumentationAnalysisTransform
Transforming juniversalchardet-1.0.3.jar (com.googlecode.juniversalchardet:juniversalchardet:1.0.3) with InstrumentationAnalysisTransform
Transforming bcprov-jdk18on-1.79.jar (org.bouncycastle:bcprov-jdk18on:1.79) with ExternalDependencyInstrumentingArtifactTransform
Transforming jna-platform-5.6.0.jar (net.java.dev.jna:jna-platform:5.6.0) with ExternalDependencyInstrumentingArtifactTransform
Transforming juniversalchardet-1.0.3.jar (com.googlecode.juniversalchardet:juniversalchardet:1.0.3) with MergeInstrumentationAnalysisTransform
Transforming annotations-31.13.1.jar (com.android.tools:annotations:31.13.1) with ExternalDependencyInstrumentingArtifactTransform
Transforming javax.annotation-api-1.3.2.jar (javax.annotation:javax.annotation-api:1.3.2) with InstrumentationAnalysisTransform
Transforming javax.annotation-api-1.3.2.jar (javax.annotation:javax.annotation-api:1.3.2) with MergeInstrumentationAnalysisTransform
Transforming kotlin-stdlib-common-1.9.0.jar (org.jetbrains.kotlin:kotlin-stdlib-common:1.9.0) with InstrumentationAnalysisTransform
Transforming juniversalchardet-1.0.3.jar (com.googlecode.juniversalchardet:juniversalchardet:1.0.3) with ExternalDependencyInstrumentingArtifactTransform
Transforming kotlin-stdlib-common-1.9.0.jar (org.jetbrains.kotlin:kotlin-stdlib-common:1.9.0) with MergeInstrumentationAnalysisTransform
Transforming javax.annotation-api-1.3.2.jar (javax.annotation:javax.annotation-api:1.3.2) with ExternalDependencyInstrumentingArtifactTransform
Transforming stax-ex-1.8.1.jar (org.jvnet.staxex:stax-ex:1.8.1) with InstrumentationAnalysisTransform
Transforming stax-ex-1.8.1.jar (org.jvnet.staxex:stax-ex:1.8.1) with MergeInstrumentationAnalysisTransform
Transforming jakarta.xml.bind-api-2.3.2.jar (jakarta.xml.bind:jakarta.xml.bind-api:2.3.2) with InstrumentationAnalysisTransform
Transforming kotlin-stdlib-common-1.9.0.jar (org.jetbrains.kotlin:kotlin-stdlib-common:1.9.0) with ExternalDependencyInstrumentingArtifactTransform
Transforming jakarta.xml.bind-api-2.3.2.jar (jakarta.xml.bind:jakarta.xml.bind-api:2.3.2) with MergeInstrumentationAnalysisTransform
Transforming stax-ex-1.8.1.jar (org.jvnet.staxex:stax-ex:1.8.1) with ExternalDependencyInstrumentingArtifactTransform
Transforming txw2-2.3.2.jar (org.glassfish.jaxb:txw2:2.3.2) with InstrumentationAnalysisTransform
Transforming txw2-2.3.2.jar (org.glassfish.jaxb:txw2:2.3.2) with MergeInstrumentationAnalysisTransform
Transforming jakarta.xml.bind-api-2.3.2.jar (jakarta.xml.bind:jakarta.xml.bind-api:2.3.2) with ExternalDependencyInstrumentingArtifactTransform
Transforming istack-commons-runtime-3.0.8.jar (com.sun.istack:istack-commons-runtime:3.0.8) with InstrumentationAnalysisTransform
Transforming istack-commons-runtime-3.0.8.jar (com.sun.istack:istack-commons-runtime:3.0.8) with MergeInstrumentationAnalysisTransform
Transforming FastInfoset-1.2.16.jar (com.sun.xml.fastinfoset:FastInfoset:1.2.16) with InstrumentationAnalysisTransform
Transforming txw2-2.3.2.jar (org.glassfish.jaxb:txw2:2.3.2) with ExternalDependencyInstrumentingArtifactTransform
Transforming FastInfoset-1.2.16.jar (com.sun.xml.fastinfoset:FastInfoset:1.2.16) with MergeInstrumentationAnalysisTransform
Transforming istack-commons-runtime-3.0.8.jar (com.sun.istack:istack-commons-runtime:3.0.8) with ExternalDependencyInstrumentingArtifactTransform
Transforming jakarta.activation-api-1.2.1.jar (jakarta.activation:jakarta.activation-api:1.2.1) with InstrumentationAnalysisTransform
Transforming FastInfoset-1.2.16.jar (com.sun.xml.fastinfoset:FastInfoset:1.2.16) with ExternalDependencyInstrumentingArtifactTransform
Transforming jakarta.activation-api-1.2.1.jar (jakarta.activation:jakarta.activation-api:1.2.1) with MergeInstrumentationAnalysisTransform
Transforming auto-value-annotations-1.6.2.jar (com.google.auto.value:auto-value-annotations:1.6.2) with InstrumentationAnalysisTransform
Transforming auto-value-annotations-1.6.2.jar (com.google.auto.value:auto-value-annotations:1.6.2) with MergeInstrumentationAnalysisTransform
Transforming jakarta.activation-api-1.2.1.jar (jakarta.activation:jakarta.activation-api:1.2.1) with ExternalDependencyInstrumentingArtifactTransform
Transforming error_prone_annotations-2.30.0.jar (com.google.errorprone:error_prone_annotations:2.30.0) with InstrumentationAnalysisTransform
Transforming error_prone_annotations-2.30.0.jar (com.google.errorprone:error_prone_annotations:2.30.0) with MergeInstrumentationAnalysisTransform
Transforming jose4j-0.9.5.jar (org.bitbucket.b_c:jose4j:0.9.5) with InstrumentationAnalysisTransform
Transforming auto-value-annotations-1.6.2.jar (com.google.auto.value:auto-value-annotations:1.6.2) with ExternalDependencyInstrumentingArtifactTransform
Transforming jose4j-0.9.5.jar (org.bitbucket.b_c:jose4j:0.9.5) with MergeInstrumentationAnalysisTransform
Transforming error_prone_annotations-2.30.0.jar (com.google.errorprone:error_prone_annotations:2.30.0) with ExternalDependencyInstrumentingArtifactTransform
Transforming slf4j-api-1.7.30.jar (org.slf4j:slf4j-api:1.7.30) with InstrumentationAnalysisTransform
Transforming slf4j-api-1.7.30.jar (org.slf4j:slf4j-api:1.7.30) with MergeInstrumentationAnalysisTransform
Transforming jdom2-2.0.6.jar (org.jdom:jdom2:2.0.6) with InstrumentationAnalysisTransform
Transforming jdom2-2.0.6.jar (org.jdom:jdom2:2.0.6) with MergeInstrumentationAnalysisTransform
Transforming jsr305-3.0.2.jar (com.google.code.findbugs:jsr305:3.0.2) with InstrumentationAnalysisTransform
Transforming slf4j-api-1.7.30.jar (org.slf4j:slf4j-api:1.7.30) with ExternalDependencyInstrumentingArtifactTransform
Transforming jdom2-2.0.6.jar (org.jdom:jdom2:2.0.6) with ExternalDependencyInstrumentingArtifactTransform
Transforming jose4j-0.9.5.jar (org.bitbucket.b_c:jose4j:0.9.5) with ExternalDependencyInstrumentingArtifactTransform
Transforming jsr305-3.0.2.jar (com.google.code.findbugs:jsr305:3.0.2) with MergeInstrumentationAnalysisTransform
Transforming j2objc-annotations-3.0.0.jar (com.google.j2objc:j2objc-annotations:3.0.0) with InstrumentationAnalysisTransform
Transforming j2objc-annotations-3.0.0.jar (com.google.j2objc:j2objc-annotations:3.0.0) with MergeInstrumentationAnalysisTransform
Transforming jsr305-3.0.2.jar (com.google.code.findbugs:jsr305:3.0.2) with ExternalDependencyInstrumentingArtifactTransform
Transforming annotations-4.1.1.4.jar (com.google.android:annotations:4.1.1.4) with InstrumentationAnalysisTransform
Transforming annotations-4.1.1.4.jar (com.google.android:annotations:4.1.1.4) with MergeInstrumentationAnalysisTransform
Transforming j2objc-annotations-3.0.0.jar (com.google.j2objc:j2objc-annotations:3.0.0) with ExternalDependencyInstrumentingArtifactTransform
Transforming animal-sniffer-annotations-1.24.jar (org.codehaus.mojo:animal-sniffer-annotations:1.24) with InstrumentationAnalysisTransform
Transforming animal-sniffer-annotations-1.24.jar (org.codehaus.mojo:animal-sniffer-annotations:1.24) with MergeInstrumentationAnalysisTransform
Transforming annotations-4.1.1.4.jar (com.google.android:annotations:4.1.1.4) with ExternalDependencyInstrumentingArtifactTransform
Transforming perfmark-api-0.27.0.jar (io.perfmark:perfmark-api:0.27.0) with InstrumentationAnalysisTransform
Transforming animal-sniffer-annotations-1.24.jar (org.codehaus.mojo:animal-sniffer-annotations:1.24) with ExternalDependencyInstrumentingArtifactTransform
Transforming perfmark-api-0.27.0.jar (io.perfmark:perfmark-api:0.27.0) with MergeInstrumentationAnalysisTransform
Transforming netty-codec-http2-4.1.110.Final.jar (io.netty:netty-codec-http2:4.1.110.Final) with InstrumentationAnalysisTransform
Transforming netty-codec-http2-4.1.110.Final.jar (io.netty:netty-codec-http2:4.1.110.Final) with MergeInstrumentationAnalysisTransform
Transforming perfmark-api-0.27.0.jar (io.perfmark:perfmark-api:0.27.0) with ExternalDependencyInstrumentingArtifactTransform
Transforming netty-handler-proxy-4.1.110.Final.jar (io.netty:netty-handler-proxy:4.1.110.Final) with InstrumentationAnalysisTransform
Transforming netty-handler-proxy-4.1.110.Final.jar (io.netty:netty-handler-proxy:4.1.110.Final) with MergeInstrumentationAnalysisTransform
Transforming netty-codec-http2-4.1.110.Final.jar (io.netty:netty-codec-http2:4.1.110.Final) with ExternalDependencyInstrumentingArtifactTransform
Transforming netty-codec-http-4.1.110.Final.jar (io.netty:netty-codec-http:4.1.110.Final) with InstrumentationAnalysisTransform
Transforming netty-codec-http-4.1.110.Final.jar (io.netty:netty-codec-http:4.1.110.Final) with MergeInstrumentationAnalysisTransform
Transforming netty-handler-proxy-4.1.110.Final.jar (io.netty:netty-handler-proxy:4.1.110.Final) with ExternalDependencyInstrumentingArtifactTransform
Transforming netty-handler-4.1.110.Final.jar (io.netty:netty-handler:4.1.110.Final) with InstrumentationAnalysisTransform
Transforming netty-codec-http-4.1.110.Final.jar (io.netty:netty-codec-http:4.1.110.Final) with ExternalDependencyInstrumentingArtifactTransform
Transforming netty-handler-4.1.110.Final.jar (io.netty:netty-handler:4.1.110.Final) with MergeInstrumentationAnalysisTransform
Transforming netty-transport-native-unix-common-4.1.110.Final.jar (io.netty:netty-transport-native-unix-common:4.1.110.Final) with InstrumentationAnalysisTransform
Transforming netty-transport-native-unix-common-4.1.110.Final.jar (io.netty:netty-transport-native-unix-common:4.1.110.Final) with MergeInstrumentationAnalysisTransform
Transforming checker-qual-3.43.0.jar (org.checkerframework:checker-qual:3.43.0) with InstrumentationAnalysisTransform
Transforming netty-handler-4.1.110.Final.jar (io.netty:netty-handler:4.1.110.Final) with ExternalDependencyInstrumentingArtifactTransform
Transforming checker-qual-3.43.0.jar (org.checkerframework:checker-qual:3.43.0) with MergeInstrumentationAnalysisTransform
Transforming apksig-8.13.1.jar (com.android.tools.build:apksig:8.13.1) with InstrumentationAnalysisTransform
Transforming apksig-8.13.1.jar (com.android.tools.build:apksig:8.13.1) with MergeInstrumentationAnalysisTransform
Transforming javawriter-2.5.0.jar (com.squareup:javawriter:2.5.0) with InstrumentationAnalysisTransform
Transforming netty-transport-native-unix-common-4.1.110.Final.jar (io.netty:netty-transport-native-unix-common:4.1.110.Final) with ExternalDependencyInstrumentingArtifactTransform
Transforming javawriter-2.5.0.jar (com.squareup:javawriter:2.5.0) with MergeInstrumentationAnalysisTransform
Transforming kotlin-gradle-plugin-annotations-1.9.0.jar (org.jetbrains.kotlin:kotlin-gradle-plugin-annotations:1.9.0) with InstrumentationAnalysisTransform
Transforming kotlin-gradle-plugin-annotations-1.9.0.jar (org.jetbrains.kotlin:kotlin-gradle-plugin-annotations:1.9.0) with MergeInstrumentationAnalysisTransform
Transforming kotlin-util-io-1.9.0.jar (org.jetbrains.kotlin:kotlin-util-io:1.9.0) with InstrumentationAnalysisTransform
Transforming checker-qual-3.43.0.jar (org.checkerframework:checker-qual:3.43.0) with ExternalDependencyInstrumentingArtifactTransform
Transforming kotlin-util-io-1.9.0.jar (org.jetbrains.kotlin:kotlin-util-io:1.9.0) with MergeInstrumentationAnalysisTransform
Transforming kotlin-daemon-embeddable-1.9.0.jar (org.jetbrains.kotlin:kotlin-daemon-embeddable:1.9.0) with InstrumentationAnalysisTransform
Transforming kotlin-daemon-embeddable-1.9.0.jar (org.jetbrains.kotlin:kotlin-daemon-embeddable:1.9.0) with MergeInstrumentationAnalysisTransform
Transforming trove4j-1.0.20200330.jar (org.jetbrains.intellij.deps:trove4j:1.0.20200330) with InstrumentationAnalysisTransform
Transforming trove4j-1.0.20200330.jar (org.jetbrains.intellij.deps:trove4j:1.0.20200330) with MergeInstrumentationAnalysisTransform
Transforming apksig-8.13.1.jar (com.android.tools.build:apksig:8.13.1) with ExternalDependencyInstrumentingArtifactTransform
Transforming kotlin-daemon-client-1.9.0.jar (org.jetbrains.kotlin:kotlin-daemon-client:1.9.0) with InstrumentationAnalysisTransform
Transforming kotlin-daemon-client-1.9.0.jar (org.jetbrains.kotlin:kotlin-daemon-client:1.9.0) with MergeInstrumentationAnalysisTransform
Transforming kotlin-scripting-jvm-1.9.0.jar (org.jetbrains.kotlin:kotlin-scripting-jvm:1.9.0) with InstrumentationAnalysisTransform
Transforming kotlin-scripting-jvm-1.9.0.jar (org.jetbrains.kotlin:kotlin-scripting-jvm:1.9.0) with MergeInstrumentationAnalysisTransform
Transforming kotlin-scripting-common-1.9.0.jar (org.jetbrains.kotlin:kotlin-scripting-common:1.9.0) with InstrumentationAnalysisTransform
Transforming kotlin-scripting-common-1.9.0.jar (org.jetbrains.kotlin:kotlin-scripting-common:1.9.0) with MergeInstrumentationAnalysisTransform
Transforming failureaccess-1.0.2.jar (com.google.guava:failureaccess:1.0.2) with InstrumentationAnalysisTransform
Transforming failureaccess-1.0.2.jar (com.google.guava:failureaccess:1.0.2) with MergeInstrumentationAnalysisTransform
Transforming listenablefuture-9999.0-empty-to-avoid-conflict-with-guava.jar (com.google.guava:listenablefuture:9999.0-empty-to-avoid-conflict-with-guava) with InstrumentationAnalysisTransform
Transforming kotlin-daemon-embeddable-1.9.0.jar (org.jetbrains.kotlin:kotlin-daemon-embeddable:1.9.0) with ExternalDependencyInstrumentingArtifactTransform
Transforming kotlin-gradle-plugin-annotations-1.9.0.jar (org.jetbrains.kotlin:kotlin-gradle-plugin-annotations:1.9.0) with ExternalDependencyInstrumentingArtifactTransform
Transforming kotlin-scripting-jvm-1.9.0.jar (org.jetbrains.kotlin:kotlin-scripting-jvm:1.9.0) with ExternalDependencyInstrumentingArtifactTransform
Transforming kotlin-scripting-common-1.9.0.jar (org.jetbrains.kotlin:kotlin-scripting-common:1.9.0) with ExternalDependencyInstrumentingArtifactTransform
Transforming failureaccess-1.0.2.jar (com.google.guava:failureaccess:1.0.2) with ExternalDependencyInstrumentingArtifactTransform
Transforming javawriter-2.5.0.jar (com.squareup:javawriter:2.5.0) with ExternalDependencyInstrumentingArtifactTransform
Transforming kotlin-daemon-client-1.9.0.jar (org.jetbrains.kotlin:kotlin-daemon-client:1.9.0) with ExternalDependencyInstrumentingArtifactTransform
Transforming listenablefuture-9999.0-empty-to-avoid-conflict-with-guava.jar (com.google.guava:listenablefuture:9999.0-empty-to-avoid-conflict-with-guava) with MergeInstrumentationAnalysisTransform
Transforming trove4j-1.0.20200330.jar (org.jetbrains.intellij.deps:trove4j:1.0.20200330) with ExternalDependencyInstrumentingArtifactTransform
Transforming commons-logging-1.2.jar (commons-logging:commons-logging:1.2) with InstrumentationAnalysisTransform
Transforming commons-logging-1.2.jar (commons-logging:commons-logging:1.2) with MergeInstrumentationAnalysisTransform
Transforming commons-codec-1.11.jar (commons-codec:commons-codec:1.11) with InstrumentationAnalysisTransform
Transforming commons-codec-1.11.jar (commons-codec:commons-codec:1.11) with MergeInstrumentationAnalysisTransform
Transforming jna-5.6.0.jar (net.java.dev.jna:jna:5.6.0) with InstrumentationAnalysisTransform
Transforming jna-5.6.0.jar (net.java.dev.jna:jna:5.6.0) with MergeInstrumentationAnalysisTransform
Transforming netty-codec-socks-4.1.110.Final.jar (io.netty:netty-codec-socks:4.1.110.Final) with InstrumentationAnalysisTransform
Transforming netty-codec-socks-4.1.110.Final.jar (io.netty:netty-codec-socks:4.1.110.Final) with MergeInstrumentationAnalysisTransform
Transforming kotlin-util-io-1.9.0.jar (org.jetbrains.kotlin:kotlin-util-io:1.9.0) with ExternalDependencyInstrumentingArtifactTransform
Transforming netty-codec-4.1.110.Final.jar (io.netty:netty-codec:4.1.110.Final) with InstrumentationAnalysisTransform
Transforming netty-codec-4.1.110.Final.jar (io.netty:netty-codec:4.1.110.Final) with MergeInstrumentationAnalysisTransform
Transforming netty-codec-socks-4.1.110.Final.jar (io.netty:netty-codec-socks:4.1.110.Final) with ExternalDependencyInstrumentingArtifactTransform
Transforming netty-codec-4.1.110.Final.jar (io.netty:netty-codec:4.1.110.Final) with ExternalDependencyInstrumentingArtifactTransform
Transforming commons-codec-1.11.jar (commons-codec:commons-codec:1.11) with ExternalDependencyInstrumentingArtifactTransform
Transforming commons-logging-1.2.jar (commons-logging:commons-logging:1.2) with ExternalDependencyInstrumentingArtifactTransform
Transforming listenablefuture-9999.0-empty-to-avoid-conflict-with-guava.jar (com.google.guava:listenablefuture:9999.0-empty-to-avoid-conflict-with-guava) with ExternalDependencyInstrumentingArtifactTransform
Transforming netty-transport-4.1.110.Final.jar (io.netty:netty-transport:4.1.110.Final) with InstrumentationAnalysisTransform
Transforming jna-5.6.0.jar (net.java.dev.jna:jna:5.6.0) with ExternalDependencyInstrumentingArtifactTransform
Transforming netty-transport-4.1.110.Final.jar (io.netty:netty-transport:4.1.110.Final) with MergeInstrumentationAnalysisTransform
Transforming netty-buffer-4.1.110.Final.jar (io.netty:netty-buffer:4.1.110.Final) with InstrumentationAnalysisTransform
Transforming netty-buffer-4.1.110.Final.jar (io.netty:netty-buffer:4.1.110.Final) with MergeInstrumentationAnalysisTransform
Transforming netty-transport-4.1.110.Final.jar (io.netty:netty-transport:4.1.110.Final) with ExternalDependencyInstrumentingArtifactTransform
Transforming netty-resolver-4.1.110.Final.jar (io.netty:netty-resolver:4.1.110.Final) with InstrumentationAnalysisTransform
Transforming netty-resolver-4.1.110.Final.jar (io.netty:netty-resolver:4.1.110.Final) with MergeInstrumentationAnalysisTransform
Transforming netty-common-4.1.110.Final.jar (io.netty:netty-common:4.1.110.Final) with InstrumentationAnalysisTransform
Transforming netty-buffer-4.1.110.Final.jar (io.netty:netty-buffer:4.1.110.Final) with ExternalDependencyInstrumentingArtifactTransform
Transforming netty-common-4.1.110.Final.jar (io.netty:netty-common:4.1.110.Final) with MergeInstrumentationAnalysisTransform
Transforming netty-resolver-4.1.110.Final.jar (io.netty:netty-resolver:4.1.110.Final) with ExternalDependencyInstrumentingArtifactTransform
Transforming netty-common-4.1.110.Final.jar (io.netty:netty-common:4.1.110.Final) with ExternalDependencyInstrumentingArtifactTransform
Using default execution profile
Using Kotlin Gradle Plugin gradle81 variant
All projects evaluated.
Task path ':mic_stream:compileReleaseJavaWithJavac' matched project ':mic_stream'
Task name matched 'compileReleaseJavaWithJavac'
Selected primary task 'compileReleaseJavaWithJavac' from project :mic_stream
Tasks to be executed: [task ':mic_stream:preBuild', task ':mic_stream:preReleaseBuild', task ':mic_stream:generateReleaseResValues', task ':mic_stream:generateReleaseResources', task ':mic_stream:packageReleaseResources', task ':mic_stream:parseReleaseLocalResources', task ':mic_stream:processReleaseManifest', task ':mic_stream:generateReleaseRFile', task ':mic_stream:javaPreCompileRelease', task ':mic_stream:compileReleaseJavaWithJavac']
Tasks that were excluded: []
Resolve mutations for :mic_stream:preBuild (Thread[#532,Execution worker Thread 6,5,main]) started.
:mic_stream:preBuild (Thread[#532,Execution worker Thread 6,5,main]) started.

> Task :mic_stream:preBuild UP-TO-DATE
Skipping task ':mic_stream:preBuild' as it has no actions.
Resolve mutations for :mic_stream:preReleaseBuild (Thread[#532,Execution worker Thread 6,5,main]) started.
:mic_stream:preReleaseBuild (Thread[#532,Execution worker Thread 6,5,main]) started.

> Task :mic_stream:preReleaseBuild UP-TO-DATE
Skipping task ':mic_stream:preReleaseBuild' as it has no actions.
Resolve mutations for :mic_stream:generateReleaseResValues (Thread[#532,Execution worker Thread 6,5,main]) started.
:mic_stream:generateReleaseResValues (Thread[#532,Execution worker Thread 6,5,main]) started.

> Task :mic_stream:generateReleaseResValues UP-TO-DATE
Caching disabled for task ':mic_stream:generateReleaseResValues' because:
  Build cache is disabled
Skipping task ':mic_stream:generateReleaseResValues' as it is up-to-date.
Resolve mutations for :mic_stream:generateReleaseResources (Thread[#532,Execution worker Thread 6,5,main]) started.
:mic_stream:generateReleaseResources (Thread[#532,Execution worker Thread 6,5,main]) started.

> Task :mic_stream:generateReleaseResources UP-TO-DATE
Skipping task ':mic_stream:generateReleaseResources' as it has no actions.
Resolve mutations for :mic_stream:packageReleaseResources (Thread[#532,Execution worker Thread 6,5,main]) started.
:mic_stream:packageReleaseResources (Thread[#532,Execution worker Thread 6,5,main]) started.

> Task :mic_stream:packageReleaseResources UP-TO-DATE
Caching disabled for task ':mic_stream:packageReleaseResources' because:
  Build cache is disabled
Skipping task ':mic_stream:packageReleaseResources' as it is up-to-date.
Resolve mutations for :mic_stream:parseReleaseLocalResources (Thread[#532,Execution worker Thread 6,5,main]) started.
:mic_stream:parseReleaseLocalResources (Thread[#532,Execution worker Thread 6,5,main]) started.

> Task :mic_stream:parseReleaseLocalResources UP-TO-DATE
Transforming android.jar with PlatformAttrTransform
Transforming android.jar with PlatformAttrTransform
Caching disabled for task ':mic_stream:parseReleaseLocalResources' because:
  Build cache is disabled
Skipping task ':mic_stream:parseReleaseLocalResources' as it is up-to-date.
Resolve mutations for :mic_stream:processReleaseManifest (Thread[#532,Execution worker Thread 6,5,main]) started.
:mic_stream:processReleaseManifest (Thread[#532,Execution worker Thread 6,5,main]) started.

> Task :mic_stream:processReleaseManifest UP-TO-DATE
Caching disabled for task ':mic_stream:processReleaseManifest' because:
  Build cache is disabled
Skipping task ':mic_stream:processReleaseManifest' as it is up-to-date.
Resolve mutations for :mic_stream:generateReleaseRFile (Thread[#532,Execution worker Thread 6,5,main]) started.
:mic_stream:generateReleaseRFile (Thread[#532,Execution worker Thread 6,5,main]) started.

> Task :mic_stream:generateReleaseRFile UP-TO-DATE
Transforming android.jar with PlatformAttrTransform
Caching disabled for task ':mic_stream:generateReleaseRFile' because:
  Build cache is disabled
Skipping task ':mic_stream:generateReleaseRFile' as it is up-to-date.
Resolve mutations for :mic_stream:javaPreCompileRelease (Thread[#532,Execution worker Thread 6,5,main]) started.
:mic_stream:javaPreCompileRelease (Thread[#532,Execution worker Thread 6,5,main]) started.

> Task :mic_stream:javaPreCompileRelease UP-TO-DATE
Caching disabled for task ':mic_stream:javaPreCompileRelease' because:
  Build cache is disabled
Skipping task ':mic_stream:javaPreCompileRelease' as it is up-to-date.
Resolve mutations for :mic_stream:compileReleaseJavaWithJavac (Thread[#532,Execution worker Thread 6,5,main]) started.
:mic_stream:compileReleaseJavaWithJavac (Thread[#532,Execution worker Thread 6,5,main]) started.

> Task :mic_stream:compileReleaseJavaWithJavac FAILED
Transforming flutter_embedding_release-1.0.0-3452d735bd38224ef2db85ca763d862d6326b17f.jar (io.flutter:flutter_embedding_release:1.0.0-3452d735bd38224ef2db85ca763d862d6326b17f) with JetifyTransform
Transforming activity-1.8.1.aar (androidx.activity:activity:1.8.1) with JetifyTransform
Transforming lifecycle-livedata-core-ktx-2.7.0.aar (androidx.lifecycle:lifecycle-livedata-core-ktx:2.7.0) with JetifyTransform
Transforming lifecycle-viewmodel-2.7.0.aar (androidx.lifecycle:lifecycle-viewmodel:2.7.0) with JetifyTransform
Transforming loader-1.0.0.aar (androidx.loader:loader:1.0.0) with JetifyTransform
Transforming lifecycle-livedata-2.7.0.aar (androidx.lifecycle:lifecycle-livedata:2.7.0) with JetifyTransform
Transforming lifecycle-viewmodel-2.7.0.aar (androidx.lifecycle:lifecycle-viewmodel:2.7.0) with AarToClassTransform
Transforming lifecycle-livedata-2.7.0.aar (androidx.lifecycle:lifecycle-livedata:2.7.0) with AarToClassTransform
Transforming fragment-1.7.1.aar (androidx.fragment:fragment:1.7.1) with JetifyTransform
Transforming kotlin-stdlib-jdk8-1.9.0.jar (org.jetbrains.kotlin:kotlin-stdlib-jdk8:1.9.0) with JetifyTransform
Transforming fragment-1.7.1.aar (androidx.fragment:fragment:1.7.1) with AarToClassTransform
Transforming lifecycle-livedata-core-2.7.0.aar (androidx.lifecycle:lifecycle-livedata-core:2.7.0) with JetifyTransform
Transforming kotlin-stdlib-jdk8-1.9.0.jar (org.jetbrains.kotlin:kotlin-stdlib-jdk8:1.9.0) with IdentityTransform
Transforming lifecycle-viewmodel-2.7.0.aar (androidx.lifecycle:lifecycle-viewmodel:2.7.0) with JetifyTransform
Transforming lifecycle-viewmodel-savedstate-2.7.0.aar (androidx.lifecycle:lifecycle-viewmodel-savedstate:2.7.0) with JetifyTransform
Transforming lifecycle-viewmodel-2.7.0.aar (androidx.lifecycle:lifecycle-viewmodel:2.7.0) with AarToClassTransform
Transforming kotlin-stdlib-jdk7-1.9.0.jar (org.jetbrains.kotlin:kotlin-stdlib-jdk7:1.9.0) with JetifyTransform
Transforming lifecycle-viewmodel-savedstate-2.7.0.aar (androidx.lifecycle:lifecycle-viewmodel-savedstate:2.7.0) with AarToClassTransform
Transforming kotlin-stdlib-jdk7-1.9.0.jar (org.jetbrains.kotlin:kotlin-stdlib-jdk7:1.9.0) with IdentityTransform
Transforming core-ktx-1.13.1.aar (androidx.core:core-ktx:1.13.1) with JetifyTransform
Transforming kotlin-stdlib-1.9.0.jar (org.jetbrains.kotlin:kotlin-stdlib:1.9.0) with JetifyTransform
Transforming core-ktx-1.13.1.aar (androidx.core:core-ktx:1.13.1) with AarToClassTransform
Transforming kotlin-stdlib-1.9.0.jar (org.jetbrains.kotlin:kotlin-stdlib:1.9.0) with IdentityTransform
Transforming kotlin-stdlib-common-1.9.0.jar (org.jetbrains.kotlin:kotlin-stdlib-common:1.9.0) with JetifyTransform
Transforming loader-1.0.0.aar (androidx.loader:loader:1.0.0) with AarToClassTransform
Transforming lifecycle-livedata-core-ktx-2.7.0.aar (androidx.lifecycle:lifecycle-livedata-core-ktx:2.7.0) with AarToClassTransform
Transforming activity-1.8.1.aar (androidx.activity:activity:1.8.1) with AarToClassTransform
Transforming flutter_embedding_release-1.0.0-3452d735bd38224ef2db85ca763d862d6326b17f.jar (io.flutter:flutter_embedding_release:1.0.0-3452d735bd38224ef2db85ca763d862d6326b17f) with IdentityTransform
Transforming core-1.13.1.aar (androidx.core:core:1.13.1) with JetifyTransform
Transforming kotlin-stdlib-common-1.9.0.jar (org.jetbrains.kotlin:kotlin-stdlib-common:1.9.0) with IdentityTransform
Transforming core-1.13.1.aar (androidx.core:core:1.13.1) with AarToClassTransform
Transforming customview-1.0.0.aar (androidx.customview:customview:1.0.0) with JetifyTransform
Transforming core-1.13.1.aar (androidx.core:core:1.13.1) with JetifyTransform
Transforming customview-1.0.0.aar (androidx.customview:customview:1.0.0) with AarToClassTransform
Transforming core-1.13.1.aar (androidx.core:core:1.13.1) with AarToClassTransform
Transforming lifecycle-runtime-2.7.0.aar (androidx.lifecycle:lifecycle-runtime:2.7.0) with JetifyTransform
Transforming viewpager-1.0.0.aar (androidx.viewpager:viewpager:1.0.0) with JetifyTransform
Transforming lifecycle-runtime-2.7.0.aar (androidx.lifecycle:lifecycle-runtime:2.7.0) with AarToClassTransform
Transforming lifecycle-livedata-core-2.7.0.aar (androidx.lifecycle:lifecycle-livedata-core:2.7.0) with AarToClassTransform
Transforming viewpager-1.0.0.aar (androidx.viewpager:viewpager:1.0.0) with AarToClassTransform
Transforming lifecycle-process-2.7.0.aar (androidx.lifecycle:lifecycle-process:2.7.0) with JetifyTransform
Transforming annotations-23.0.0.jar (org.jetbrains:annotations:23.0.0) with JetifyTransform
Transforming core-1.13.1.aar (androidx.core:core:1.13.1) with JetifyTransform
Transforming annotations-23.0.0.jar (org.jetbrains:annotations:23.0.0) with IdentityTransform
Transforming lifecycle-process-2.7.0.aar (androidx.lifecycle:lifecycle-process:2.7.0) with AarToClassTransform
Transforming core-1.13.1.aar (androidx.core:core:1.13.1) with JetifyTransform
Transforming core-1.13.1.aar (androidx.core:core:1.13.1) with AarToClassTransform
Transforming core-1.13.1.aar (androidx.core:core:1.13.1) with AarToClassTransform
Transforming core-common-2.2.0.jar (androidx.arch.core:core-common:2.2.0) with JetifyTransform
Transforming core-common-2.2.0.jar (androidx.arch.core:core-common:2.2.0) with IdentityTransform
Transforming lifecycle-common-java8-2.7.0.jar (androidx.lifecycle:lifecycle-common-java8:2.7.0) with JetifyTransform
Transforming lifecycle-common-java8-2.7.0.jar (androidx.lifecycle:lifecycle-common-java8:2.7.0) with IdentityTransform
Transforming versionedparcelable-1.1.1.aar (androidx.versionedparcelable:versionedparcelable:1.1.1) with JetifyTransform
Transforming collection-1.1.0.jar (androidx.collection:collection:1.1.0) with JetifyTransform
Transforming savedstate-1.2.1.aar (androidx.savedstate:savedstate:1.2.1) with JetifyTransform
Transforming collection-1.1.0.jar (androidx.collection:collection:1.1.0) with IdentityTransform
Transforming core-runtime-2.2.0.aar (androidx.arch.core:core-runtime:2.2.0) with JetifyTransform
Transforming window-1.2.0.aar (androidx.window:window:1.2.0) with JetifyTransform
Transforming lifecycle-common-2.7.0.jar (androidx.lifecycle:lifecycle-common:2.7.0) with JetifyTransform
Transforming window-1.2.0.aar (androidx.window:window:1.2.0) with AarToClassTransform
Transforming lifecycle-common-2.7.0.jar (androidx.lifecycle:lifecycle-common:2.7.0) with IdentityTransform
Transforming core-runtime-2.2.0.aar (androidx.arch.core:core-runtime:2.2.0) with AarToClassTransform
Transforming savedstate-1.2.1.aar (androidx.savedstate:savedstate:1.2.1) with AarToClassTransform
Transforming annotation-jvm-1.8.1.jar (androidx.annotation:annotation-jvm:1.8.1) with JetifyTransform
Transforming annotation-experimental-1.4.0.aar (androidx.annotation:annotation-experimental:1.4.0) with JetifyTransform
Transforming annotation-jvm-1.8.1.jar (androidx.annotation:annotation-jvm:1.8.1) with IdentityTransform
Transforming annotation-experimental-1.4.0.aar (androidx.annotation:annotation-experimental:1.4.0) with AarToClassTransform
Transforming versionedparcelable-1.1.1.aar (androidx.versionedparcelable:versionedparcelable:1.1.1) with AarToClassTransform
Transforming window-java-1.2.0.aar (androidx.window:window-java:1.2.0) with JetifyTransform
Transforming window-java-1.2.0.aar (androidx.window:window-java:1.2.0) with AarToClassTransform
Transforming startup-runtime-1.1.1.aar (androidx.startup:startup-runtime:1.1.1) with JetifyTransform
Transforming kotlinx-coroutines-android-1.7.1.jar (org.jetbrains.kotlinx:kotlinx-coroutines-android:1.7.1) with JetifyTransform
Transforming startup-runtime-1.1.1.aar (androidx.startup:startup-runtime:1.1.1) with AarToClassTransform
Transforming kotlinx-coroutines-android-1.7.1.jar (org.jetbrains.kotlinx:kotlinx-coroutines-android:1.7.1) with IdentityTransform
Transforming kotlinx-coroutines-core-jvm-1.7.1.jar (org.jetbrains.kotlinx:kotlinx-coroutines-core-jvm:1.7.1) with JetifyTransform
Transforming kotlinx-coroutines-core-jvm-1.7.1.jar (org.jetbrains.kotlinx:kotlinx-coroutines-core-jvm:1.7.1) with IdentityTransform
Transforming relinker-1.4.5.aar (com.getkeepsafe.relinker:relinker:1.4.5) with JetifyTransform
Transforming jspecify-1.0.0.jar (org.jspecify:jspecify:1.0.0) with JetifyTransform
Transforming relinker-1.4.5.aar (com.getkeepsafe.relinker:relinker:1.4.5) with AarToClassTransform
Transforming jspecify-1.0.0.jar (org.jspecify:jspecify:1.0.0) with IdentityTransform
Transforming exifinterface-1.4.1.aar (androidx.exifinterface:exifinterface:1.4.1) with JetifyTransform
Transforming tracing-1.2.0.aar (androidx.tracing:tracing:1.2.0) with JetifyTransform
Transforming tracing-1.2.0.aar (androidx.tracing:tracing:1.2.0) with AarToClassTransform
Transforming exifinterface-1.4.1.aar (androidx.exifinterface:exifinterface:1.4.1) with AarToClassTransform
Transforming core-for-system-modules.jar with JdkImageTransform
Transforming core-for-system-modules.jar with JdkImageTransform
Transforming core-for-system-modules.jar with JdkImageTransform
Transforming core-for-system-modules.jar with JdkImageTransform
Transforming core-for-system-modules.jar with JdkImageTransform
Transforming core-for-system-modules.jar with JdkImageTransform
Custom actions are attached to task ':mic_stream:compileReleaseJavaWithJavac'.
Caching disabled for task ':mic_stream:compileReleaseJavaWithJavac' because:
  Build cache is disabled
Task ':mic_stream:compileReleaseJavaWithJavac' is not up-to-date because:
  Task has failed previously.
The input changes require a full rebuild for incremental task ':mic_stream:compileReleaseJavaWithJavac'.
Compilation mode: in-process compilation
Transforming core-for-system-modules.jar with JdkImageTransform
Full recompilation is required because no incremental change information is available. This is usually caused by clean builds or changing compiler arguments.
Compiling with toolchain '/usr/lib/jvm/java-21-openjdk-amd64'.
file or directory '/home/cookie/.pub-cache/hosted/pub.dev/mic_stream-0.7.2/android/src/release/java', not found
Compiling with JDK Java compiler API.
/home/cookie/.pub-cache/hosted/pub.dev/mic_stream-0.7.2/android/src/main/java/com/code/aaron/micstream/MicStreamPlugin.java:24: error: cannot find symbol
import io.flutter.plugin.common.PluginRegistry.Registrar;
                                              ^
  symbol:   class Registrar
  location: interface PluginRegistry
/home/cookie/.pub-cache/hosted/pub.dev/mic_stream-0.7.2/android/src/main/java/com/code/aaron/micstream/MicStreamPlugin.java:48: error: cannot find symbol
    public void registerWith(Registrar registrar) {
                             ^
  symbol:   class Registrar
  location: class MicStreamPlugin
Note: /home/cookie/.pub-cache/hosted/pub.dev/mic_stream-0.7.2/android/src/main/java/com/code/aaron/micstream/MicStreamPlugin.java uses unchecked or unsafe operations.
Note: Recompile with -Xlint:unchecked for details.
2 errors
Could not execute [report metric STATISTICS_COLLECT_METRICS_OVERHEAD]
Could not execute [report metric STATISTICS_COLLECT_METRICS_OVERHEAD]
Could not execute [report metric STATISTICS_COLLECT_METRICS_OVERHEAD]

FAILURE: Build failed with an exception.

* What went wrong:
Execution failed for task ':mic_stream:compileReleaseJavaWithJavac'.
> Compilation failed; see the compiler error output for details.

* Try:
> Run with --scan to get full insights.

Deprecated Gradle features were used in this build, making it incompatible with Gradle 9.0.

You can use '--warning-mode all' to show the individual deprecation warnings and determine if they come from your own scripts or plugins.

For more on this, please refer to https://docs.gradle.org/8.9/userguide/command_line_interface.html#sec:command_line_warnings in the Gradle documentation.

BUILD FAILED in 6s
12 actionable tasks: 2 executed, 10 up-to-date
